date,province,product,coffee_price,unit,source,source_url,temperature_2m_max,temperature_2m_min,temperature_2m_mean,precipitation_sum,rain_sum,precipitation_hours,relative_humidity_2m_mean,soil_moisture_0_to_7cm,soil_moisture_7_to_28cm,shortwave_radiation_sum
2024-01-13,Đắk Lắk,Cà phê,70600.0,VND/kg,Chợ Giá,https://chogia.vn/gia-ca-phe-dak-lak-hom-nay/,27.9,19.0,22.3,0.0,0.0,0.0,71,0.266,0.301,15.89
2024-01-14,Đắk Lắk,Cà phê,70600.0,VND/kg,Chợ Giá,https://chogia.vn/gia-ca-phe-dak-lak-hom-nay/,27.2,18.6,22.0,0.0,0.0,0.0,70,0.265,0.299,18.18
2024-01-15,Đắk Lắk,Cà phê,70600.0,VND/kg,Chợ Giá,https://chogia.vn/gia-ca-phe-dak-lak-hom-nay/,26.7,18.4,21.8,0.0,0.0,0.0,74,0.263,0.298,15.05
2024-01-16,Đắk Lắk,Cà phê,71400.0,VND/kg,Chợ Giá,https://chogia.vn/gia-ca-phe-dak-lak-hom-nay/,27.9,19.2,22.5,0.0,0.0,0.0,69,0.264,0.297,20.17
2024-01-17,Đắk Lắk,Cà phê,72800.0,VND/kg,Chợ Giá,https://chogia.vn/gia-ca-phe-dak-lak-hom-nay/,27.7,19.8,22.8,0.0,0.0,0.0,73,0.264,0.296,16.24
2024-01-18,Đắk Lắk,Cà phê,72000.0,VND/kg,Chợ Giá,https://chogia.vn/gia-ca-phe-dak-lak-hom-nay/,28.8,20.1,23.5,0.0,0.0,0.0,70,0.263,0.295,20.78
2024-01-19,Đắk Lắk,Cà phê,71100.0,VND/kg,Chợ Giá,https://chogia.vn/gia-ca-phe-dak-lak-hom-nay/,29.5,19.3,23.5,0.0,0.0,0.0,70,0.263,0.293,20.78
2024-01-20,Đắk Lắk,Cà phê,72500.0,VND/kg,Chợ Giá,https://chogia.vn/gia-ca-phe-dak-lak-hom-nay/,29.3,19.1,23.4,0.0,0.0,0.0,69,0.262,0.292,20.67
2024-01-21,Đắk Lắk,Cà phê,72500.0,VND/kg,Chợ Giá,https://chogia.vn/gia-ca-phe-dak-lak-hom-nay/,28.4,18.7,22.8,0.0,0.0,0.0,67,0.269,0.291,21.09
2024-01-22,Đắk Lắk,Cà phê,72900.0,VND/kg,Chợ Giá,https://chogia.vn/gia-ca-phe-dak-lak-hom-nay/,28.9,19.2,23.1,0.0,0.0,0.0,69,0.265,0.29,21.42
2024-01-23,Đắk Lắk,Cà phê,74100.0,VND/kg,Chợ Giá,https://chogia.vn/gia-ca-phe-dak-lak-hom-nay/,28.1,19.5,22.8,0.0,0.0,0.0,72,0.264,0.289,16.44
2024-01-24,Đắk Lắk,Cà phê,74000.0,VND/kg,Chợ Giá,https://chogia.vn/gia-ca-phe-dak-lak-hom-nay/,26.8,19.7,22.4,0.0,0.0,0.0,71,0.262,0.289,17.18
2024-01-25,Đắk Lắk,Cà phê,75000.0,VND/kg,Chợ Giá,https://chogia.vn/gia-ca-phe-dak-lak-hom-nay/,27.9,19.0,22.1,0.0,0.0,0.0,69,0.26,0.288,19.07
2024-01-26,Đắk Lắk,Cà phê,75500.0,VND/kg,Chợ Giá,https://chogia.vn/gia-ca-phe-dak-lak-hom-nay/,26.7,19.1,22.0,0.0,0.0,0.0,71,0.263,0.288,15.5
2024-01-27,Đắk Lắk,Cà phê,76600.0,VND/kg,Chợ Giá,https://chogia.vn/gia-ca-phe-dak-lak-hom-nay/,27.6,18.9,22.1,0.0,0.0,0.0,70,0.264,0.287,19.21
2024-01-28,Đắk Lắk,Cà phê,77100.0,VND/kg,Chợ Giá,https://chogia.vn/gia-ca-phe-dak-lak-hom-nay/,27.2,18.4,22.1,0.0,0.0,0.0,69,0.263,0.287,19.77
2024-01-29,Đắk Lắk,Cà phê,77300.0,VND/kg,Chợ Giá,https://chogia.vn/gia-ca-phe-dak-lak-hom-nay/,27.6,19.3,22.5,0.0,0.0,0.0,72,0.263,0.286,14.28
2024-01-30,Đắk Lắk,Cà phê,77800.0,VND/kg,Chợ Giá,https://chogia.vn/gia-ca-phe-dak-lak-hom-nay/,29.4,18.5,22.9,0.0,0.0,0.0,72,0.264,0.286,21.82
2024-01-31,Đắk Lắk,Cà phê,79200.0,VND/kg,Chợ Giá,https://chogia.vn/gia-ca-phe-dak-lak-hom-nay/,31.1,19.3,24.2,0.0,0.0,0.0,70,0.263,0.285,22.01
2024-02-01,Đắk Lắk,Cà phê,79000.0,VND/kg,Chợ Giá,https://chogia.vn/gia-ca-phe-dak-lak-hom-nay/,31.3,19.9,25.0,0.0,0.0,0.0,66,0.263,0.285,22.13
2024-02-02,Đắk Lắk,Cà phê,79000.0,VND/kg,Chợ Giá,https://chogia.vn/gia-ca-phe-dak-lak-hom-nay/,32.7,19.8,25.4,0.0,0.0,0.0,62,0.261,0.284,21.95
2024-02-03,Đắk Lắk,Cà phê,78600.0,VND/kg,Chợ Giá,https://chogia.vn/gia-ca-phe-dak-lak-hom-nay/,32.1,19.8,25.1,0.0,0.0,0.0,59,0.258,0.284,23.02
2024-02-04,Đắk Lắk,Cà phê,78600.0,VND/kg,Chợ Giá,https://chogia.vn/gia-ca-phe-dak-lak-hom-nay/,32.7,19.0,25.7,0.0,0.0,0.0,64,0.259,0.283,22.61
2024-02-05,Đắk Lắk,Cà phê,78600.0,VND/kg,Chợ Giá,https://chogia.vn/gia-ca-phe-dak-lak-hom-nay/,33.7,21.5,26.6,0.0,0.0,0.0,61,0.261,0.283,22.45
2024-02-06,Đắk Lắk,Cà phê,78600.0,VND/kg,Chợ Giá,https://chogia.vn/gia-ca-phe-dak-lak-hom-nay/,33.1,20.5,25.9,0.0,0.0,0.0,65,0.271,0.282,22.91
2024-02-07,Đắk Lắk,Cà phê,78400.0,VND/kg,Chợ Giá,https://chogia.vn/gia-ca-phe-dak-lak-hom-nay/,33.0,20.3,26.3,0.0,0.0,0.0,66,0.275,0.282,22.15
2024-02-08,Đắk Lắk,Cà phê,78400.0,VND/kg,Chợ Giá,https://chogia.vn/gia-ca-phe-dak-lak-hom-nay/,33.2,21.4,26.6,0.0,0.0,0.0,66,0.273,0.282,21.66
2024-02-09,Đắk Lắk,Cà phê,78400.0,VND/kg,Chợ Giá,https://chogia.vn/gia-ca-phe-dak-lak-hom-nay/,31.1,21.5,25.0,0.0,0.0,0.0,69,0.272,0.281,21.59
2024-02-10,Đắk Lắk,Cà phê,78400.0,VND/kg,Chợ Giá,https://chogia.vn/gia-ca-phe-dak-lak-hom-nay/,29.2,20.6,23.6,0.0,0.0,0.0,70,0.269,0.281,18.51
2024-02-11,Đắk Lắk,Cà phê,78400.0,VND/kg,Chợ Giá,https://chogia.vn/gia-ca-phe-dak-lak-hom-nay/,27.4,19.2,22.6,0.0,0.0,0.0,69,0.268,0.281,15.89
2024-02-12,Đắk Lắk,Cà phê,78400.0,VND/kg,Chợ Giá,https://chogia.vn/gia-ca-phe-dak-lak-hom-nay/,27.8,18.4,22.3,0.0,0.0,0.0,67,0.259,0.281,21.96
2024-02-13,Đắk Lắk,Cà phê,78400.0,VND/kg,Chợ Giá,https://chogia.vn/gia-ca-phe-dak-lak-hom-nay/,28.7,18.8,22.9,0.0,0.0,0.0,71,0.256,0.281,22.4
2024-02-14,Đắk Lắk,Cà phê,78400.0,VND/kg,Chợ Giá,https://chogia.vn/gia-ca-phe-dak-lak-hom-nay/,30.9,20.6,24.4,0.0,0.0,0.0,71,0.255,0.281,21.7
2024-02-15,Đắk Lắk,Cà phê,78400.0,VND/kg,Chợ Giá,https://chogia.vn/gia-ca-phe-dak-lak-hom-nay/,31.8,20.5,25.0,0.0,0.0,0.0,69,0.253,0.281,23.31
2024-02-16,Đắk Lắk,Cà phê,78400.0,VND/kg,Chợ Giá,https://chogia.vn/gia-ca-phe-dak-lak-hom-nay/,29.8,20.3,24.0,0.0,0.0,0.0,69,0.255,0.281,22.69
2024-02-17,Đắk Lắk,Cà phê,78400.0,VND/kg,Chợ Giá,https://chogia.vn/gia-ca-phe-dak-lak-hom-nay/,32.0,19.8,24.7,0.0,0.0,0.0,67,0.256,0.28,24.17
2024-02-18,Đắk Lắk,Cà phê,78400.0,VND/kg,Chợ Giá,https://chogia.vn/gia-ca-phe-dak-lak-hom-nay/,33.1,19.9,26.2,0.0,0.0,0.0,64,0.256,0.28,23.08
2024-02-19,Đắk Lắk,Cà phê,78400.0,VND/kg,Chợ Giá,https://chogia.vn/gia-ca-phe-dak-lak-hom-nay/,35.0,21.4,27.4,0.0,0.0,0.0,59,0.25,0.28,21.87
2024-02-20,Đắk Lắk,Cà phê,78400.0,VND/kg,Chợ Giá,https://chogia.vn/gia-ca-phe-dak-lak-hom-nay/,34.6,21.6,27.7,0.0,0.0,0.0,58,0.251,0.28,22.09
2024-02-21,Đắk Lắk,Cà phê,78400.0,VND/kg,Chợ Giá,https://chogia.vn/gia-ca-phe-dak-lak-hom-nay/,34.5,22.1,27.8,0.0,0.0,0.0,61,0.254,0.28,22.96
2024-02-22,Đắk Lắk,Cà phê,78400.0,VND/kg,Chợ Giá,https://chogia.vn/gia-ca-phe-dak-lak-hom-nay/,34.7,21.9,27.6,0.4,0.4,2.0,60,0.26,0.28,22.91
2024-02-23,Đắk Lắk,Cà phê,78400.0,VND/kg,Chợ Giá,https://chogia.vn/gia-ca-phe-dak-lak-hom-nay/,34.2,21.3,27.0,0.0,0.0,0.0,62,0.256,0.28,24.35
2024-02-24,Đắk Lắk,Cà phê,78400.0,VND/kg,Chợ Giá,https://chogia.vn/gia-ca-phe-dak-lak-hom-nay/,31.8,21.1,25.4,0.0,0.0,0.0,64,0.258,0.279,24.11
2024-02-25,Đắk Lắk,Cà phê,78400.0,VND/kg,Chợ Giá,https://chogia.vn/gia-ca-phe-dak-lak-hom-nay/,31.2,20.0,24.5,0.0,0.0,0.0,67,0.255,0.279,21.81
2024-02-26,Đắk Lắk,Cà phê,78400.0,VND/kg,Chợ Giá,https://chogia.vn/gia-ca-phe-dak-lak-hom-nay/,31.5,19.6,24.5,0.0,0.0,0.0,69,0.245,0.279,22.68
2024-02-27,Đắk Lắk,Cà phê,78400.0,VND/kg,Chợ Giá,https://chogia.vn/gia-ca-phe-dak-lak-hom-nay/,30.6,21.9,25.1,0.5,0.5,3.0,72,0.251,0.279,19.34
2024-02-28,Đắk Lắk,Cà phê,78400.0,VND/kg,Chợ Giá,https://chogia.vn/gia-ca-phe-dak-lak-hom-nay/,30.8,21.3,24.9,0.0,0.0,0.0,68,0.253,0.279,19.79
2024-02-29,Đắk Lắk,Cà phê,78400.0,VND/kg,Chợ Giá,https://chogia.vn/gia-ca-phe-dak-lak-hom-nay/,33.1,21.1,25.8,0.0,0.0,0.0,65,0.248,0.279,23.89
2024-03-01,Đắk Lắk,Cà phê,78400.0,VND/kg,Chợ Giá,https://chogia.vn/gia-ca-phe-dak-lak-hom-nay/,31.3,21.2,25.0,0.0,0.0,0.0,69,0.246,0.279,21.36
2024-03-02,Đắk Lắk,Cà phê,78400.0,VND/kg,Chợ Giá,https://chogia.vn/gia-ca-phe-dak-lak-hom-nay/,30.2,21.0,24.4,0.0,0.0,0.0,68,0.251,0.279,20.26
2024-03-03,Đắk Lắk,Cà phê,78400.0,VND/kg,Chợ Giá,https://chogia.vn/gia-ca-phe-dak-lak-hom-nay/,30.5,20.8,24.8,0.0,0.0,0.0,69,0.255,0.279,18.95
2024-03-04,Đắk Lắk,Cà phê,78400.0,VND/kg,Chợ Giá,https://chogia.vn/gia-ca-phe-dak-lak-hom-nay/,34.2,20.7,26.9,0.0,0.0,0.0,63,0.253,0.279,24.17
2024-03-05,Đắk Lắk,Cà phê,78400.0,VND/kg,Chợ Giá,https://chogia.vn/gia-ca-phe-dak-lak-hom-nay/,35.6,21.9,28.5,0.0,0.0,0.0,58,0.254,0.279,24.37
2024-03-06,Đắk Lắk,Cà phê,78400.0,VND/kg,Chợ Giá,https://chogia.vn/gia-ca-phe-dak-lak-hom-nay/,36.2,23.2,29.4,0.0,0.0,0.0,57,0.252,0.279,24.21
2024-03-07,Đắk Lắk,Cà phê,78400.0,VND/kg,Chợ Giá,https://chogia.vn/gia-ca-phe-dak-lak-hom-nay/,36.4,23.3,28.7,0.1,0.1,1.0,59,0.256,0.279,23.86
2024-03-08,Đắk Lắk,Cà phê,78400.0,VND/kg,Chợ Giá,https://chogia.vn/gia-ca-phe-dak-lak-hom-nay/,32.3,21.2,25.8,0.0,0.0,0.0,63,0.257,0.279,24.95
2024-03-09,Đắk Lắk,Cà phê,78400.0,VND/kg,Chợ Giá,https://chogia.vn/gia-ca-phe-dak-lak-hom-nay/,32.1,20.8,25.6,0.0,0.0,0.0,64,0.266,0.279,23.93
2024-03-10,Đắk Lắk,Cà phê,78400.0,VND/kg,Chợ Giá,https://chogia.vn/gia-ca-phe-dak-lak-hom-nay/,32.5,21.2,25.9,0.0,0.0,0.0,66,0.271,0.279,22.86
2024-03-11,Đắk Lắk,Cà phê,78400.0,VND/kg,Chợ Giá,https://chogia.vn/gia-ca-phe-dak-lak-hom-nay/,31.8,21.4,25.7,0.0,0.0,0.0,69,0.27,0.279,21.11
2024-03-12,Đắk Lắk,Cà phê,78400.0,VND/kg,Chợ Giá,https://chogia.vn/gia-ca-phe-dak-lak-hom-nay/,32.0,21.8,25.8,0.0,0.0,0.0,65,0.28,0.279,20.74
2024-03-13,Đắk Lắk,Cà phê,78400.0,VND/kg,Chợ Giá,https://chogia.vn/gia-ca-phe-dak-lak-hom-nay/,33.3,21.0,26.2,0.0,0.0,0.0,64,0.282,0.279,24.77
2024-03-14,Đắk Lắk,Cà phê,78400.0,VND/kg,Chợ Giá,https://chogia.vn/gia-ca-phe-dak-lak-hom-nay/,33.9,20.6,26.7,0.0,0.0,0.0,61,0.283,0.279,25.5
2024-03-15,Đắk Lắk,Cà phê,78400.0,VND/kg,Chợ Giá,https://chogia.vn/gia-ca-phe-dak-lak-hom-nay/,35.7,20.6,26.9,0.0,0.0,0.0,58,0.276,0.279,26.19
2024-03-16,Đắk Lắk,Cà phê,78400.0,VND/kg,Chợ Giá,https://chogia.vn/gia-ca-phe-dak-lak-hom-nay/,34.6,21.2,27.1,0.0,0.0,0.0,59,0.272,0.279,25.57
2024-03-17,Đắk Lắk,Cà phê,78400.0,VND/kg,Chợ Giá,https://chogia.vn/gia-ca-phe-dak-lak-hom-nay/,34.6,21.0,27.2,0.0,0.0,0.0,58,0.279,0.279,25.85
2024-03-18,Đắk Lắk,Cà phê,78400.0,VND/kg,Chợ Giá,https://chogia.vn/gia-ca-phe-dak-lak-hom-nay/,34.4,21.6,27.3,0.0,0.0,0.0,58,0.273,0.279,25.97
2024-03-19,Đắk Lắk,Cà phê,78400.0,VND/kg,Chợ Giá,https://chogia.vn/gia-ca-phe-dak-lak-hom-nay/,33.1,19.6,26.1,0.0,0.0,0.0,62,0.272,0.279,24.95
2024-03-20,Đắk Lắk,Cà phê,78400.0,VND/kg,Chợ Giá,https://chogia.vn/gia-ca-phe-dak-lak-hom-nay/,30.8,21.6,25.2,0.1,0.1,1.0,70,0.275,0.279,22.68
2024-03-21,Đắk Lắk,Cà phê,78400.0,VND/kg,Chợ Giá,https://chogia.vn/gia-ca-phe-dak-lak-hom-nay/,31.5,22.1,25.4,0.0,0.0,0.0,68,0.268,0.279,18.61
2024-03-22,Đắk Lắk,Cà phê,78400.0,VND/kg,Chợ Giá,https://chogia.vn/gia-ca-phe-dak-lak-hom-nay/,34.4,20.5,26.8,0.0,0.0,0.0,60,0.267,0.279,26.12
2024-03-23,Đắk Lắk,Cà phê,78400.0,VND/kg,Chợ Giá,https://chogia.vn/gia-ca-phe-dak-lak-hom-nay/,35.6,21.1,27.4,0.0,0.0,0.0,61,0.266,0.279,23.9
2024-03-24,Đắk Lắk,Cà phê,78400.0,VND/kg,Chợ Giá,https://chogia.vn/gia-ca-phe-dak-lak-hom-nay/,35.6,21.8,28.2,0.1,0.1,1.0,61,0.268,0.279,24.11
2024-03-25,Đắk Lắk,Cà phê,78400.0,VND/kg,Chợ Giá,https://chogia.vn/gia-ca-phe-dak-lak-hom-nay/,35.8,23.2,28.5,0.0,0.0,0.0,61,0.268,0.279,25.38
2024-03-26,Đắk Lắk,Cà phê,78400.0,VND/kg,Chợ Giá,https://chogia.vn/gia-ca-phe-dak-lak-hom-nay/,34.5,21.3,27.5,0.0,0.0,0.0,60,0.275,0.279,26.24
2024-03-27,Đắk Lắk,Cà phê,78400.0,VND/kg,Chợ Giá,https://chogia.vn/gia-ca-phe-dak-lak-hom-nay/,34.9,22.9,27.7,1.0,1.0,3.0,65,0.272,0.279,23.47
2024-03-28,Đắk Lắk,Cà phê,78400.0,VND/kg,Chợ Giá,https://chogia.vn/gia-ca-phe-dak-lak-hom-nay/,33.8,23.1,26.9,6.2,6.2,5.0,71,0.296,0.279,17.83
2024-03-29,Đắk Lắk,Cà phê,78400.0,VND/kg,Chợ Giá,https://chogia.vn/gia-ca-phe-dak-lak-hom-nay/,35.3,23.5,28.7,0.0,0.0,0.0,61,0.285,0.279,20.98
2024-03-30,Đắk Lắk,Cà phê,78400.0,VND/kg,Chợ Giá,https://chogia.vn/gia-ca-phe-dak-lak-hom-nay/,36.0,23.0,28.6,0.3,0.3,2.0,63,0.283,0.279,24.02
2024-03-31,Đắk Lắk,Cà phê,78400.0,VND/kg,Chợ Giá,https://chogia.vn/gia-ca-phe-dak-lak-hom-nay/,35.4,24.2,28.6,1.0,1.0,5.0,64,0.278,0.279,21.04
2024-04-01,Đắk Lắk,Cà phê,78400.0,VND/kg,Chợ Giá,https://chogia.vn/gia-ca-phe-dak-lak-hom-nay/,36.0,24.2,28.6,2.3,2.3,3.0,67,0.279,0.279,22.31
2024-04-02,Đắk Lắk,Cà phê,78400.0,VND/kg,Chợ Giá,https://chogia.vn/gia-ca-phe-dak-lak-hom-nay/,36.0,24.5,28.7,0.9,0.9,3.0,69,0.286,0.273,22.82
2024-04-03,Đắk Lắk,Cà phê,78400.0,VND/kg,Chợ Giá,https://chogia.vn/gia-ca-phe-dak-lak-hom-nay/,35.7,24.3,29.3,0.2,0.2,2.0,64,0.28,0.27,21.51
2024-04-04,Đắk Lắk,Cà phê,78400.0,VND/kg,Chợ Giá,https://chogia.vn/gia-ca-phe-dak-lak-hom-nay/,35.8,24.5,30.1,0.0,0.0,0.0,58,0.28,0.27,23.13
2024-04-05,Đắk Lắk,Cà phê,78400.0,VND/kg,Chợ Giá,https://chogia.vn/gia-ca-phe-dak-lak-hom-nay/,37.8,25.1,30.3,0.1,0.1,1.0,58,0.279,0.27,25.41
2024-04-06,Đắk Lắk,Cà phê,78400.0,VND/kg,Chợ Giá,https://chogia.vn/gia-ca-phe-dak-lak-hom-nay/,37.8,22.1,29.1,0.0,0.0,0.0,54,0.276,0.27,26.91
2024-04-07,Đắk Lắk,Cà phê,78400.0,VND/kg,Chợ Giá,https://chogia.vn/gia-ca-phe-dak-lak-hom-nay/,37.1,22.7,29.3,0.0,0.0,0.0,57,0.271,0.27,25.8
2024-04-08,Đắk Lắk,Cà phê,78400.0,VND/kg,Chợ Giá,https://chogia.vn/gia-ca-phe-dak-lak-hom-nay/,39.1,24.1,30.2,0.0,0.0,0.0,55,0.27,0.27,25.88
2024-04-09,Đắk Lắk,Cà phê,78400.0,VND/kg,Chợ Giá,https://chogia.vn/gia-ca-phe-dak-lak-hom-nay/,35.2,22.7,28.0,0.0,0.0,0.0,59,0.263,0.271,26.61
2024-04-10,Đắk Lắk,Cà phê,78400.0,VND/kg,Chợ Giá,https://chogia.vn/gia-ca-phe-dak-lak-hom-nay/,34.3,22.7,27.5,0.0,0.0,0.0,62,0.259,0.271,26.13
2024-04-11,Đắk Lắk,Cà phê,78400.0,VND/kg,Chợ Giá,https://chogia.vn/gia-ca-phe-dak-lak-hom-nay/,34.6,22.6,27.6,0.0,0.0,0.0,61,0.258,0.271,26.45
2024-04-12,Đắk Lắk,Cà phê,78400.0,VND/kg,Chợ Giá,https://chogia.vn/gia-ca-phe-dak-lak-hom-nay/,35.0,23.2,28.2,0.1,0.1,1.0,62,0.257,0.271,24.03
2024-04-13,Đắk Lắk,Cà phê,78400.0,VND/kg,Chợ Giá,https://chogia.vn/gia-ca-phe-dak-lak-hom-nay/,36.9,23.6,29.4,0.0,0.0,0.0,57,0.258,0.271,26.49
2024-04-14,Đắk Lắk,Cà phê,78400.0,VND/kg,Chợ Giá,https://chogia.vn/gia-ca-phe-dak-lak-hom-nay/,37.3,22.8,29.6,0.0,0.0,0.0,52,0.253,0.271,26.2
2024-04-15,Đắk Lắk,Cà phê,78400.0,VND/kg,Chợ Giá,https://chogia.vn/gia-ca-phe-dak-lak-hom-nay/,37.6,23.1,29.7,0.0,0.0,0.0,52,0.255,0.271,26.61
2024-04-16,Đắk Lắk,Cà phê,78400.0,VND/kg,Chợ Giá,https://chogia.vn/gia-ca-phe-dak-lak-hom-nay/,37.4,22.8,29.3,0.0,0.0,0.0,57,0.25,0.271,26.71
2024-04-17,Đắk Lắk,Cà phê,78400.0,VND/kg,Chợ Giá,https://chogia.vn/gia-ca-phe-dak-lak-hom-nay/,36.5,23.7,29.6,0.0,0.0,0.0,55,0.245,0.271,24.97
2024-04-18,Đắk Lắk,Cà phê,122000.0,VND/kg,Chợ Giá,https://chogia.vn/gia-ca-phe-dak-lak-hom-nay/,35.8,24.4,29.3,0.7,0.7,6.0,60,0.247,0.271,22.62
2024-04-19,Đắk Lắk,Cà phê,121000.0,VND/kg,Chợ Giá,https://chogia.vn/gia-ca-phe-dak-lak-hom-nay/,36.4,24.5,29.5,0.5,0.5,2.0,61,0.253,0.271,23.75
2024-04-20,Đắk Lắk,Cà phê,123500.0,VND/kg,Chợ Giá,https://chogia.vn/gia-ca-phe-dak-lak-hom-nay/,35.8,24.6,29.2,0.8,0.8,4.0,62,0.266,0.271,22.42
2024-04-21,Đắk Lắk,Cà phê,123500.0,VND/kg,Chợ Giá,https://chogia.vn/gia-ca-phe-dak-lak-hom-nay/,35.6,25.1,29.6,0.9,0.9,3.0,62,0.275,0.271,22.22
2024-04-22,Đắk Lắk,Cà phê,127000.0,VND/kg,Chợ Giá,https://chogia.vn/gia-ca-phe-dak-lak-hom-nay/,36.2,25.2,30.1,0.0,0.0,0.0,60,0.276,0.271,24.14
2024-04-23,Đắk Lắk,Cà phê,129000.0,VND/kg,Chợ Giá,https://chogia.vn/gia-ca-phe-dak-lak-hom-nay/,36.6,25.3,30.0,1.4,1.4,2.0,62,0.28,0.271,22.51
2024-04-24,Đắk Lắk,Cà phê,129300.0,VND/kg,Chợ Giá,https://chogia.vn/gia-ca-phe-dak-lak-hom-nay/,37.7,25.8,31.2,0.4,0.4,2.0,58,0.28,0.271,24.9
2024-04-25,Đắk Lắk,Cà phê,132000.0,VND/kg,Chợ Giá,https://chogia.vn/gia-ca-phe-dak-lak-hom-nay/,36.5,26.0,30.4,0.5,0.5,1.0,61,0.28,0.271,22.94
2024-04-26,Đắk Lắk,Cà phê,134000.0,VND/kg,Chợ Giá,https://chogia.vn/gia-ca-phe-dak-lak-hom-nay/,36.5,25.9,30.1,0.2,0.2,1.0,62,0.278,0.271,20.98
2024-04-27,Đắk Lắk,Cà phê,131500.0,VND/kg,Chợ Giá,https://chogia.vn/gia-ca-phe-dak-lak-hom-nay/,37.5,25.5,31.3,0.0,0.0,0.0,57,0.274,0.271,24.69
2024-04-28,Đắk Lắk,Cà phê,134000.0,VND/kg,Chợ Giá,https://chogia.vn/gia-ca-phe-dak-lak-hom-nay/,36.6,26.6,31.0,0.3,0.3,1.0,56,0.274,0.272,23.1
2024-04-29,Đắk Lắk,Cà phê,134000.0,VND/kg,Chợ Giá,https://chogia.vn/gia-ca-phe-dak-lak-hom-nay/,37.0,26.2,31.4,0.0,0.0,0.0,52,0.274,0.272,24.5
2024-04-30,Đắk Lắk,Cà phê,134200.0,VND/kg,Chợ Giá,https://chogia.vn/gia-ca-phe-dak-lak-hom-nay/,38.1,25.5,31.7,0.0,0.0,0.0,51,0.271,0.272,25.61
2024-05-01,Đắk Lắk,Cà phê,133000.0,VND/kg,Chợ Giá,https://chogia.vn/gia-ca-phe-dak-lak-hom-nay/,37.2,26.3,31.0,0.3,0.3,1.0,58,0.272,0.272,23.4
2024-05-02,Đắk Lắk,Cà phê,130500.0,VND/kg,Chợ Giá,https://chogia.vn/gia-ca-phe-dak-lak-hom-nay/,35.8,25.9,29.7,3.0,3.0,6.0,64,0.302,0.272,22.75
2024-05-03,Đắk Lắk,Cà phê,118000.0,VND/kg,Chợ Giá,https://chogia.vn/gia-ca-phe-dak-lak-hom-nay/,34.9,24.2,28.2,0.9,0.9,5.0,73,0.355,0.273,20.02
2024-05-04,Đắk Lắk,Cà phê,103000.0,VND/kg,Chợ Giá,https://chogia.vn/gia-ca-phe-dak-lak-hom-nay/,33.9,23.8,27.1,1.4,1.4,4.0,78,0.358,0.274,19.41
2024-05-05,Đắk Lắk,Cà phê,101000.0,VND/kg,Chợ Giá,https://chogia.vn/gia-ca-phe-dak-lak-hom-nay/,32.5,23.7,27.3,3.7,3.7,2.0,76,0.407,0.28,18.26
2024-05-06,Đắk Lắk,Cà phê,100000.0,VND/kg,Chợ Giá,https://chogia.vn/gia-ca-phe-dak-lak-hom-nay/,34.4,23.8,28.7,0.0,0.0,0.0,64,0.37,0.282,25.97
2024-05-07,Đắk Lắk,Cà phê,100000.0,VND/kg,Chợ Giá,https://chogia.vn/gia-ca-phe-dak-lak-hom-nay/,33.4,24.2,28.3,0.6,0.6,5.0,67,0.342,0.283,23.26
2024-05-08,Đắk Lắk,Cà phê,95000.0,VND/kg,Chợ Giá,https://chogia.vn/gia-ca-phe-dak-lak-hom-nay/,33.9,23.6,28.2,0.1,0.1,1.0,69,0.324,0.281,24.87
2024-05-09,Đắk Lắk,Cà phê,98000.0,VND/kg,Chợ Giá,https://chogia.vn/gia-ca-phe-dak-lak-hom-nay/,34.2,24.7,28.3,1.8,1.8,3.0,68,0.312,0.279,23.29
2024-05-10,Đắk Lắk,Cà phê,99000.0,VND/kg,Chợ Giá,https://chogia.vn/gia-ca-phe-dak-lak-hom-nay/,35.2,24.4,29.2,0.0,0.0,0.0,63,0.299,0.279,26.33
2024-05-11,Đắk Lắk,Cà phê,99500.0,VND/kg,Chợ Giá,https://chogia.vn/gia-ca-phe-dak-lak-hom-nay/,36.4,24.9,29.9,0.0,0.0,0.0,60,0.286,0.278,25.43
2024-05-12,Đắk Lắk,Cà phê,101000.0,VND/kg,Chợ Giá,https://chogia.vn/gia-ca-phe-dak-lak-hom-nay/,36.6,24.8,30.2,0.2,0.2,2.0,61,0.278,0.278,25.25
2024-05-13,Đắk Lắk,Cà phê,101000.0,VND/kg,Chợ Giá,https://chogia.vn/gia-ca-phe-dak-lak-hom-nay/,37.7,24.6,30.3,0.1,0.1,1.0,59,0.274,0.278,26.47
2024-05-14,Đắk Lắk,Cà phê,100800.0,VND/kg,Chợ Giá,https://chogia.vn/gia-ca-phe-dak-lak-hom-nay/,35.6,24.2,29.1,6.0,6.0,4.0,66,0.279,0.278,23.37
2024-05-15,Đắk Lắk,Cà phê,102000.0,VND/kg,Chợ Giá,https://chogia.vn/gia-ca-phe-dak-lak-hom-nay/,36.0,25.1,28.6,4.9,4.9,9.0,71,0.284,0.278,23.94
2024-05-16,Đắk Lắk,Cà phê,101500.0,VND/kg,Chợ Giá,https://chogia.vn/gia-ca-phe-dak-lak-hom-nay/,34.5,24.3,28.4,1.0,1.0,5.0,72,0.345,0.283,23.26
2024-05-17,Đắk Lắk,Cà phê,102400.0,VND/kg,Chợ Giá,https://chogia.vn/gia-ca-phe-dak-lak-hom-nay/,33.4,24.2,27.0,20.3,20.3,11.0,81,0.449,0.325,20.21
2024-05-18,Đắk Lắk,Cà phê,103900.0,VND/kg,Chợ Giá,https://chogia.vn/gia-ca-phe-dak-lak-hom-nay/,31.8,24.0,26.6,16.3,16.3,7.0,84,0.459,0.378,21.39
2024-05-19,Đắk Lắk,Cà phê,103900.0,VND/kg,Chợ Giá,https://chogia.vn/gia-ca-phe-dak-lak-hom-nay/,29.0,24.4,26.1,3.0,3.0,7.0,86,0.473,0.407,10.68
2024-05-20,Đắk Lắk,Cà phê,104000.0,VND/kg,Chợ Giá,https://chogia.vn/gia-ca-phe-dak-lak-hom-nay/,31.5,24.2,27.0,3.9,3.9,4.0,79,0.461,0.433,19.1
2024-05-21,Đắk Lắk,Cà phê,105600.0,VND/kg,Chợ Giá,https://chogia.vn/gia-ca-phe-dak-lak-hom-nay/,27.3,24.3,25.7,1.7,1.7,9.0,85,0.445,0.426,10.21
2024-05-22,Đắk Lắk,Cà phê,110000.0,VND/kg,Chợ Giá,https://chogia.vn/gia-ca-phe-dak-lak-hom-nay/,32.3,24.0,27.0,7.4,7.4,9.0,80,0.417,0.412,22.74
2024-05-23,Đắk Lắk,Cà phê,117000.0,VND/kg,Chợ Giá,https://chogia.vn/gia-ca-phe-dak-lak-hom-nay/,30.9,23.4,26.1,15.7,15.7,12.0,85,0.45,0.413,19.55
2024-05-24,Đắk Lắk,Cà phê,114000.0,VND/kg,Chợ Giá,https://chogia.vn/gia-ca-phe-dak-lak-hom-nay/,32.7,22.8,27.1,3.7,3.7,8.0,79,0.465,0.446,24.48
2024-05-25,Đắk Lắk,Cà phê,115500.0,VND/kg,Chợ Giá,https://chogia.vn/gia-ca-phe-dak-lak-hom-nay/,32.7,23.9,27.9,1.2,1.2,6.0,79,0.434,0.425,23.94
2024-05-26,Đắk Lắk,Cà phê,115500.0,VND/kg,Chợ Giá,https://chogia.vn/gia-ca-phe-dak-lak-hom-nay/,32.8,23.0,27.5,0.6,0.6,3.0,77,0.413,0.411,24.57
2024-05-27,Đắk Lắk,Cà phê,116200.0,VND/kg,Chợ Giá,https://chogia.vn/gia-ca-phe-dak-lak-hom-nay/,33.1,23.9,28.1,1.0,1.0,8.0,76,0.406,0.399,24.31
2024-05-28,Đắk Lắk,Cà phê,116700.0,VND/kg,Chợ Giá,https://chogia.vn/gia-ca-phe-dak-lak-hom-nay/,31.6,23.6,26.8,6.6,6.6,9.0,83,0.406,0.39,19.96
2024-05-29,Đắk Lắk,Cà phê,120700.0,VND/kg,Chợ Giá,https://chogia.vn/gia-ca-phe-dak-lak-hom-nay/,30.6,24.6,26.7,7.8,7.8,9.0,83,0.411,0.384,15.78
2024-05-30,Đắk Lắk,Cà phê,122700.0,VND/kg,Chợ Giá,https://chogia.vn/gia-ca-phe-dak-lak-hom-nay/,31.1,23.4,26.1,13.5,13.5,12.0,83,0.442,0.384,14.19
2024-05-31,Đắk Lắk,Cà phê,123500.0,VND/kg,Chợ Giá,https://chogia.vn/gia-ca-phe-dak-lak-hom-nay/,31.0,23.3,26.5,0.3,0.3,3.0,79,0.453,0.399,18.71
2024-06-01,Đắk Lắk,Cà phê,120000.0,VND/kg,Chợ Giá,https://chogia.vn/gia-ca-phe-dak-lak-hom-nay/,32.5,23.6,26.9,1.8,1.8,7.0,77,0.434,0.397,21.19
2024-06-02,Đắk Lắk,Cà phê,120000.0,VND/kg,Chợ Giá,https://chogia.vn/gia-ca-phe-dak-lak-hom-nay/,31.6,23.3,26.8,0.4,0.4,4.0,79,0.446,0.402,19.76
2024-06-03,Đắk Lắk,Cà phê,120000.0,VND/kg,Chợ Giá,https://chogia.vn/gia-ca-phe-dak-lak-hom-nay/,32.2,23.7,26.7,6.0,6.0,9.0,79,0.42,0.395,21.2
2024-06-04,Đắk Lắk,Cà phê,123000.0,VND/kg,Chợ Giá,https://chogia.vn/gia-ca-phe-dak-lak-hom-nay/,33.8,23.9,28.0,0.3,0.3,1.0,73,0.393,0.385,24.38
2024-06-05,Đắk Lắk,Cà phê,124500.0,VND/kg,Chợ Giá,https://chogia.vn/gia-ca-phe-dak-lak-hom-nay/,32.1,24.6,26.5,11.5,11.5,6.0,84,0.415,0.376,21.14
2024-06-06,Đắk Lắk,Cà phê,126000.0,VND/kg,Chợ Giá,https://chogia.vn/gia-ca-phe-dak-lak-hom-nay/,32.0,23.3,26.3,10.3,10.3,7.0,84,0.456,0.374,22.47
2024-06-07,Đắk Lắk,Cà phê,125400.0,VND/kg,Chợ Giá,https://chogia.vn/gia-ca-phe-dak-lak-hom-nay/,32.3,23.6,26.7,3.0,3.0,2.0,79,0.432,0.375,23.26
2024-06-08,Đắk Lắk,Cà phê,123400.0,VND/kg,Chợ Giá,https://chogia.vn/gia-ca-phe-dak-lak-hom-nay/,31.5,23.5,26.3,4.2,4.2,3.0,79,0.431,0.375,19.76
2024-06-09,Đắk Lắk,Cà phê,124000.0,VND/kg,Chợ Giá,https://chogia.vn/gia-ca-phe-dak-lak-hom-nay/,32.0,23.4,26.2,4.9,4.9,9.0,80,0.439,0.376,19.59
2024-06-10,Đắk Lắk,Cà phê,124000.0,VND/kg,Chợ Giá,https://chogia.vn/gia-ca-phe-dak-lak-hom-nay/,31.6,23.4,26.4,2.8,2.8,11.0,76,0.434,0.377,21.49
2024-06-11,Đắk Lắk,Cà phê,122400.0,VND/kg,Chợ Giá,https://chogia.vn/gia-ca-phe-dak-lak-hom-nay/,32.1,23.1,27.2,0.8,0.8,4.0,72,0.413,0.373,23.72
2024-06-12,Đắk Lắk,Cà phê,121000.0,VND/kg,Chợ Giá,https://chogia.vn/gia-ca-phe-dak-lak-hom-nay/,32.7,23.8,27.7,0.7,0.7,3.0,71,0.388,0.366,24.16
2024-06-13,Đắk Lắk,Cà phê,121400.0,VND/kg,Chợ Giá,https://chogia.vn/gia-ca-phe-dak-lak-hom-nay/,32.8,23.6,27.8,0.7,0.7,4.0,73,0.368,0.358,23.43
2024-06-14,Đắk Lắk,Cà phê,121600.0,VND/kg,Chợ Giá,https://chogia.vn/gia-ca-phe-dak-lak-hom-nay/,32.4,24.7,27.7,4.0,4.0,3.0,75,0.37,0.349,22.1
2024-06-15,Đắk Lắk,Cà phê,120000.0,VND/kg,Chợ Giá,https://chogia.vn/gia-ca-phe-dak-lak-hom-nay/,32.8,23.3,27.1,2.9,2.9,5.0,79,0.426,0.348,24.01
2024-06-16,Đắk Lắk,Cà phê,120000.0,VND/kg,Chợ Giá,https://chogia.vn/gia-ca-phe-dak-lak-hom-nay/,31.5,22.6,26.0,1.0,1.0,4.0,79,0.436,0.352,20.74
2024-06-17,Đắk Lắk,Cà phê,120000.0,VND/kg,Chợ Giá,https://chogia.vn/gia-ca-phe-dak-lak-hom-nay/,32.6,23.3,27.2,8.2,8.2,6.0,76,0.408,0.35,23.67
2024-06-18,Đắk Lắk,Cà phê,121000.0,VND/kg,Chợ Giá,https://chogia.vn/gia-ca-phe-dak-lak-hom-nay/,31.6,23.6,27.1,3.3,3.3,10.0,75,0.385,0.346,23.26
2024-06-19,Đắk Lắk,Cà phê,119800.0,VND/kg,Chợ Giá,https://chogia.vn/gia-ca-phe-dak-lak-hom-nay/,31.4,23.5,26.4,14.5,14.5,11.0,82,0.419,0.345,20.57
2024-06-20,Đắk Lắk,Cà phê,121000.0,VND/kg,Chợ Giá,https://chogia.vn/gia-ca-phe-dak-lak-hom-nay/,29.8,22.9,25.0,23.7,23.7,19.0,91,0.487,0.393,13.56
2024-06-21,Đắk Lắk,Cà phê,123000.0,VND/kg,Chợ Giá,https://chogia.vn/gia-ca-phe-dak-lak-hom-nay/,26.2,22.9,24.1,22.1,22.1,18.0,92,0.506,0.489,9.36
2024-06-22,Đắk Lắk,Cà phê,121500.0,VND/kg,Chợ Giá,https://chogia.vn/gia-ca-phe-dak-lak-hom-nay/,27.9,22.5,24.4,13.7,13.7,17.0,91,0.505,0.498,16.4
2024-06-23,Đắk Lắk,Cà phê,121500.0,VND/kg,Chợ Giá,https://chogia.vn/gia-ca-phe-dak-lak-hom-nay/,29.5,22.6,24.6,23.3,23.3,17.0,89,0.503,0.502,16.02
2024-06-24,Đắk Lắk,Cà phê,121300.0,VND/kg,Chợ Giá,https://chogia.vn/gia-ca-phe-dak-lak-hom-nay/,29.8,22.2,24.9,19.5,19.5,19.0,86,0.503,0.498,19.89
2024-06-25,Đắk Lắk,Cà phê,124300.0,VND/kg,Chợ Giá,https://chogia.vn/gia-ca-phe-dak-lak-hom-nay/,28.7,22.7,25.2,5.0,5.0,8.0,84,0.492,0.49,16.19
2024-06-26,Đắk Lắk,Cà phê,121300.0,VND/kg,Chợ Giá,https://chogia.vn/gia-ca-phe-dak-lak-hom-nay/,29.1,22.5,25.4,4.8,4.8,11.0,85,0.472,0.47,19.72
2024-06-27,Đắk Lắk,Cà phê,120000.0,VND/kg,Chợ Giá,https://chogia.vn/gia-ca-phe-dak-lak-hom-nay/,30.7,22.8,25.9,10.7,10.7,12.0,85,0.469,0.459,22.28
2024-06-28,Đắk Lắk,Cà phê,119800.0,VND/kg,Chợ Giá,https://chogia.vn/gia-ca-phe-dak-lak-hom-nay/,30.6,23.1,25.7,17.5,17.5,6.0,88,0.49,0.481,22.62
2024-06-29,Đắk Lắk,Cà phê,119200.0,VND/kg,Chợ Giá,https://chogia.vn/gia-ca-phe-dak-lak-hom-nay/,32.1,22.0,26.5,0.6,0.6,4.0,81,0.47,0.471,24.35
2024-06-30,Đắk Lắk,Cà phê,119200.0,VND/kg,Chợ Giá,https://chogia.vn/gia-ca-phe-dak-lak-hom-nay/,31.2,22.7,25.9,15.7,15.7,11.0,83,0.455,0.454,22.87
2024-07-01,Đắk Lắk,Cà phê,120000.0,VND/kg,Chợ Giá,https://chogia.vn/gia-ca-phe-dak-lak-hom-nay/,31.5,22.7,26.0,6.8,6.8,6.0,82,0.444,0.437,24.46
2024-07-02,Đắk Lắk,Cà phê,121200.0,VND/kg,Chợ Giá,https://chogia.vn/gia-ca-phe-dak-lak-hom-nay/,31.3,22.5,25.9,11.3,11.3,5.0,82,0.458,0.428,23.36
2024-07-03,Đắk Lắk,Cà phê,121700.0,VND/kg,Chợ Giá,https://chogia.vn/gia-ca-phe-dak-lak-hom-nay/,29.3,22.1,24.6,12.0,12.0,10.0,88,0.478,0.436,19.49
2024-07-04,Đắk Lắk,Cà phê,121000.0,VND/kg,Chợ Giá,https://chogia.vn/gia-ca-phe-dak-lak-hom-nay/,28.6,22.2,24.5,8.3,8.3,15.0,90,0.489,0.471,16.64
2024-07-05,Đắk Lắk,Cà phê,123000.0,VND/kg,Chợ Giá,https://chogia.vn/gia-ca-phe-dak-lak-hom-nay/,29.9,21.8,25.2,4.8,4.8,4.0,85,0.485,0.474,20.87
2024-07-06,Đắk Lắk,Cà phê,123600.0,VND/kg,Chợ Giá,https://chogia.vn/gia-ca-phe-dak-lak-hom-nay/,30.8,22.2,26.0,1.6,1.6,2.0,80,0.462,0.458,19.98
2024-07-07,Đắk Lắk,Cà phê,123600.0,VND/kg,Chợ Giá,https://chogia.vn/gia-ca-phe-dak-lak-hom-nay/,30.8,23.4,25.7,19.8,19.8,9.0,84,0.462,0.455,20.82
2024-07-08,Đắk Lắk,Cà phê,124100.0,VND/kg,Chợ Giá,https://chogia.vn/gia-ca-phe-dak-lak-hom-nay/,30.4,23.0,25.6,4.4,4.4,11.0,84,0.481,0.475,21.74
2024-07-09,Đắk Lắk,Cà phê,125700.0,VND/kg,Chợ Giá,https://chogia.vn/gia-ca-phe-dak-lak-hom-nay/,29.1,22.3,24.7,21.9,21.9,16.0,90,0.492,0.483,18.91
2024-07-10,Đắk Lắk,Cà phê,127700.0,VND/kg,Chợ Giá,https://chogia.vn/gia-ca-phe-dak-lak-hom-nay/,29.9,22.2,25.2,8.8,8.8,9.0,85,0.496,0.499,22.14
2024-07-11,Đắk Lắk,Cà phê,126200.0,VND/kg,Chợ Giá,https://chogia.vn/gia-ca-phe-dak-lak-hom-nay/,29.4,21.6,24.6,17.8,17.8,9.0,86,0.497,0.494,21.65
2024-07-12,Đắk Lắk,Cà phê,128000.0,VND/kg,Chợ Giá,https://chogia.vn/gia-ca-phe-dak-lak-hom-nay/,29.3,22.4,24.8,11.7,11.7,14.0,86,0.495,0.49,21.77
2024-07-13,Đắk Lắk,Cà phê,128500.0,VND/kg,Chợ Giá,https://chogia.vn/gia-ca-phe-dak-lak-hom-nay/,27.3,21.9,23.7,17.0,17.0,21.0,93,0.507,0.502,15.35
2024-07-14,Đắk Lắk,Cà phê,128500.0,VND/kg,Chợ Giá,https://chogia.vn/gia-ca-phe-dak-lak-hom-nay/,26.7,21.6,23.0,45.8,45.8,24.0,96,0.511,0.513,11.47
2024-07-15,Đắk Lắk,Cà phê,128500.0,VND/kg,Chợ Giá,https://chogia.vn/gia-ca-phe-dak-lak-hom-nay/,24.3,21.4,23.1,18.2,18.2,21.0,96,0.51,0.511,5.41
2024-07-16,Đắk Lắk,Cà phê,127800.0,VND/kg,Chợ Giá,https://chogia.vn/gia-ca-phe-dak-lak-hom-nay/,28.5,22.4,24.6,15.8,15.8,16.0,86,0.498,0.502,17.91
2024-07-17,Đắk Lắk,Cà phê,127500.0,VND/kg,Chợ Giá,https://chogia.vn/gia-ca-phe-dak-lak-hom-nay/,29.3,22.6,24.8,15.5,15.5,18.0,88,0.502,0.505,17.17
2024-07-18,Đắk Lắk,Cà phê,127600.0,VND/kg,Chợ Giá,https://chogia.vn/gia-ca-phe-dak-lak-hom-nay/,28.5,22.7,24.6,33.1,33.1,12.0,88,0.503,0.512,17.18
2024-07-19,Đắk Lắk,Cà phê,125600.0,VND/kg,Chợ Giá,https://chogia.vn/gia-ca-phe-dak-lak-hom-nay/,28.5,22.9,25.0,4.4,4.4,10.0,86,0.495,0.501,17.91
2024-07-20,Đắk Lắk,Cà phê,126600.0,VND/kg,Chợ Giá,https://chogia.vn/gia-ca-phe-dak-lak-hom-nay/,25.6,22.5,23.7,31.3,31.3,23.0,95,0.505,0.505,7.4
2024-07-21,Đắk Lắk,Cà phê,126600.0,VND/kg,Chợ Giá,https://chogia.vn/gia-ca-phe-dak-lak-hom-nay/,27.4,22.5,23.9,23.8,23.8,22.0,95,0.507,0.506,11.28
2024-07-22,Đắk Lắk,Cà phê,127000.0,VND/kg,Chợ Giá,https://chogia.vn/gia-ca-phe-dak-lak-hom-nay/,27.7,22.4,24.4,34.7,34.7,17.0,91,0.5,0.498,18.39
2024-07-23,Đắk Lắk,Cà phê,128000.0,VND/kg,Chợ Giá,https://chogia.vn/gia-ca-phe-dak-lak-hom-nay/,29.7,22.0,25.2,23.0,23.0,14.0,85,0.496,0.488,21.65
2024-07-24,Đắk Lắk,Cà phê,126500.0,VND/kg,Chợ Giá,https://chogia.vn/gia-ca-phe-dak-lak-hom-nay/,29.4,23.3,26.0,0.7,0.7,5.0,80,0.472,0.475,23.17
2024-07-25,Đắk Lắk,Cà phê,124500.0,VND/kg,Chợ Giá,https://chogia.vn/gia-ca-phe-dak-lak-hom-nay/,29.7,22.9,25.5,8.9,8.9,11.0,82,0.473,0.467,22.4
2024-07-26,Đắk Lắk,Cà phê,125300.0,VND/kg,Chợ Giá,https://chogia.vn/gia-ca-phe-dak-lak-hom-nay/,28.8,23.2,25.0,4.2,4.2,14.0,84,0.488,0.476,15.08
2024-07-27,Đắk Lắk,Cà phê,123800.0,VND/kg,Chợ Giá,https://chogia.vn/gia-ca-phe-dak-lak-hom-nay/,28.2,23.5,25.4,2.1,2.1,9.0,84,0.486,0.484,15.37
2024-07-28,Đắk Lắk,Cà phê,123800.0,VND/kg,Chợ Giá,https://chogia.vn/gia-ca-phe-dak-lak-hom-nay/,27.4,23.1,24.7,21.4,21.4,13.0,89,0.497,0.498,11.16
2024-07-29,Đắk Lắk,Cà phê,123900.0,VND/kg,Chợ Giá,https://chogia.vn/gia-ca-phe-dak-lak-hom-nay/,29.3,22.4,25.2,4.8,4.8,8.0,85,0.496,0.497,21.51
2024-07-30,Đắk Lắk,Cà phê,123400.0,VND/kg,Chợ Giá,https://chogia.vn/gia-ca-phe-dak-lak-hom-nay/,30.7,22.4,25.2,12.2,12.2,9.0,85,0.489,0.492,21.5
2024-07-31,Đắk Lắk,Cà phê,123500.0,VND/kg,Chợ Giá,https://chogia.vn/gia-ca-phe-dak-lak-hom-nay/,30.7,22.8,25.6,37.1,37.1,12.0,84,0.494,0.5,23.47
2024-08-01,Đắk Lắk,Cà phê,123400.0,VND/kg,Chợ Giá,https://chogia.vn/gia-ca-phe-dak-lak-hom-nay/,30.6,22.7,25.7,7.9,7.9,8.0,83,0.493,0.5,23.95
2024-08-02,Đắk Lắk,Cà phê,123000.0,VND/kg,Chợ Giá,https://chogia.vn/gia-ca-phe-dak-lak-hom-nay/,30.4,22.4,25.2,6.3,6.3,7.0,87,0.491,0.49,21.96
2024-08-03,Đắk Lắk,Cà phê,123000.0,VND/kg,Chợ Giá,https://chogia.vn/gia-ca-phe-dak-lak-hom-nay/,30.2,21.8,25.3,19.0,19.0,7.0,85,0.487,0.491,24.59
2024-08-04,Đắk Lắk,Cà phê,123000.0,VND/kg,Chợ Giá,https://chogia.vn/gia-ca-phe-dak-lak-hom-nay/,29.4,21.0,24.6,5.2,5.2,9.0,87,0.489,0.486,20.41
2024-08-05,Đắk Lắk,Cà phê,122500.0,VND/kg,Chợ Giá,https://chogia.vn/gia-ca-phe-dak-lak-hom-nay/,29.1,21.7,24.8,5.7,5.7,11.0,87,0.483,0.476,20.58
2024-08-06,Đắk Lắk,Cà phê,120500.0,VND/kg,Chợ Giá,https://chogia.vn/gia-ca-phe-dak-lak-hom-nay/,30.3,21.6,25.1,3.9,3.9,6.0,86,0.474,0.469,22.2
2024-08-07,Đắk Lắk,Cà phê,121000.0,VND/kg,Chợ Giá,https://chogia.vn/gia-ca-phe-dak-lak-hom-nay/,29.8,22.2,25.5,4.1,4.1,3.0,85,0.454,0.459,22.79
2024-08-08,Đắk Lắk,Cà phê,122800.0,VND/kg,Chợ Giá,https://chogia.vn/gia-ca-phe-dak-lak-hom-nay/,30.0,22.2,25.6,2.8,2.8,10.0,85,0.45,0.447,20.93
2024-08-09,Đắk Lắk,Cà phê,121800.0,VND/kg,Chợ Giá,https://chogia.vn/gia-ca-phe-dak-lak-hom-nay/,31.1,23.0,26.5,3.6,3.6,10.0,81,0.445,0.44,23.74
2024-08-10,Đắk Lắk,Cà phê,119300.0,VND/kg,Chợ Giá,https://chogia.vn/gia-ca-phe-dak-lak-hom-nay/,30.4,23.6,26.0,3.7,3.7,10.0,85,0.446,0.432,21.75
2024-08-11,Đắk Lắk,Cà phê,119300.0,VND/kg,Chợ Giá,https://chogia.vn/gia-ca-phe-dak-lak-hom-nay/,31.1,23.4,25.9,6.1,6.1,12.0,85,0.468,0.435,22.34
2024-08-12,Đắk Lắk,Cà phê,118500.0,VND/kg,Chợ Giá,https://chogia.vn/gia-ca-phe-dak-lak-hom-nay/,30.5,22.9,26.0,3.0,3.0,12.0,82,0.47,0.454,23.33
2024-08-13,Đắk Lắk,Cà phê,119500.0,VND/kg,Chợ Giá,https://chogia.vn/gia-ca-phe-dak-lak-hom-nay/,30.9,23.0,26.3,1.8,1.8,9.0,82,0.445,0.451,23.44
2024-08-14,Đắk Lắk,Cà phê,117300.0,VND/kg,Chợ Giá,https://chogia.vn/gia-ca-phe-dak-lak-hom-nay/,31.1,23.6,26.5,5.2,5.2,11.0,84,0.433,0.44,22.73
2024-08-15,Đắk Lắk,Cà phê,117600.0,VND/kg,Chợ Giá,https://chogia.vn/gia-ca-phe-dak-lak-hom-nay/,31.8,23.0,26.4,3.9,3.9,7.0,83,0.413,0.43,23.32
2024-08-16,Đắk Lắk,Cà phê,117800.0,VND/kg,Chợ Giá,https://chogia.vn/gia-ca-phe-dak-lak-hom-nay/,31.1,22.8,26.0,5.0,5.0,6.0,84,0.411,0.419,22.01
2024-08-17,Đắk Lắk,Cà phê,118100.0,VND/kg,Chợ Giá,https://chogia.vn/gia-ca-phe-dak-lak-hom-nay/,31.3,21.9,26.1,1.1,1.1,6.0,82,0.388,0.412,23.35
2024-08-18,Đắk Lắk,Cà phê,118100.0,VND/kg,Chợ Giá,https://chogia.vn/gia-ca-phe-dak-lak-hom-nay/,31.0,22.6,26.9,0.0,0.0,0.0,77,0.375,0.404,24.36
2024-08-19,Đắk Lắk,Cà phê,118000.0,VND/kg,Chợ Giá,https://chogia.vn/gia-ca-phe-dak-lak-hom-nay/,31.7,23.3,26.7,2.6,2.6,3.0,78,0.367,0.395,23.47
2024-08-20,Đắk Lắk,Cà phê,118100.0,VND/kg,Chợ Giá,https://chogia.vn/gia-ca-phe-dak-lak-hom-nay/,31.5,22.7,26.3,0.4,0.4,1.0,79,0.351,0.388,23.25
2024-08-21,Đắk Lắk,Cà phê,119200.0,VND/kg,Chợ Giá,https://chogia.vn/gia-ca-phe-dak-lak-hom-nay/,31.7,23.0,26.9,0.0,0.0,0.0,78,0.344,0.381,23.52
2024-08-22,Đắk Lắk,Cà phê,119300.0,VND/kg,Chợ Giá,https://chogia.vn/gia-ca-phe-dak-lak-hom-nay/,31.8,22.6,26.5,1.9,1.9,5.0,80,0.356,0.375,24.61
2024-08-23,Đắk Lắk,Cà phê,118300.0,VND/kg,Chợ Giá,https://chogia.vn/gia-ca-phe-dak-lak-hom-nay/,30.5,22.2,25.6,4.6,4.6,8.0,83,0.383,0.37,23.92
2024-08-24,Đắk Lắk,Cà phê,119800.0,VND/kg,Chợ Giá,https://chogia.vn/gia-ca-phe-dak-lak-hom-nay/,30.9,21.1,25.6,8.6,8.6,4.0,83,0.436,0.376,23.49
2024-08-25,Đắk Lắk,Cà phê,119800.0,VND/kg,Chợ Giá,https://chogia.vn/gia-ca-phe-dak-lak-hom-nay/,30.8,21.8,25.3,14.6,14.6,10.0,84,0.432,0.379,23.78
2024-08-26,Đắk Lắk,Cà phê,120000.0,VND/kg,Chợ Giá,https://chogia.vn/gia-ca-phe-dak-lak-hom-nay/,29.1,22.3,24.9,8.4,8.4,14.0,86,0.451,0.388,18.17
2024-08-27,Đắk Lắk,Cà phê,120200.0,VND/kg,Chợ Giá,https://chogia.vn/gia-ca-phe-dak-lak-hom-nay/,29.2,22.0,24.8,5.4,5.4,7.0,87,0.467,0.407,19.04
2024-08-28,Đắk Lắk,Cà phê,121400.0,VND/kg,Chợ Giá,https://chogia.vn/gia-ca-phe-dak-lak-hom-nay/,29.2,22.6,25.2,8.1,8.1,6.0,83,0.449,0.413,19.77
2024-08-29,Đắk Lắk,Cà phê,121800.0,VND/kg,Chợ Giá,https://chogia.vn/gia-ca-phe-dak-lak-hom-nay/,28.8,21.8,24.2,23.3,23.3,19.0,91,0.468,0.43,18.75
2024-08-30,Đắk Lắk,Cà phê,121400.0,VND/kg,Chợ Giá,https://chogia.vn/gia-ca-phe-dak-lak-hom-nay/,26.8,21.9,23.8,20.7,20.7,17.0,92,0.503,0.501,16.88
2024-08-31,Đắk Lắk,Cà phê,121900.0,VND/kg,Chợ Giá,https://chogia.vn/gia-ca-phe-dak-lak-hom-nay/,26.8,21.5,23.7,19.0,19.0,19.0,92,0.505,0.505,15.83
2024-09-01,Đắk Lắk,Cà phê,121900.0,VND/kg,Chợ Giá,https://chogia.vn/gia-ca-phe-dak-lak-hom-nay/,29.6,21.4,24.4,30.1,30.1,10.0,89,0.497,0.502,17.4
2024-09-02,Đắk Lắk,Cà phê,121900.0,VND/kg,Chợ Giá,https://chogia.vn/gia-ca-phe-dak-lak-hom-nay/,30.0,22.3,25.1,1.4,1.4,7.0,84,0.485,0.487,21.43
2024-09-03,Đắk Lắk,Cà phê,117900.0,VND/kg,Chợ Giá,https://chogia.vn/gia-ca-phe-dak-lak-hom-nay/,29.1,22.8,25.2,7.9,7.9,7.0,85,0.494,0.486,18.51
2024-09-04,Đắk Lắk,Cà phê,118100.0,VND/kg,Chợ Giá,https://chogia.vn/gia-ca-phe-dak-lak-hom-nay/,29.1,22.4,24.6,32.5,32.5,14.0,89,0.496,0.497,18.77
2024-09-05,Đắk Lắk,Cà phê,120200.0,VND/kg,Chợ Giá,https://chogia.vn/gia-ca-phe-dak-lak-hom-nay/,27.2,22.0,23.6,31.7,31.7,24.0,94,0.507,0.514,12.68
2024-09-06,Đắk Lắk,Cà phê,120500.0,VND/kg,Chợ Giá,https://chogia.vn/gia-ca-phe-dak-lak-hom-nay/,27.0,22.2,24.0,28.6,28.6,19.0,92,0.508,0.513,14.25
2024-09-07,Đắk Lắk,Cà phê,118500.0,VND/kg,Chợ Giá,https://chogia.vn/gia-ca-phe-dak-lak-hom-nay/,31.0,23.3,26.3,2.0,2.0,9.0,80,0.49,0.499,22.53
2024-09-08,Đắk Lắk,Cà phê,118500.0,VND/kg,Chợ Giá,https://chogia.vn/gia-ca-phe-dak-lak-hom-nay/,30.1,23.4,25.8,4.5,4.5,15.0,85,0.483,0.487,22.04
2024-09-09,Đắk Lắk,Cà phê,118200.0,VND/kg,Chợ Giá,https://chogia.vn/gia-ca-phe-dak-lak-hom-nay/,29.4,22.9,25.2,14.0,14.0,13.0,88,0.494,0.492,18.69
2024-09-10,Đắk Lắk,Cà phê,120200.0,VND/kg,Chợ Giá,https://chogia.vn/gia-ca-phe-dak-lak-hom-nay/,28.2,22.6,24.8,9.0,9.0,13.0,89,0.497,0.502,16.75
2024-09-11,Đắk Lắk,Cà phê,120300.0,VND/kg,Chợ Giá,https://chogia.vn/gia-ca-phe-dak-lak-hom-nay/,29.0,21.9,25.0,4.9,4.9,6.0,87,0.495,0.502,17.92
2024-09-12,Đắk Lắk,Cà phê,121500.0,VND/kg,Chợ Giá,https://chogia.vn/gia-ca-phe-dak-lak-hom-nay/,30.1,21.7,25.2,4.8,4.8,5.0,86,0.496,0.496,22.51
2024-09-13,Đắk Lắk,Cà phê,122000.0,VND/kg,Chợ Giá,https://chogia.vn/gia-ca-phe-dak-lak-hom-nay/,27.5,22.5,24.4,18.6,18.6,17.0,90,0.502,0.509,14.13
2024-09-14,Đắk Lắk,Cà phê,124000.0,VND/kg,Chợ Giá,https://chogia.vn/gia-ca-phe-dak-lak-hom-nay/,27.3,21.4,23.7,22.2,22.2,17.0,93,0.507,0.511,13.35
2024-09-15,Đắk Lắk,Cà phê,124000.0,VND/kg,Chợ Giá,https://chogia.vn/gia-ca-phe-dak-lak-hom-nay/,25.6,22.3,23.4,14.0,14.0,21.0,95,0.507,0.512,11.38
2024-09-16,Đắk Lắk,Cà phê,123800.0,VND/kg,Chợ Giá,https://chogia.vn/gia-ca-phe-dak-lak-hom-nay/,26.8,21.6,23.7,22.1,22.1,18.0,94,0.505,0.513,10.51
2024-09-17,Đắk Lắk,Cà phê,123200.0,VND/kg,Chợ Giá,https://chogia.vn/gia-ca-phe-dak-lak-hom-nay/,27.7,22.2,24.3,32.7,32.7,17.0,92,0.505,0.508,13.33
2024-09-18,Đắk Lắk,Cà phê,123400.0,VND/kg,Chợ Giá,https://chogia.vn/gia-ca-phe-dak-lak-hom-nay/,26.5,22.0,23.6,10.3,10.3,17.0,94,0.504,0.502,10.28
2024-09-19,Đắk Lắk,Cà phê,123600.0,VND/kg,Chợ Giá,https://chogia.vn/gia-ca-phe-dak-lak-hom-nay/,29.3,22.7,24.8,9.3,9.3,15.0,87,0.502,0.504,18.94
2024-09-20,Đắk Lắk,Cà phê,122100.0,VND/kg,Chợ Giá,https://chogia.vn/gia-ca-phe-dak-lak-hom-nay/,29.7,22.8,25.0,22.3,22.3,17.0,89,0.499,0.5,15.36
2024-09-21,Đắk Lắk,Cà phê,120000.0,VND/kg,Chợ Giá,https://chogia.vn/gia-ca-phe-dak-lak-hom-nay/,27.0,22.3,24.2,31.5,31.5,19.0,93,0.506,0.504,12.06
2024-09-22,Đắk Lắk,Cà phê,120000.0,VND/kg,Chợ Giá,https://chogia.vn/gia-ca-phe-dak-lak-hom-nay/,26.1,22.2,24.0,15.6,15.6,23.0,92,0.504,0.499,8.5
2024-09-23,Đắk Lắk,Cà phê,119500.0,VND/kg,Chợ Giá,https://chogia.vn/gia-ca-phe-dak-lak-hom-nay/,28.4,22.6,24.6,26.2,26.2,11.0,88,0.5,0.502,16.42
2024-09-24,Đắk Lắk,Cà phê,120700.0,VND/kg,Chợ Giá,https://chogia.vn/gia-ca-phe-dak-lak-hom-nay/,27.9,22.7,24.7,1.4,1.4,6.0,87,0.494,0.502,14.17
2024-09-25,Đắk Lắk,Cà phê,120800.0,VND/kg,Chợ Giá,https://chogia.vn/gia-ca-phe-dak-lak-hom-nay/,30.8,22.0,25.2,2.5,2.5,5.0,86,0.485,0.49,22.09
2024-09-26,Đắk Lắk,Cà phê,122000.0,VND/kg,Chợ Giá,https://chogia.vn/gia-ca-phe-dak-lak-hom-nay/,30.3,21.8,25.3,1.6,1.6,2.0,81,0.466,0.474,23.29
2024-09-27,Đắk Lắk,Cà phê,122600.0,VND/kg,Chợ Giá,https://chogia.vn/gia-ca-phe-dak-lak-hom-nay/,30.0,21.9,25.4,8.1,8.1,7.0,84,0.475,0.457,21.05
2024-09-28,Đắk Lắk,Cà phê,122100.0,VND/kg,Chợ Giá,https://chogia.vn/gia-ca-phe-dak-lak-hom-nay/,30.2,21.9,25.9,1.0,1.0,6.0,83,0.462,0.454,21.81
2024-09-29,Đắk Lắk,Cà phê,122100.0,VND/kg,Chợ Giá,https://chogia.vn/gia-ca-phe-dak-lak-hom-nay/,28.7,23.1,25.3,1.6,1.6,8.0,87,0.445,0.449,17.16
2024-09-30,Đắk Lắk,Cà phê,122000.0,VND/kg,Chợ Giá,https://chogia.vn/gia-ca-phe-dak-lak-hom-nay/,30.0,22.9,25.1,9.0,9.0,5.0,88,0.448,0.436,20.74
2024-10-01,Đắk Lắk,Cà phê,122100.0,VND/kg,Chợ Giá,https://chogia.vn/gia-ca-phe-dak-lak-hom-nay/,30.4,22.2,25.4,0.5,0.5,4.0,85,0.414,0.426,21.58
2024-10-02,Đắk Lắk,Cà phê,121700.0,VND/kg,Chợ Giá,https://chogia.vn/gia-ca-phe-dak-lak-hom-nay/,30.1,22.5,25.3,8.3,8.3,8.0,85,0.411,0.417,19.95
2024-10-03,Đắk Lắk,Cà phê,117200.0,VND/kg,Chợ Giá,https://chogia.vn/gia-ca-phe-dak-lak-hom-nay/,29.7,23.0,25.4,1.3,1.3,3.0,81,0.4,0.41,21.16
2024-10-04,Đắk Lắk,Cà phê,114700.0,VND/kg,Chợ Giá,https://chogia.vn/gia-ca-phe-dak-lak-hom-nay/,29.2,22.3,24.7,1.0,1.0,5.0,80,0.389,0.401,17.54
2024-10-05,Đắk Lắk,Cà phê,116200.0,VND/kg,Chợ Giá,https://chogia.vn/gia-ca-phe-dak-lak-hom-nay/,29.3,21.1,24.5,0.6,0.6,4.0,80,0.41,0.396,17.94
2024-10-06,Đắk Lắk,Cà phê,116200.0,VND/kg,Chợ Giá,https://chogia.vn/gia-ca-phe-dak-lak-hom-nay/,27.8,22.1,24.3,8.8,8.8,13.0,85,0.451,0.402,14.1
2024-10-07,Đắk Lắk,Cà phê,116100.0,VND/kg,Chợ Giá,https://chogia.vn/gia-ca-phe-dak-lak-hom-nay/,28.5,21.7,24.4,17.0,17.0,8.0,86,0.484,0.455,16.95
2024-10-08,Đắk Lắk,Cà phê,113600.0,VND/kg,Chợ Giá,https://chogia.vn/gia-ca-phe-dak-lak-hom-nay/,28.5,22.5,24.4,9.2,9.2,8.0,87,0.487,0.474,15.04
2024-10-09,Đắk Lắk,Cà phê,113400.0,VND/kg,Chợ Giá,https://chogia.vn/gia-ca-phe-dak-lak-hom-nay/,29.4,22.4,25.1,1.8,1.8,5.0,81,0.478,0.477,19.04
2024-10-10,Đắk Lắk,Cà phê,113500.0,VND/kg,Chợ Giá,https://chogia.vn/gia-ca-phe-dak-lak-hom-nay/,29.6,22.7,25.5,1.2,1.2,4.0,78,0.454,0.461,20.25
2024-10-11,Đắk Lắk,Cà phê,114000.0,VND/kg,Chợ Giá,https://chogia.vn/gia-ca-phe-dak-lak-hom-nay/,29.7,22.0,25.0,1.9,1.9,4.0,83,0.446,0.45,19.93
2024-10-12,Đắk Lắk,Cà phê,113600.0,VND/kg,Chợ Giá,https://chogia.vn/gia-ca-phe-dak-lak-hom-nay/,27.8,23.1,25.0,4.2,4.2,9.0,84,0.476,0.453,17.06
2024-10-13,Đắk Lắk,Cà phê,113600.0,VND/kg,Chợ Giá,https://chogia.vn/gia-ca-phe-dak-lak-hom-nay/,29.2,23.1,25.3,7.4,7.4,8.0,84,0.478,0.454,18.92
2024-10-14,Đắk Lắk,Cà phê,113600.0,VND/kg,Chợ Giá,https://chogia.vn/gia-ca-phe-dak-lak-hom-nay/,30.8,22.4,26.0,0.8,0.8,4.0,79,0.46,0.457,22.68
2024-10-15,Đắk Lắk,Cà phê,114700.0,VND/kg,Chợ Giá,https://chogia.vn/gia-ca-phe-dak-lak-hom-nay/,30.2,22.8,25.0,15.3,15.3,12.0,86,0.468,0.452,20.06
2024-10-16,Đắk Lắk,Cà phê,113700.0,VND/kg,Chợ Giá,https://chogia.vn/gia-ca-phe-dak-lak-hom-nay/,29.1,21.9,24.6,12.8,12.8,8.0,86,0.485,0.471,16.51
2024-10-17,Đắk Lắk,Cà phê,113200.0,VND/kg,Chợ Giá,https://chogia.vn/gia-ca-phe-dak-lak-hom-nay/,28.4,22.6,24.4,8.6,8.6,9.0,87,0.483,0.468,13.53
2024-10-18,Đắk Lắk,Cà phê,111200.0,VND/kg,Chợ Giá,https://chogia.vn/gia-ca-phe-dak-lak-hom-nay/,27.2,21.8,24.0,10.2,10.2,12.0,89,0.492,0.481,15.88
2024-10-19,Đắk Lắk,Cà phê,111500.0,VND/kg,Chợ Giá,https://chogia.vn/gia-ca-phe-dak-lak-hom-nay/,29.6,21.6,24.8,5.4,5.4,4.0,84,0.494,0.497,19.77
2024-10-20,Đắk Lắk,Cà phê,111500.0,VND/kg,Chợ Giá,https://chogia.vn/gia-ca-phe-dak-lak-hom-nay/,29.3,21.5,24.3,11.2,11.2,9.0,88,0.49,0.49,18.46
2024-10-21,Đắk Lắk,Cà phê,111600.0,VND/kg,Chợ Giá,https://chogia.vn/gia-ca-phe-dak-lak-hom-nay/,28.4,21.8,23.8,21.6,21.6,16.0,91,0.495,0.496,15.58
2024-10-22,Đắk Lắk,Cà phê,111400.0,VND/kg,Chợ Giá,https://chogia.vn/gia-ca-phe-dak-lak-hom-nay/,28.8,22.1,24.2,15.1,15.1,10.0,86,0.494,0.498,15.09
2024-10-23,Đắk Lắk,Cà phê,109600.0,VND/kg,Chợ Giá,https://chogia.vn/gia-ca-phe-dak-lak-hom-nay/,29.1,21.7,24.7,1.1,1.1,9.0,80,0.473,0.476,19.67
2024-10-24,Đắk Lắk,Cà phê,109800.0,VND/kg,Chợ Giá,https://chogia.vn/gia-ca-phe-dak-lak-hom-nay/,28.8,21.1,24.7,0.0,0.0,0.0,79,0.453,0.463,19.44
2024-10-25,Đắk Lắk,Cà phê,108600.0,VND/kg,Chợ Giá,https://chogia.vn/gia-ca-phe-dak-lak-hom-nay/,29.6,21.9,25.2,0.2,0.2,2.0,76,0.437,0.453,20.94
2024-10-26,Đắk Lắk,Cà phê,109800.0,VND/kg,Chợ Giá,https://chogia.vn/gia-ca-phe-dak-lak-hom-nay/,26.1,20.2,22.8,0.0,0.0,0.0,69,0.421,0.444,13.05
2024-10-27,Đắk Lắk,Cà phê,109800.0,VND/kg,Chợ Giá,https://chogia.vn/gia-ca-phe-dak-lak-hom-nay/,22.7,18.9,20.5,8.1,8.1,20.0,89,0.463,0.448,6.8
2024-10-28,Đắk Lắk,Cà phê,109000.0,VND/kg,Chợ Giá,https://chogia.vn/gia-ca-phe-dak-lak-hom-nay/,26.0,20.8,22.6,7.8,7.8,17.0,89,0.504,0.498,11.56
2024-10-29,Đắk Lắk,Cà phê,110500.0,VND/kg,Chợ Giá,https://chogia.vn/gia-ca-phe-dak-lak-hom-nay/,26.2,21.0,22.9,4.0,4.0,15.0,88,0.496,0.493,13.11
2024-10-30,Đắk Lắk,Cà phê,108600.0,VND/kg,Chợ Giá,https://chogia.vn/gia-ca-phe-dak-lak-hom-nay/,28.3,20.5,24.1,0.8,0.8,7.0,82,0.477,0.481,20.53
2024-10-31,Đắk Lắk,Cà phê,109200.0,VND/kg,Chợ Giá,https://chogia.vn/gia-ca-phe-dak-lak-hom-nay/,29.1,21.1,24.6,1.0,1.0,6.0,82,0.462,0.468,18.33
2024-11-01,Đắk Lắk,Cà phê,107700.0,VND/kg,Chợ Giá,https://chogia.vn/gia-ca-phe-dak-lak-hom-nay/,27.7,21.4,23.6,31.6,31.6,17.0,90,0.489,0.483,13.72
2024-11-02,Đắk Lắk,Cà phê,106500.0,VND/kg,Chợ Giá,https://chogia.vn/gia-ca-phe-dak-lak-hom-nay/,26.6,21.1,23.3,0.8,0.8,2.0,79,0.485,0.496,14.84
2024-11-03,Đắk Lắk,Cà phê,106500.0,VND/kg,Chợ Giá,https://chogia.vn/gia-ca-phe-dak-lak-hom-nay/,28.8,21.3,23.8,10.3,10.3,8.0,86,0.486,0.487,15.12
2024-11-04,Đắk Lắk,Cà phê,106000.0,VND/kg,Chợ Giá,https://chogia.vn/gia-ca-phe-dak-lak-hom-nay/,28.6,22.2,24.6,7.2,7.2,5.0,82,0.49,0.487,17.67
2024-11-05,Đắk Lắk,Cà phê,106400.0,VND/kg,Chợ Giá,https://chogia.vn/gia-ca-phe-dak-lak-hom-nay/,28.9,22.2,24.6,1.3,1.3,2.0,83,0.48,0.482,18.32
2024-11-06,Đắk Lắk,Cà phê,107000.0,VND/kg,Chợ Giá,https://chogia.vn/gia-ca-phe-dak-lak-hom-nay/,27.4,22.4,24.0,1.6,1.6,9.0,83,0.473,0.471,15.25
2024-11-07,Đắk Lắk,Cà phê,106000.0,VND/kg,Chợ Giá,https://chogia.vn/gia-ca-phe-dak-lak-hom-nay/,26.6,21.9,23.5,0.2,0.2,2.0,83,0.469,0.468,12.9
2024-11-08,Đắk Lắk,Cà phê,108500.0,VND/kg,Chợ Giá,https://chogia.vn/gia-ca-phe-dak-lak-hom-nay/,24.7,20.6,22.6,0.0,0.0,0.0,81,0.452,0.46,11.62
2024-11-09,Đắk Lắk,Cà phê,107000.0,VND/kg,Chợ Giá,https://chogia.vn/gia-ca-phe-dak-lak-hom-nay/,27.9,20.0,23.1,0.0,0.0,0.0,76,0.434,0.45,20.71
2024-11-10,Đắk Lắk,Cà phê,107000.0,VND/kg,Chợ Giá,https://chogia.vn/gia-ca-phe-dak-lak-hom-nay/,28.3,21.2,24.2,0.0,0.0,0.0,73,0.413,0.437,21.68
2024-11-11,Đắk Lắk,Cà phê,107000.0,VND/kg,Chợ Giá,https://chogia.vn/gia-ca-phe-dak-lak-hom-nay/,29.9,21.0,24.9,0.0,0.0,0.0,76,0.395,0.425,20.24
2024-11-12,Đắk Lắk,Cà phê,109700.0,VND/kg,Chợ Giá,https://chogia.vn/gia-ca-phe-dak-lak-hom-nay/,28.0,21.1,23.7,15.4,15.4,11.0,88,0.396,0.401,13.43
2024-11-13,Đắk Lắk,Cà phê,110300.0,VND/kg,Chợ Giá,https://chogia.vn/gia-ca-phe-dak-lak-hom-nay/,30.4,21.7,25.1,6.3,6.3,10.0,81,0.238,0.301,19.05
2024-11-14,Đắk Lắk,Cà phê,111000.0,VND/kg,Chợ Giá,https://chogia.vn/gia-ca-phe-dak-lak-hom-nay/,31.3,21.9,25.9,0.0,0.0,0.0,75,0.215,0.298,20.57
2024-11-15,Đắk Lắk,Cà phê,113800.0,VND/kg,Chợ Giá,https://chogia.vn/gia-ca-phe-dak-lak-hom-nay/,31.5,21.0,25.9,0.0,0.0,0.0,66,0.202,0.293,22.05
2024-11-16,Đắk Lắk,Cà phê,113200.0,VND/kg,Chợ Giá,https://chogia.vn/gia-ca-phe-dak-lak-hom-nay/,31.7,20.7,25.6,0.0,0.0,0.0,67,0.191,0.292,21.83
2024-11-17,Đắk Lắk,Cà phê,113200.0,VND/kg,Chợ Giá,https://chogia.vn/gia-ca-phe-dak-lak-hom-nay/,30.2,21.1,24.8,0.0,0.0,0.0,70,0.185,0.288,21.09
2024-11-18,Đắk Lắk,Cà phê,113500.0,VND/kg,Chợ Giá,https://chogia.vn/gia-ca-phe-dak-lak-hom-nay/,29.9,21.0,24.8,0.2,0.2,2.0,74,0.185,0.286,18.03
2024-11-19,Đắk Lắk,Cà phê,114300.0,VND/kg,Chợ Giá,https://chogia.vn/gia-ca-phe-dak-lak-hom-nay/,29.8,22.9,25.3,0.6,0.6,3.0,77,0.188,0.285,18.3
2024-11-20,Đắk Lắk,Cà phê,113500.0,VND/kg,Chợ Giá,https://chogia.vn/gia-ca-phe-dak-lak-hom-nay/,29.9,22.3,25.2,0.0,0.0,0.0,74,0.189,0.287,15.84
2024-11-21,Đắk Lắk,Cà phê,115300.0,VND/kg,Chợ Giá,https://chogia.vn/gia-ca-phe-dak-lak-hom-nay/,30.0,22.1,25.1,0.6,0.6,4.0,75,0.191,0.286,16.39
2024-11-22,Đắk Lắk,Cà phê,115500.0,VND/kg,Chợ Giá,https://chogia.vn/gia-ca-phe-dak-lak-hom-nay/,29.2,22.8,24.9,0.7,0.7,4.0,78,0.202,0.285,17.09
2024-11-23,Đắk Lắk,Cà phê,117500.0,VND/kg,Chợ Giá,https://chogia.vn/gia-ca-phe-dak-lak-hom-nay/,29.7,22.1,24.7,0.3,0.3,1.0,79,0.202,0.286,16.15
2024-11-24,Đắk Lắk,Cà phê,119000.0,VND/kg,Chợ Giá,https://chogia.vn/gia-ca-phe-dak-lak-hom-nay/,30.0,22.5,25.1,0.4,0.4,4.0,79,0.198,0.285,17.2
2024-11-25,Đắk Lắk,Cà phê,120000.0,VND/kg,Chợ Giá,https://chogia.vn/gia-ca-phe-dak-lak-hom-nay/,30.1,22.1,25.4,0.0,0.0,0.0,74,0.196,0.285,18.23
2024-11-26,Đắk Lắk,Cà phê,121600.0,VND/kg,Chợ Giá,https://chogia.vn/gia-ca-phe-dak-lak-hom-nay/,29.9,22.5,25.2,0.0,0.0,0.0,75,0.193,0.286,18.35
2024-11-27,Đắk Lắk,Cà phê,124000.0,VND/kg,Chợ Giá,https://chogia.vn/gia-ca-phe-dak-lak-hom-nay/,29.1,22.9,24.9,0.0,0.0,0.0,75,0.194,0.291,18.52
2024-11-28,Đắk Lắk,Cà phê,128000.0,VND/kg,Chợ Giá,https://chogia.vn/gia-ca-phe-dak-lak-hom-nay/,27.6,20.8,23.8,0.0,0.0,0.0,69,0.192,0.294,17.06
2024-11-29,Đắk Lắk,Cà phê,131000.0,VND/kg,Chợ Giá,https://chogia.vn/gia-ca-phe-dak-lak-hom-nay/,26.0,19.3,21.9,0.0,0.0,0.0,70,0.191,0.297,14.73
2024-11-30,Đắk Lắk,Cà phê,130000.0,VND/kg,Chợ Giá,https://chogia.vn/gia-ca-phe-dak-lak-hom-nay/,25.6,18.6,21.6,0.0,0.0,0.0,75,0.188,0.293,11.89
2024-12-01,Đắk Lắk,Cà phê,130000.0,VND/kg,Chợ Giá,https://chogia.vn/gia-ca-phe-dak-lak-hom-nay/,27.1,19.1,23.0,0.0,0.0,0.0,75,0.19,0.296,15.05
2024-12-02,Đắk Lắk,Cà phê,128000.0,VND/kg,Chợ Giá,https://chogia.vn/gia-ca-phe-dak-lak-hom-nay/,28.9,20.4,23.9,0.0,0.0,0.0,76,0.185,0.291,15.06
2024-12-03,Đắk Lắk,Cà phê,109000.0,VND/kg,Chợ Giá,https://chogia.vn/gia-ca-phe-dak-lak-hom-nay/,28.4,21.5,24.0,0.0,0.0,0.0,76,0.184,0.289,12.46
2024-12-04,Đắk Lắk,Cà phê,108000.0,VND/kg,Chợ Giá,https://chogia.vn/gia-ca-phe-dak-lak-hom-nay/,27.5,20.9,23.8,0.1,0.1,1.0,78,0.192,0.296,7.57
2024-12-05,Đắk Lắk,Cà phê,114000.0,VND/kg,Chợ Giá,https://chogia.vn/gia-ca-phe-dak-lak-hom-nay/,28.0,21.5,24.1,0.0,0.0,0.0,77,0.205,0.302,13.17
2024-12-06,Đắk Lắk,Cà phê,120000.0,VND/kg,Chợ Giá,https://chogia.vn/gia-ca-phe-dak-lak-hom-nay/,28.7,22.0,24.6,0.5,0.5,5.0,79,0.204,0.306,14.68
2024-12-07,Đắk Lắk,Cà phê,124000.0,VND/kg,Chợ Giá,https://chogia.vn/gia-ca-phe-dak-lak-hom-nay/,29.0,21.8,24.5,0.8,0.8,6.0,78,0.211,0.31,16.11
2024-12-08,Đắk Lắk,Cà phê,124000.0,VND/kg,Chợ Giá,https://chogia.vn/gia-ca-phe-dak-lak-hom-nay/,27.5,21.5,23.8,0.0,0.0,0.0,75,0.204,0.315,13.82
2024-12-09,Đắk Lắk,Cà phê,122000.0,VND/kg,Chợ Giá,https://chogia.vn/gia-ca-phe-dak-lak-hom-nay/,27.7,21.4,23.8,0.0,0.0,0.0,75,0.199,0.318,12.5
2024-12-10,Đắk Lắk,Cà phê,124000.0,VND/kg,Chợ Giá,https://chogia.vn/gia-ca-phe-dak-lak-hom-nay/,25.3,20.9,22.6,3.8,3.8,11.0,85,0.213,0.32,5.87
2024-12-11,Đắk Lắk,Cà phê,124700.0,VND/kg,Chợ Giá,https://chogia.vn/gia-ca-phe-dak-lak-hom-nay/,24.4,21.0,22.5,12.2,12.2,20.0,93,0.393,0.322,4.92
2024-12-12,Đắk Lắk,Cà phê,123000.0,VND/kg,Chợ Giá,https://chogia.vn/gia-ca-phe-dak-lak-hom-nay/,25.3,22.6,23.6,1.2,1.2,9.0,87,0.434,0.335,7.0
2024-12-13,Đắk Lắk,Cà phê,124000.0,VND/kg,Chợ Giá,https://chogia.vn/gia-ca-phe-dak-lak-hom-nay/,26.4,22.2,23.7,8.6,8.6,19.0,87,0.458,0.35,10.63
2024-12-14,Đắk Lắk,Cà phê,125000.0,VND/kg,Chợ Giá,https://chogia.vn/gia-ca-phe-dak-lak-hom-nay/,25.9,22.3,23.6,1.2,1.2,7.0,83,0.427,0.361,12.59
2024-12-15,Đắk Lắk,Cà phê,125000.0,VND/kg,Chợ Giá,https://chogia.vn/gia-ca-phe-dak-lak-hom-nay/,23.7,20.9,22.1,10.6,10.6,13.0,85,0.466,0.384,6.14
2024-12-16,Đắk Lắk,Cà phê,124000.0,VND/kg,Chợ Giá,https://chogia.vn/gia-ca-phe-dak-lak-hom-nay/,22.7,19.2,20.9,2.3,2.3,4.0,83,0.444,0.408,6.98
2024-12-17,Đắk Lắk,Cà phê,124800.0,VND/kg,Chợ Giá,https://chogia.vn/gia-ca-phe-dak-lak-hom-nay/,25.2,19.2,21.3,0.0,0.0,0.0,81,0.406,0.403,11.81
2024-12-18,Đắk Lắk,Cà phê,124000.0,VND/kg,Chợ Giá,https://chogia.vn/gia-ca-phe-dak-lak-hom-nay/,25.9,19.4,21.9,0.9,0.9,4.0,80,0.382,0.398,12.55
2024-12-19,Đắk Lắk,Cà phê,123800.0,VND/kg,Chợ Giá,https://chogia.vn/gia-ca-phe-dak-lak-hom-nay/,25.7,19.3,21.6,0.0,0.0,0.0,78,0.361,0.393,14.43
2024-12-20,Đắk Lắk,Cà phê,122000.0,VND/kg,Chợ Giá,https://chogia.vn/gia-ca-phe-dak-lak-hom-nay/,24.2,17.9,20.5,0.0,0.0,0.0,77,0.336,0.387,14.8
2024-12-21,Đắk Lắk,Cà phê,121000.0,VND/kg,Chợ Giá,https://chogia.vn/gia-ca-phe-dak-lak-hom-nay/,24.8,17.4,20.2,0.0,0.0,0.0,77,0.313,0.38,16.41
2024-12-22,Đắk Lắk,Cà phê,121000.0,VND/kg,Chợ Giá,https://chogia.vn/gia-ca-phe-dak-lak-hom-nay/,23.1,16.6,19.6,0.0,0.0,0.0,78,0.295,0.374,12.07
2024-12-23,Đắk Lắk,Cà phê,120500.0,VND/kg,Chợ Giá,https://chogia.vn/gia-ca-phe-dak-lak-hom-nay/,24.7,18.1,21.4,0.6,0.6,5.0,81,0.287,0.369,6.71
2024-12-24,Đắk Lắk,Cà phê,120700.0,VND/kg,Chợ Giá,https://chogia.vn/gia-ca-phe-dak-lak-hom-nay/,24.8,19.8,21.6,0.1,0.1,1.0,79,0.281,0.36,7.34
2024-12-25,Đắk Lắk,Cà phê,120700.0,VND/kg,Chợ Giá,https://chogia.vn/gia-ca-phe-dak-lak-hom-nay/,24.1,19.8,21.7,3.5,3.5,13.0,86,0.296,0.356,4.74
2024-12-26,Đắk Lắk,Cà phê,121500.0,VND/kg,Chợ Giá,https://chogia.vn/gia-ca-phe-dak-lak-hom-nay/,26.8,20.5,22.8,0.8,0.8,4.0,85,0.357,0.353,10.67
2024-12-27,Đắk Lắk,Cà phê,122000.0,VND/kg,Chợ Giá,https://chogia.vn/gia-ca-phe-dak-lak-hom-nay/,27.5,22.0,23.9,2.0,2.0,5.0,81,0.348,0.351,14.99
2024-12-28,Đắk Lắk,Cà phê,120800.0,VND/kg,Chợ Giá,https://chogia.vn/gia-ca-phe-dak-lak-hom-nay/,26.7,20.4,23.2,0.7,0.7,6.0,81,0.329,0.348,17.06
2024-12-29,Đắk Lắk,Cà phê,120800.0,VND/kg,Chợ Giá,https://chogia.vn/gia-ca-phe-dak-lak-hom-nay/,24.9,18.9,21.3,0.0,0.0,0.0,77,0.312,0.346,13.4
2024-12-30,Đắk Lắk,Cà phê,121000.0,VND/kg,Chợ Giá,https://chogia.vn/gia-ca-phe-dak-lak-hom-nay/,25.4,18.4,21.3,0.0,0.0,0.0,79,0.293,0.343,13.26
2024-12-31,Đắk Lắk,Cà phê,120300.0,VND/kg,Chợ Giá,https://chogia.vn/gia-ca-phe-dak-lak-hom-nay/,24.4,18.4,21.0,0.9,0.9,5.0,81,0.28,0.34,8.21
2025-01-01,Đắk Lắk,Cà phê,119400.0,VND/kg,Chợ Giá,https://chogia.vn/gia-ca-phe-dak-lak-hom-nay/,25.7,18.4,21.1,0.0,0.0,0.0,76,0.272,0.339,12.21
2025-01-02,Đắk Lắk,Cà phê,119500.0,VND/kg,Chợ Giá,https://chogia.vn/gia-ca-phe-dak-lak-hom-nay/,26.6,18.7,22.0,0.0,0.0,0.0,77,0.258,0.336,12.17
2025-01-03,Đắk Lắk,Cà phê,122000.0,VND/kg,Chợ Giá,https://chogia.vn/gia-ca-phe-dak-lak-hom-nay/,25.9,19.2,21.9,0.0,0.0,0.0,77,0.248,0.334,11.13
2025-01-04,Đắk Lắk,Cà phê,120300.0,VND/kg,Chợ Giá,https://chogia.vn/gia-ca-phe-dak-lak-hom-nay/,25.0,17.4,20.7,0.0,0.0,0.0,72,0.236,0.333,18.58
2025-01-05,Đắk Lắk,Cà phê,120300.0,VND/kg,Chợ Giá,https://chogia.vn/gia-ca-phe-dak-lak-hom-nay/,25.8,16.6,20.5,0.0,0.0,0.0,71,0.221,0.33,17.99
2025-01-06,Đắk Lắk,Cà phê,120500.0,VND/kg,Chợ Giá,https://chogia.vn/gia-ca-phe-dak-lak-hom-nay/,25.4,17.7,20.8,0.0,0.0,0.0,74,0.207,0.325,20.57
2025-01-07,Đắk Lắk,Cà phê,121000.0,VND/kg,Chợ Giá,https://chogia.vn/gia-ca-phe-dak-lak-hom-nay/,26.7,17.7,21.4,0.0,0.0,0.0,75,0.196,0.319,20.17
2025-01-08,Đắk Lắk,Cà phê,121300.0,VND/kg,Chợ Giá,https://chogia.vn/gia-ca-phe-dak-lak-hom-nay/,26.3,17.7,21.4,0.0,0.0,0.0,71,0.188,0.312,20.98
2025-01-09,Đắk Lắk,Cà phê,119000.0,VND/kg,Chợ Giá,https://chogia.vn/gia-ca-phe-dak-lak-hom-nay/,27.1,18.7,21.9,0.0,0.0,0.0,74,0.185,0.306,18.86
2025-01-10,Đắk Lắk,Cà phê,119500.0,VND/kg,Chợ Giá,https://chogia.vn/gia-ca-phe-dak-lak-hom-nay/,24.9,18.5,21.0,0.0,0.0,0.0,70,0.186,0.306,15.91
2025-01-11,Đắk Lắk,Cà phê,119000.0,VND/kg,Chợ Giá,https://chogia.vn/gia-ca-phe-dak-lak-hom-nay/,24.0,17.7,20.2,0.0,0.0,0.0,71,0.191,0.312,13.2
2025-01-12,Đắk Lắk,Cà phê,119000.0,VND/kg,Chợ Giá,https://chogia.vn/gia-ca-phe-dak-lak-hom-nay/,23.6,15.7,18.7,0.0,0.0,0.0,67,0.192,0.315,20.13
2025-01-13,Đắk Lắk,Cà phê,118000.0,VND/kg,Chợ Giá,https://chogia.vn/gia-ca-phe-dak-lak-hom-nay/,24.5,15.1,19.0,0.0,0.0,0.0,72,0.19,0.314,19.74
2025-01-14,Đắk Lắk,Cà phê,115200.0,VND/kg,Chợ Giá,https://chogia.vn/gia-ca-phe-dak-lak-hom-nay/,25.9,17.3,21.4,0.7,0.7,3.0,78,0.197,0.312,11.55
2025-01-15,Đắk Lắk,Cà phê,114500.0,VND/kg,Chợ Giá,https://chogia.vn/gia-ca-phe-dak-lak-hom-nay/,27.0,20.4,22.9,0.0,0.0,0.0,80,0.248,0.319,12.91
2025-01-16,Đắk Lắk,Cà phê,116000.0,VND/kg,Chợ Giá,https://chogia.vn/gia-ca-phe-dak-lak-hom-nay/,25.6,18.4,21.8,0.0,0.0,0.0,74,0.237,0.321,13.45
2025-01-17,Đắk Lắk,Cà phê,117000.0,VND/kg,Chợ Giá,https://chogia.vn/gia-ca-phe-dak-lak-hom-nay/,24.4,17.6,20.1,0.0,0.0,0.0,73,0.226,0.323,17.08
2025-01-18,Đắk Lắk,Cà phê,119300.0,VND/kg,Chợ Giá,https://chogia.vn/gia-ca-phe-dak-lak-hom-nay/,24.8,16.7,19.9,0.0,0.0,0.0,73,0.215,0.326,19.27
2025-01-19,Đắk Lắk,Cà phê,120000.0,VND/kg,Chợ Giá,https://chogia.vn/gia-ca-phe-dak-lak-hom-nay/,25.8,16.1,20.1,0.0,0.0,0.0,71,0.203,0.324,22.35
2025-01-20,Đắk Lắk,Cà phê,119000.0,VND/kg,Chợ Giá,https://chogia.vn/gia-ca-phe-dak-lak-hom-nay/,26.2,15.9,20.0,0.0,0.0,0.0,69,0.189,0.315,22.71
2025-01-21,Đắk Lắk,Cà phê,120000.0,VND/kg,Chợ Giá,https://chogia.vn/gia-ca-phe-dak-lak-hom-nay/,26.4,15.4,19.9,0.0,0.0,0.0,66,0.183,0.311,22.18
2025-01-22,Đắk Lắk,Cà phê,122200.0,VND/kg,Chợ Giá,https://chogia.vn/gia-ca-phe-dak-lak-hom-nay/,27.5,16.1,20.9,0.0,0.0,0.0,64,0.187,0.311,22.25
2025-01-23,Đắk Lắk,Cà phê,124000.0,VND/kg,Chợ Giá,https://chogia.vn/gia-ca-phe-dak-lak-hom-nay/,29.5,17.7,22.7,0.0,0.0,0.0,59,0.186,0.31,21.82
2025-01-24,Đắk Lắk,Cà phê,124200.0,VND/kg,Chợ Giá,https://chogia.vn/gia-ca-phe-dak-lak-hom-nay/,31.1,18.1,23.8,0.0,0.0,0.0,66,0.192,0.311,22.36
2025-01-25,Đắk Lắk,Cà phê,125300.0,VND/kg,Chợ Giá,https://chogia.vn/gia-ca-phe-dak-lak-hom-nay/,31.3,18.3,23.9,0.0,0.0,0.0,68,0.188,0.308,22.45
2025-01-26,Đắk Lắk,Cà phê,125300.0,VND/kg,Chợ Giá,https://chogia.vn/gia-ca-phe-dak-lak-hom-nay/,27.8,18.8,22.3,0.0,0.0,0.0,68,0.176,0.305,22.2
2025-01-27,Đắk Lắk,Cà phê,125300.0,VND/kg,Chợ Giá,https://chogia.vn/gia-ca-phe-dak-lak-hom-nay/,24.6,17.2,20.4,0.0,0.0,0.0,72,0.17,0.304,17.25
2025-01-28,Đắk Lắk,Cà phê,124300.0,VND/kg,Chợ Giá,https://chogia.vn/gia-ca-phe-dak-lak-hom-nay/,25.4,16.6,19.8,0.0,0.0,0.0,69,0.16,0.301,22.16
2025-01-29,Đắk Lắk,Cà phê,125800.0,VND/kg,Chợ Giá,https://chogia.vn/gia-ca-phe-dak-lak-hom-nay/,26.4,16.5,20.2,0.0,0.0,0.0,69,0.159,0.299,21.31
2025-01-30,Đắk Lắk,Cà phê,127600.0,VND/kg,Chợ Giá,https://chogia.vn/gia-ca-phe-dak-lak-hom-nay/,26.2,16.4,20.6,0.0,0.0,0.0,71,0.163,0.298,19.65
2025-01-31,Đắk Lắk,Cà phê,128800.0,VND/kg,Chợ Giá,https://chogia.vn/gia-ca-phe-dak-lak-hom-nay/,29.4,17.0,22.4,0.0,0.0,0.0,65,0.16,0.297,22.31
2025-02-01,Đắk Lắk,Cà phê,128800.0,VND/kg,Chợ Giá,https://chogia.vn/gia-ca-phe-dak-lak-hom-nay/,31.0,17.6,23.8,0.0,0.0,0.0,53,0.165,0.295,22.8
2025-02-02,Đắk Lắk,Cà phê,128800.0,VND/kg,Chợ Giá,https://chogia.vn/gia-ca-phe-dak-lak-hom-nay/,31.7,17.7,24.4,0.0,0.0,0.0,44,0.165,0.293,23.24
2025-02-03,Đắk Lắk,Cà phê,130500.0,VND/kg,Chợ Giá,https://chogia.vn/gia-ca-phe-dak-lak-hom-nay/,29.5,17.7,23.1,0.0,0.0,0.0,62,0.165,0.291,22.98
2025-02-04,Đắk Lắk,Cà phê,128000.0,VND/kg,Chợ Giá,https://chogia.vn/gia-ca-phe-dak-lak-hom-nay/,26.7,18.6,21.7,0.0,0.0,0.0,72,0.166,0.29,17.48
2025-02-05,Đắk Lắk,Cà phê,129000.0,VND/kg,Chợ Giá,https://chogia.vn/gia-ca-phe-dak-lak-hom-nay/,27.1,17.6,21.3,0.0,0.0,0.0,70,0.167,0.289,23.02
2025-02-06,Đắk Lắk,Cà phê,130400.0,VND/kg,Chợ Giá,https://chogia.vn/gia-ca-phe-dak-lak-hom-nay/,28.0,16.9,21.4,0.0,0.0,0.0,67,0.17,0.289,23.63
2025-02-07,Đắk Lắk,Cà phê,130500.0,VND/kg,Chợ Giá,https://chogia.vn/gia-ca-phe-dak-lak-hom-nay/,27.9,16.4,21.6,0.0,0.0,0.0,68,0.165,0.287,21.05
2025-02-08,Đắk Lắk,Cà phê,129500.0,VND/kg,Chợ Giá,https://chogia.vn/gia-ca-phe-dak-lak-hom-nay/,27.1,18.2,21.8,0.0,0.0,0.0,69,0.163,0.287,18.19
2025-02-09,Đắk Lắk,Cà phê,129500.0,VND/kg,Chợ Giá,https://chogia.vn/gia-ca-phe-dak-lak-hom-nay/,25.0,17.8,20.5,0.0,0.0,0.0,69,0.167,0.286,12.34
2025-02-10,Đắk Lắk,Cà phê,129000.0,VND/kg,Chợ Giá,https://chogia.vn/gia-ca-phe-dak-lak-hom-nay/,26.4,17.6,21.1,0.0,0.0,0.0,69,0.171,0.286,18.95
2025-02-11,Đắk Lắk,Cà phê,131000.0,VND/kg,Chợ Giá,https://chogia.vn/gia-ca-phe-dak-lak-hom-nay/,27.2,18.6,22.3,0.0,0.0,0.0,72,0.169,0.287,12.42
2025-02-12,Đắk Lắk,Cà phê,130800.0,VND/kg,Chợ Giá,https://chogia.vn/gia-ca-phe-dak-lak-hom-nay/,30.0,19.7,24.3,1.3,1.3,5.0,73,0.183,0.293,19.07
2025-02-13,Đắk Lắk,Cà phê,133000.0,VND/kg,Chợ Giá,https://chogia.vn/gia-ca-phe-dak-lak-hom-nay/,31.6,20.6,25.3,0.1,0.1,1.0,69,0.18,0.289,21.35
2025-02-14,Đắk Lắk,Cà phê,132300.0,VND/kg,Chợ Giá,https://chogia.vn/gia-ca-phe-dak-lak-hom-nay/,31.3,20.0,24.6,0.9,0.9,4.0,71,0.184,0.293,21.0
2025-02-15,Đắk Lắk,Cà phê,131000.0,VND/kg,Chợ Giá,https://chogia.vn/gia-ca-phe-dak-lak-hom-nay/,30.8,21.0,25.0,0.0,0.0,0.0,72,0.188,0.297,20.6
2025-02-16,Đắk Lắk,Cà phê,131000.0,VND/kg,Chợ Giá,https://chogia.vn/gia-ca-phe-dak-lak-hom-nay/,30.8,20.9,24.8,0.0,0.0,0.0,69,0.173,0.296,23.09
2025-02-17,Đắk Lắk,Cà phê,132000.0,VND/kg,Chợ Giá,https://chogia.vn/gia-ca-phe-dak-lak-hom-nay/,29.1,19.9,23.6,0.0,0.0,0.0,71,0.164,0.294,18.66
2025-02-18,Đắk Lắk,Cà phê,131500.0,VND/kg,Chợ Giá,https://chogia.vn/gia-ca-phe-dak-lak-hom-nay/,29.3,19.6,23.6,0.0,0.0,0.0,72,0.159,0.294,19.58
2025-02-19,Đắk Lắk,Cà phê,132500.0,VND/kg,Chợ Giá,https://chogia.vn/gia-ca-phe-dak-lak-hom-nay/,28.0,20.5,23.3,0.0,0.0,0.0,75,0.153,0.298,15.12
2025-02-20,Đắk Lắk,Cà phê,133300.0,VND/kg,Chợ Giá,https://chogia.vn/gia-ca-phe-dak-lak-hom-nay/,29.4,20.0,23.5,0.0,0.0,0.0,72,0.144,0.296,18.44
2025-02-21,Đắk Lắk,Cà phê,132000.0,VND/kg,Chợ Giá,https://chogia.vn/gia-ca-phe-dak-lak-hom-nay/,29.8,21.1,24.1,0.0,0.0,0.0,73,0.146,0.294,18.12
2025-02-22,Đắk Lắk,Cà phê,134000.0,VND/kg,Chợ Giá,https://chogia.vn/gia-ca-phe-dak-lak-hom-nay/,28.1,21.2,23.8,0.2,0.2,2.0,75,0.157,0.298,14.32
2025-02-23,Đắk Lắk,Cà phê,134000.0,VND/kg,Chợ Giá,https://chogia.vn/gia-ca-phe-dak-lak-hom-nay/,26.4,22.0,23.5,1.1,1.1,5.0,77,0.165,0.298,10.46
2025-02-24,Đắk Lắk,Cà phê,134000.0,VND/kg,Chợ Giá,https://chogia.vn/gia-ca-phe-dak-lak-hom-nay/,27.0,21.3,23.3,3.1,3.1,14.0,78,0.197,0.293,17.86
2025-02-25,Đắk Lắk,Cà phê,131500.0,VND/kg,Chợ Giá,https://chogia.vn/gia-ca-phe-dak-lak-hom-nay/,28.4,21.1,23.6,0.0,0.0,0.0,74,0.198,0.293,16.92
2025-02-26,Đắk Lắk,Cà phê,129000.0,VND/kg,Chợ Giá,https://chogia.vn/gia-ca-phe-dak-lak-hom-nay/,28.5,20.7,23.4,0.0,0.0,0.0,74,0.192,0.295,16.98
2025-02-27,Đắk Lắk,Cà phê,130500.0,VND/kg,Chợ Giá,https://chogia.vn/gia-ca-phe-dak-lak-hom-nay/,29.7,20.2,24.1,0.0,0.0,0.0,72,0.188,0.296,23.44
2025-02-28,Đắk Lắk,Cà phê,130000.0,VND/kg,Chợ Giá,https://chogia.vn/gia-ca-phe-dak-lak-hom-nay/,32.3,19.3,24.7,0.0,0.0,0.0,69,0.187,0.296,24.21
2025-03-01,Đắk Lắk,Cà phê,129500.0,VND/kg,Chợ Giá,https://chogia.vn/gia-ca-phe-dak-lak-hom-nay/,33.5,19.2,25.6,0.0,0.0,0.0,66,0.183,0.294,24.91
2025-03-02,Đắk Lắk,Cà phê,129500.0,VND/kg,Chợ Giá,https://chogia.vn/gia-ca-phe-dak-lak-hom-nay/,33.4,19.2,25.8,0.0,0.0,0.0,66,0.177,0.291,24.26
2025-03-03,Đắk Lắk,Cà phê,130000.0,VND/kg,Chợ Giá,https://chogia.vn/gia-ca-phe-dak-lak-hom-nay/,34.2,20.6,27.1,0.0,0.0,0.0,63,0.184,0.294,24.26
2025-03-04,Đắk Lắk,Cà phê,133000.0,VND/kg,Chợ Giá,https://chogia.vn/gia-ca-phe-dak-lak-hom-nay/,33.5,22.4,27.6,0.1,0.1,1.0,64,0.19,0.296,22.17
2025-03-05,Đắk Lắk,Cà phê,135000.0,VND/kg,Chợ Giá,https://chogia.vn/gia-ca-phe-dak-lak-hom-nay/,34.0,23.0,28.1,0.0,0.0,0.0,65,0.187,0.292,20.69
2025-03-06,Đắk Lắk,Cà phê,134000.0,VND/kg,Chợ Giá,https://chogia.vn/gia-ca-phe-dak-lak-hom-nay/,33.3,23.3,27.4,0.2,0.2,2.0,63,0.185,0.293,23.99
2025-03-07,Đắk Lắk,Cà phê,130500.0,VND/kg,Chợ Giá,https://chogia.vn/gia-ca-phe-dak-lak-hom-nay/,30.1,22.5,25.3,0.0,0.0,0.0,71,0.182,0.291,17.61
2025-03-08,Đắk Lắk,Cà phê,129800.0,VND/kg,Chợ Giá,https://chogia.vn/gia-ca-phe-dak-lak-hom-nay/,29.0,20.9,24.0,0.0,0.0,0.0,69,0.179,0.289,17.12
2025-03-09,Đắk Lắk,Cà phê,129800.0,VND/kg,Chợ Giá,https://chogia.vn/gia-ca-phe-dak-lak-hom-nay/,25.6,20.5,22.6,2.3,2.3,7.0,80,0.184,0.289,5.11
2025-03-10,Đắk Lắk,Cà phê,131000.0,VND/kg,Chợ Giá,https://chogia.vn/gia-ca-phe-dak-lak-hom-nay/,28.1,21.2,23.9,0.7,0.7,5.0,81,0.241,0.292,13.31
2025-03-11,Đắk Lắk,Cà phê,131300.0,VND/kg,Chợ Giá,https://chogia.vn/gia-ca-phe-dak-lak-hom-nay/,29.9,22.1,25.0,0.0,0.0,0.0,76,0.227,0.3,13.99
2025-03-12,Đắk Lắk,Cà phê,134000.0,VND/kg,Chợ Giá,https://chogia.vn/gia-ca-phe-dak-lak-hom-nay/,33.0,21.8,26.4,0.3,0.3,2.0,69,0.208,0.3,23.86
2025-03-13,Đắk Lắk,Cà phê,133000.0,VND/kg,Chợ Giá,https://chogia.vn/gia-ca-phe-dak-lak-hom-nay/,32.8,21.9,26.7,0.0,0.0,0.0,67,0.191,0.3,23.77
2025-03-14,Đắk Lắk,Cà phê,133500.0,VND/kg,Chợ Giá,https://chogia.vn/gia-ca-phe-dak-lak-hom-nay/,34.2,21.4,27.1,0.0,0.0,0.0,65,0.188,0.306,25.38
2025-03-15,Đắk Lắk,Cà phê,132000.0,VND/kg,Chợ Giá,https://chogia.vn/gia-ca-phe-dak-lak-hom-nay/,35.0,21.5,28.0,0.0,0.0,0.0,61,0.18,0.301,24.21
2025-03-16,Đắk Lắk,Cà phê,132000.0,VND/kg,Chợ Giá,https://chogia.vn/gia-ca-phe-dak-lak-hom-nay/,32.6,22.0,26.3,0.6,0.6,1.0,68,0.181,0.304,23.27
2025-03-17,Đắk Lắk,Cà phê,132700.0,VND/kg,Chợ Giá,https://chogia.vn/gia-ca-phe-dak-lak-hom-nay/,29.2,21.4,24.4,0.0,0.0,0.0,73,0.17,0.307,17.78
2025-03-18,Đắk Lắk,Cà phê,134000.0,VND/kg,Chợ Giá,https://chogia.vn/gia-ca-phe-dak-lak-hom-nay/,29.4,20.4,23.9,0.1,0.1,1.0,71,0.158,0.303,20.98
2025-03-19,Đắk Lắk,Cà phê,134000.0,VND/kg,Chợ Giá,https://chogia.vn/gia-ca-phe-dak-lak-hom-nay/,27.6,19.2,22.6,0.0,0.0,0.0,69,0.158,0.296,18.3
2025-03-20,Đắk Lắk,Cà phê,135000.0,VND/kg,Chợ Giá,https://chogia.vn/gia-ca-phe-dak-lak-hom-nay/,27.7,18.2,22.0,0.0,0.0,0.0,67,0.162,0.299,18.53
2025-03-21,Đắk Lắk,Cà phê,133500.0,VND/kg,Chợ Giá,https://chogia.vn/gia-ca-phe-dak-lak-hom-nay/,28.2,18.1,22.3,0.0,0.0,0.0,66,0.163,0.298,20.47
2025-03-22,Đắk Lắk,Cà phê,133900.0,VND/kg,Chợ Giá,https://chogia.vn/gia-ca-phe-dak-lak-hom-nay/,28.0,18.2,22.5,0.0,0.0,0.0,69,0.163,0.296,23.08
2025-03-23,Đắk Lắk,Cà phê,133900.0,VND/kg,Chợ Giá,https://chogia.vn/gia-ca-phe-dak-lak-hom-nay/,29.1,19.1,23.3,0.0,0.0,0.0,71,0.164,0.294,25.69
2025-03-24,Đắk Lắk,Cà phê,133800.0,VND/kg,Chợ Giá,https://chogia.vn/gia-ca-phe-dak-lak-hom-nay/,32.3,18.6,24.2,0.0,0.0,0.0,62,0.166,0.293,26.03
2025-03-25,Đắk Lắk,Cà phê,133700.0,VND/kg,Chợ Giá,https://chogia.vn/gia-ca-phe-dak-lak-hom-nay/,32.7,18.5,25.0,0.0,0.0,0.0,55,0.165,0.29,24.3
2025-03-26,Đắk Lắk,Cà phê,135400.0,VND/kg,Chợ Giá,https://chogia.vn/gia-ca-phe-dak-lak-hom-nay/,34.8,20.3,27.0,0.0,0.0,0.0,58,0.165,0.289,25.8
2025-03-27,Đắk Lắk,Cà phê,133400.0,VND/kg,Chợ Giá,https://chogia.vn/gia-ca-phe-dak-lak-hom-nay/,34.8,22.8,28.4,0.4,0.4,1.0,60,0.165,0.287,22.64
2025-03-28,Đắk Lắk,Cà phê,132300.0,VND/kg,Chợ Giá,https://chogia.vn/gia-ca-phe-dak-lak-hom-nay/,34.5,23.9,28.0,0.6,0.6,4.0,63,0.167,0.286,20.98
2025-03-29,Đắk Lắk,Cà phê,132300.0,VND/kg,Chợ Giá,https://chogia.vn/gia-ca-phe-dak-lak-hom-nay/,34.1,22.7,27.7,0.0,0.0,0.0,64,0.164,0.283,24.97
2025-03-30,Đắk Lắk,Cà phê,132300.0,VND/kg,Chợ Giá,https://chogia.vn/gia-ca-phe-dak-lak-hom-nay/,32.4,22.8,26.3,0.7,0.7,4.0,71,0.17,0.27,21.8
2025-03-31,Đắk Lắk,Cà phê,133000.0,VND/kg,Chợ Giá,https://chogia.vn/gia-ca-phe-dak-lak-hom-nay/,29.3,22.3,25.3,0.0,0.0,0.0,70,0.174,0.269,15.84
2025-04-01,Đắk Lắk,Cà phê,132300.0,VND/kg,Chợ Giá,https://chogia.vn/gia-ca-phe-dak-lak-hom-nay/,28.5,21.4,24.0,0.2,0.2,2.0,72,0.173,0.269,11.03
2025-04-02,Đắk Lắk,Cà phê,133500.0,VND/kg,Chợ Giá,https://chogia.vn/gia-ca-phe-dak-lak-hom-nay/,26.5,19.2,22.2,26.1,26.1,7.0,80,0.362,0.272,12.84
2025-04-03,Đắk Lắk,Cà phê,133500.0,VND/kg,Chợ Giá,https://chogia.vn/gia-ca-phe-dak-lak-hom-nay/,29.1,20.9,24.0,0.0,0.0,0.0,73,0.381,0.282,21.96
2025-04-04,Đắk Lắk,Cà phê,131000.0,VND/kg,Chợ Giá,https://chogia.vn/gia-ca-phe-dak-lak-hom-nay/,32.1,19.5,25.0,0.0,0.0,0.0,70,0.328,0.284,25.81
2025-04-05,Đắk Lắk,Cà phê,127200.0,VND/kg,Chợ Giá,https://chogia.vn/gia-ca-phe-dak-lak-hom-nay/,34.5,20.6,26.9,0.1,0.1,1.0,68,0.284,0.284,24.4
2025-04-06,Đắk Lắk,Cà phê,127200.0,VND/kg,Chợ Giá,https://chogia.vn/gia-ca-phe-dak-lak-hom-nay/,33.0,20.9,26.2,0.0,0.0,0.0,69,0.249,0.283,25.41
2025-04-07,Đắk Lắk,Cà phê,127200.0,VND/kg,Chợ Giá,https://chogia.vn/gia-ca-phe-dak-lak-hom-nay/,32.6,21.5,26.0,0.0,0.0,0.0,68,0.225,0.287,25.66
2025-04-08,Đắk Lắk,Cà phê,120000.0,VND/kg,Chợ Giá,https://chogia.vn/gia-ca-phe-dak-lak-hom-nay/,32.8,22.1,26.7,2.4,2.4,4.0,67,0.208,0.285,23.98
2025-04-09,Đắk Lắk,Cà phê,118000.0,VND/kg,Chợ Giá,https://chogia.vn/gia-ca-phe-dak-lak-hom-nay/,34.0,21.6,27.0,2.7,2.7,2.0,69,0.203,0.285,23.51
2025-04-10,Đắk Lắk,Cà phê,121000.0,VND/kg,Chợ Giá,https://chogia.vn/gia-ca-phe-dak-lak-hom-nay/,32.3,23.0,26.7,1.1,1.1,6.0,74,0.201,0.285,19.57
2025-04-11,Đắk Lắk,Cà phê,123000.0,VND/kg,Chợ Giá,https://chogia.vn/gia-ca-phe-dak-lak-hom-nay/,33.9,22.7,27.4,0.5,0.5,4.0,74,0.222,0.288,23.89
2025-04-12,Đắk Lắk,Cà phê,125000.0,VND/kg,Chợ Giá,https://chogia.vn/gia-ca-phe-dak-lak-hom-nay/,34.7,23.3,28.4,0.2,0.2,2.0,67,0.192,0.28,22.42
2025-04-13,Đắk Lắk,Cà phê,125000.0,VND/kg,Chợ Giá,https://chogia.vn/gia-ca-phe-dak-lak-hom-nay/,32.5,24.0,27.6,2.5,2.5,3.0,68,0.195,0.285,23.34
2025-04-14,Đắk Lắk,Cà phê,125000.0,VND/kg,Chợ Giá,https://chogia.vn/gia-ca-phe-dak-lak-hom-nay/,34.3,22.2,26.9,0.0,0.0,0.0,65,0.191,0.291,25.53
2025-04-15,Đắk Lắk,Cà phê,130200.0,VND/kg,Chợ Giá,https://chogia.vn/gia-ca-phe-dak-lak-hom-nay/,33.8,21.6,26.9,0.0,0.0,0.0,63,0.181,0.279,23.63
2025-04-16,Đắk Lắk,Cà phê,133000.0,VND/kg,Chợ Giá,https://chogia.vn/gia-ca-phe-dak-lak-hom-nay/,35.8,22.1,28.0,0.0,0.0,0.0,62,0.178,0.278,25.2
2025-04-17,Đắk Lắk,Cà phê,133700.0,VND/kg,Chợ Giá,https://chogia.vn/gia-ca-phe-dak-lak-hom-nay/,35.2,23.3,28.1,0.7,0.7,4.0,69,0.171,0.278,21.51
2025-04-18,Đắk Lắk,Cà phê,129700.0,VND/kg,Chợ Giá,https://chogia.vn/gia-ca-phe-dak-lak-hom-nay/,35.3,23.0,29.1,0.3,0.3,2.0,63,0.169,0.278,23.57
2025-04-19,Đắk Lắk,Cà phê,129700.0,VND/kg,Chợ Giá,https://chogia.vn/gia-ca-phe-dak-lak-hom-nay/,35.5,24.2,29.3,0.6,0.6,5.0,62,0.164,0.277,23.01
2025-04-20,Đắk Lắk,Cà phê,129700.0,VND/kg,Chợ Giá,https://chogia.vn/gia-ca-phe-dak-lak-hom-nay/,37.4,23.6,29.6,0.1,0.1,1.0,57,0.165,0.277,25.04
2025-04-21,Đắk Lắk,Cà phê,129700.0,VND/kg,Chợ Giá,https://chogia.vn/gia-ca-phe-dak-lak-hom-nay/,37.4,23.3,29.4,0.0,0.0,0.0,55,0.17,0.277,25.98
2025-04-22,Đắk Lắk,Cà phê,129500.0,VND/kg,Chợ Giá,https://chogia.vn/gia-ca-phe-dak-lak-hom-nay/,36.4,23.4,29.5,0.2,0.2,1.0,55,0.17,0.277,24.44
2025-04-23,Đắk Lắk,Cà phê,129400.0,VND/kg,Chợ Giá,https://chogia.vn/gia-ca-phe-dak-lak-hom-nay/,35.4,24.2,28.2,0.8,0.8,4.0,65,0.194,0.277,22.38
2025-04-24,Đắk Lắk,Cà phê,130500.0,VND/kg,Chợ Giá,https://chogia.vn/gia-ca-phe-dak-lak-hom-nay/,34.7,23.0,27.4,0.7,0.7,4.0,72,0.203,0.277,22.14
2025-04-25,Đắk Lắk,Cà phê,132200.0,VND/kg,Chợ Giá,https://chogia.vn/gia-ca-phe-dak-lak-hom-nay/,34.5,23.5,27.9,1.2,1.2,5.0,69,0.191,0.277,21.68
2025-04-26,Đắk Lắk,Cà phê,130700.0,VND/kg,Chợ Giá,https://chogia.vn/gia-ca-phe-dak-lak-hom-nay/,35.7,23.4,28.2,1.4,1.4,6.0,66,0.193,0.277,24.21
2025-04-27,Đắk Lắk,Cà phê,130700.0,VND/kg,Chợ Giá,https://chogia.vn/gia-ca-phe-dak-lak-hom-nay/,35.3,22.0,28.2,0.1,0.1,1.0,64,0.212,0.277,24.14
2025-04-28,Đắk Lắk,Cà phê,130700.0,VND/kg,Chợ Giá,https://chogia.vn/gia-ca-phe-dak-lak-hom-nay/,36.0,22.7,28.8,0.0,0.0,0.0,52,0.195,0.277,27.17
2025-04-29,Đắk Lắk,Cà phê,130800.0,VND/kg,Chợ Giá,https://chogia.vn/gia-ca-phe-dak-lak-hom-nay/,35.3,22.3,27.9,0.0,0.0,0.0,56,0.174,0.276,27.12
2025-04-30,Đắk Lắk,Cà phê,130800.0,VND/kg,Chợ Giá,https://chogia.vn/gia-ca-phe-dak-lak-hom-nay/,35.0,21.1,27.8,0.0,0.0,0.0,59,0.175,0.276,26.72
2025-05-01,Đắk Lắk,Cà phê,131200.0,VND/kg,Chợ Giá,https://chogia.vn/gia-ca-phe-dak-lak-hom-nay/,33.9,23.7,27.8,1.8,1.8,4.0,67,0.183,0.277,23.3
2025-05-02,Đắk Lắk,Cà phê,127200.0,VND/kg,Chợ Giá,https://chogia.vn/gia-ca-phe-dak-lak-hom-nay/,34.2,23.5,27.7,1.9,1.9,6.0,68,0.193,0.277,22.83
2025-05-03,Đắk Lắk,Cà phê,130000.0,VND/kg,Chợ Giá,https://chogia.vn/gia-ca-phe-dak-lak-hom-nay/,34.3,23.1,26.8,20.4,20.4,9.0,74,0.259,0.277,18.86
2025-05-04,Đắk Lắk,Cà phê,130000.0,VND/kg,Chợ Giá,https://chogia.vn/gia-ca-phe-dak-lak-hom-nay/,33.8,22.3,26.0,21.5,21.5,11.0,84,0.381,0.288,20.21
2025-05-05,Đắk Lắk,Cà phê,128500.0,VND/kg,Chợ Giá,https://chogia.vn/gia-ca-phe-dak-lak-hom-nay/,32.3,22.9,26.8,2.2,2.2,6.0,80,0.421,0.324,24.11
2025-05-06,Đắk Lắk,Cà phê,128500.0,VND/kg,Chợ Giá,https://chogia.vn/gia-ca-phe-dak-lak-hom-nay/,33.5,23.3,27.1,13.2,13.2,9.0,78,0.384,0.318,24.19
2025-05-07,Đắk Lắk,Cà phê,128300.0,VND/kg,Chợ Giá,https://chogia.vn/gia-ca-phe-dak-lak-hom-nay/,31.4,23.2,26.1,15.5,15.5,9.0,85,0.461,0.344,20.03
2025-05-08,Đắk Lắk,Cà phê,128000.0,VND/kg,Chợ Giá,https://chogia.vn/gia-ca-phe-dak-lak-hom-nay/,32.4,23.5,27.3,2.7,2.7,4.0,79,0.427,0.382,23.52
2025-05-09,Đắk Lắk,Cà phê,128500.0,VND/kg,Chợ Giá,https://chogia.vn/gia-ca-phe-dak-lak-hom-nay/,33.6,23.9,27.2,5.7,5.7,8.0,77,0.371,0.377,24.13
2025-05-10,Đắk Lắk,Cà phê,128200.0,VND/kg,Chợ Giá,https://chogia.vn/gia-ca-phe-dak-lak-hom-nay/,32.9,22.9,26.5,3.5,3.5,8.0,80,0.354,0.364,21.94
2025-05-11,Đắk Lắk,Cà phê,128200.0,VND/kg,Chợ Giá,https://chogia.vn/gia-ca-phe-dak-lak-hom-nay/,31.8,22.9,26.0,10.0,10.0,5.0,82,0.423,0.374,22.47
2025-05-12,Đắk Lắk,Cà phê,127800.0,VND/kg,Chợ Giá,https://chogia.vn/gia-ca-phe-dak-lak-hom-nay/,31.8,23.4,25.6,5.2,5.2,7.0,83,0.4,0.373,18.96
2025-05-13,Đắk Lắk,Cà phê,126000.0,VND/kg,Chợ Giá,https://chogia.vn/gia-ca-phe-dak-lak-hom-nay/,32.2,22.7,25.9,12.2,12.2,9.0,83,0.402,0.359,20.96
2025-05-14,Đắk Lắk,Cà phê,128500.0,VND/kg,Chợ Giá,https://chogia.vn/gia-ca-phe-dak-lak-hom-nay/,32.9,23.2,26.0,21.5,21.5,15.0,86,0.416,0.357,21.52
2025-05-15,Đắk Lắk,Cà phê,126000.0,VND/kg,Chợ Giá,https://chogia.vn/gia-ca-phe-dak-lak-hom-nay/,31.4,22.3,25.8,3.6,3.6,7.0,86,0.437,0.357,20.97
2025-05-16,Đắk Lắk,Cà phê,126200.0,VND/kg,Chợ Giá,https://chogia.vn/gia-ca-phe-dak-lak-hom-nay/,31.6,22.5,26.3,6.8,6.8,6.0,81,0.445,0.375,21.25
2025-05-17,Đắk Lắk,Cà phê,125000.0,VND/kg,Chợ Giá,https://chogia.vn/gia-ca-phe-dak-lak-hom-nay/,32.2,22.9,27.0,1.6,1.6,3.0,76,0.384,0.368,23.22
2025-05-18,Đắk Lắk,Cà phê,125000.0,VND/kg,Chợ Giá,https://chogia.vn/gia-ca-phe-dak-lak-hom-nay/,33.1,23.3,27.3,0.8,0.8,1.0,73,0.329,0.357,22.94
2025-05-19,Đắk Lắk,Cà phê,124500.0,VND/kg,Chợ Giá,https://chogia.vn/gia-ca-phe-dak-lak-hom-nay/,33.1,23.1,26.4,11.0,11.0,12.0,81,0.343,0.35,21.7
2025-05-20,Đắk Lắk,Cà phê,126500.0,VND/kg,Chợ Giá,https://chogia.vn/gia-ca-phe-dak-lak-hom-nay/,31.3,22.6,25.6,6.9,6.9,6.0,85,0.439,0.354,22.45
2025-05-21,Đắk Lắk,Cà phê,125000.0,VND/kg,Chợ Giá,https://chogia.vn/gia-ca-phe-dak-lak-hom-nay/,30.7,23.2,25.7,20.8,20.8,9.0,86,0.438,0.362,19.04
2025-05-22,Đắk Lắk,Cà phê,125200.0,VND/kg,Chợ Giá,https://chogia.vn/gia-ca-phe-dak-lak-hom-nay/,31.3,22.8,25.2,12.1,12.1,15.0,87,0.473,0.371,19.44
2025-05-23,Đắk Lắk,Cà phê,122500.0,VND/kg,Chợ Giá,https://chogia.vn/gia-ca-phe-dak-lak-hom-nay/,29.9,22.2,25.1,11.8,11.8,13.0,89,0.474,0.399,18.87
2025-05-24,Đắk Lắk,Cà phê,122500.0,VND/kg,Chợ Giá,https://chogia.vn/gia-ca-phe-dak-lak-hom-nay/,29.6,22.4,25.4,7.3,7.3,15.0,88,0.469,0.418,19.06
2025-05-25,Đắk Lắk,Cà phê,122500.0,VND/kg,Chợ Giá,https://chogia.vn/gia-ca-phe-dak-lak-hom-nay/,30.5,22.2,25.5,15.6,15.6,9.0,85,0.467,0.42,21.02
2025-05-26,Đắk Lắk,Cà phê,122500.0,VND/kg,Chợ Giá,https://chogia.vn/gia-ca-phe-dak-lak-hom-nay/,32.2,22.3,26.1,11.0,11.0,10.0,82,0.45,0.407,23.63
2025-05-27,Đắk Lắk,Cà phê,123700.0,VND/kg,Chợ Giá,https://chogia.vn/gia-ca-phe-dak-lak-hom-nay/,31.4,23.2,26.4,14.5,14.5,9.0,82,0.435,0.393,22.8
2025-05-28,Đắk Lắk,Cà phê,122200.0,VND/kg,Chợ Giá,https://chogia.vn/gia-ca-phe-dak-lak-hom-nay/,30.0,22.2,25.3,4.9,4.9,10.0,87,0.43,0.386,18.18
2025-05-29,Đắk Lắk,Cà phê,120000.0,VND/kg,Chợ Giá,https://chogia.vn/gia-ca-phe-dak-lak-hom-nay/,28.5,23.6,25.1,4.1,4.1,13.0,89,0.421,0.38,17.53
2025-05-30,Đắk Lắk,Cà phê,118500.0,VND/kg,Chợ Giá,https://chogia.vn/gia-ca-phe-dak-lak-hom-nay/,28.9,22.7,25.6,0.6,0.6,5.0,81,0.439,0.387,20.77
2025-05-31,Đắk Lắk,Cà phê,117500.0,VND/kg,Chợ Giá,https://chogia.vn/gia-ca-phe-dak-lak-hom-nay/,29.4,22.6,25.2,7.3,7.3,12.0,83,0.42,0.386,19.57
2025-06-01,Đắk Lắk,Cà phê,117500.0,VND/kg,Chợ Giá,https://chogia.vn/gia-ca-phe-dak-lak-hom-nay/,29.8,22.9,25.8,1.4,1.4,7.0,79,0.443,0.403,21.28
2025-06-02,Đắk Lắk,Cà phê,117500.0,VND/kg,Chợ Giá,https://chogia.vn/gia-ca-phe-dak-lak-hom-nay/,30.0,23.4,26.2,1.7,1.7,8.0,79,0.403,0.395,21.54
2025-06-03,Đắk Lắk,Cà phê,116500.0,VND/kg,Chợ Giá,https://chogia.vn/gia-ca-phe-dak-lak-hom-nay/,30.1,22.8,25.2,8.5,8.5,11.0,86,0.419,0.389,20.31
2025-06-04,Đắk Lắk,Cà phê,114000.0,VND/kg,Chợ Giá,https://chogia.vn/gia-ca-phe-dak-lak-hom-nay/,29.8,23.1,25.9,1.4,1.4,6.0,83,0.437,0.385,22.37
2025-06-05,Đắk Lắk,Cà phê,114100.0,VND/kg,Chợ Giá,https://chogia.vn/gia-ca-phe-dak-lak-hom-nay/,29.4,22.8,25.7,2.6,2.6,7.0,85,0.432,0.386,20.84
2025-06-06,Đắk Lắk,Cà phê,115700.0,VND/kg,Chợ Giá,https://chogia.vn/gia-ca-phe-dak-lak-hom-nay/,29.3,22.6,25.2,11.6,11.6,15.0,89,0.453,0.385,18.99
2025-06-07,Đắk Lắk,Cà phê,114000.0,VND/kg,Chợ Giá,https://chogia.vn/gia-ca-phe-dak-lak-hom-nay/,30.8,22.7,25.5,8.7,8.7,12.0,87,0.451,0.392,21.93
2025-06-08,Đắk Lắk,Cà phê,114000.0,VND/kg,Chợ Giá,https://chogia.vn/gia-ca-phe-dak-lak-hom-nay/,29.5,22.5,24.8,12.4,12.4,10.0,88,0.452,0.395,18.15
2025-06-09,Đắk Lắk,Cà phê,113800.0,VND/kg,Chợ Giá,https://chogia.vn/gia-ca-phe-dak-lak-hom-nay/,29.2,22.3,25.4,1.2,1.2,9.0,84,0.402,0.383,19.38
2025-06-10,Đắk Lắk,Cà phê,115500.0,VND/kg,Chợ Giá,https://chogia.vn/gia-ca-phe-dak-lak-hom-nay/,26.9,22.7,24.2,10.7,10.7,18.0,91,0.453,0.382,13.88
2025-06-11,Đắk Lắk,Cà phê,112500.0,VND/kg,Chợ Giá,https://chogia.vn/gia-ca-phe-dak-lak-hom-nay/,24.5,22.4,23.0,31.9,31.9,24.0,96,0.512,0.46,5.6
2025-06-12,Đắk Lắk,Cà phê,112000.0,VND/kg,Chợ Giá,https://chogia.vn/gia-ca-phe-dak-lak-hom-nay/,26.0,21.1,23.5,9.8,9.8,17.0,89,0.507,0.502,7.76
2025-06-13,Đắk Lắk,Cà phê,112800.0,VND/kg,Chợ Giá,https://chogia.vn/gia-ca-phe-dak-lak-hom-nay/,28.8,23.9,25.8,2.9,2.9,10.0,80,0.484,0.483,18.52
2025-06-14,Đắk Lắk,Cà phê,112500.0,VND/kg,Chợ Giá,https://chogia.vn/gia-ca-phe-dak-lak-hom-nay/,29.7,23.0,26.0,1.4,1.4,7.0,81,0.45,0.465,21.8
2025-06-15,Đắk Lắk,Cà phê,112500.0,VND/kg,Chợ Giá,https://chogia.vn/gia-ca-phe-dak-lak-hom-nay/,29.8,23.2,26.4,0.4,0.4,4.0,81,0.413,0.447,23.22
2025-06-16,Đắk Lắk,Cà phê,112000.0,VND/kg,Chợ Giá,https://chogia.vn/gia-ca-phe-dak-lak-hom-nay/,29.9,23.6,26.1,4.2,4.2,11.0,84,0.379,0.421,22.51
2025-06-17,Đắk Lắk,Cà phê,110600.0,VND/kg,Chợ Giá,https://chogia.vn/gia-ca-phe-dak-lak-hom-nay/,30.5,21.6,25.8,11.3,11.3,12.0,85,0.433,0.405,25.08
2025-06-18,Đắk Lắk,Cà phê,109700.0,VND/kg,Chợ Giá,https://chogia.vn/gia-ca-phe-dak-lak-hom-nay/,30.2,22.1,25.1,6.5,6.5,10.0,88,0.421,0.405,20.79
2025-06-19,Đắk Lắk,Cà phê,103500.0,VND/kg,Chợ Giá,https://chogia.vn/gia-ca-phe-dak-lak-hom-nay/,29.4,22.2,25.9,1.0,1.0,5.0,81,0.358,0.39,23.3
2025-06-20,Đắk Lắk,Cà phê,101000.0,VND/kg,Chợ Giá,https://chogia.vn/gia-ca-phe-dak-lak-hom-nay/,29.6,22.7,25.4,2.4,2.4,6.0,85,0.328,0.378,20.43
2025-06-21,Đắk Lắk,Cà phê,96000.0,VND/kg,Chợ Giá,https://chogia.vn/gia-ca-phe-dak-lak-hom-nay/,28.8,22.7,25.0,14.4,14.4,16.0,89,0.376,0.367,21.35
2025-06-22,Đắk Lắk,Cà phê,96000.0,VND/kg,Chợ Giá,https://chogia.vn/gia-ca-phe-dak-lak-hom-nay/,29.1,21.8,24.3,17.7,17.7,11.0,90,0.43,0.364,16.28
2025-06-23,Đắk Lắk,Cà phê,96000.0,VND/kg,Chợ Giá,https://chogia.vn/gia-ca-phe-dak-lak-hom-nay/,29.0,22.0,25.0,3.3,3.3,12.0,83,0.381,0.353,21.87
2025-06-24,Đắk Lắk,Cà phê,99200.0,VND/kg,Chợ Giá,https://chogia.vn/gia-ca-phe-dak-lak-hom-nay/,29.4,22.3,25.1,13.0,13.0,11.0,85,0.408,0.348,22.7
2025-06-25,Đắk Lắk,Cà phê,95000.0,VND/kg,Chợ Giá,https://chogia.vn/gia-ca-phe-dak-lak-hom-nay/,29.1,22.4,24.9,2.5,2.5,12.0,86,0.402,0.343,19.98
2025-06-26,Đắk Lắk,Cà phê,91000.0,VND/kg,Chợ Giá,https://chogia.vn/gia-ca-phe-dak-lak-hom-nay/,28.0,21.8,24.3,22.2,22.2,14.0,88,0.428,0.347,20.53
2025-06-27,Đắk Lắk,Cà phê,93800.0,VND/kg,Chợ Giá,https://chogia.vn/gia-ca-phe-dak-lak-hom-nay/,29.1,22.3,24.8,17.6,17.6,15.0,85,0.471,0.393,23.23
2025-06-28,Đắk Lắk,Cà phê,94200.0,VND/kg,Chợ Giá,https://chogia.vn/gia-ca-phe-dak-lak-hom-nay/,28.7,22.1,24.6,6.2,6.2,10.0,86,0.457,0.423,20.89
2025-06-29,Đắk Lắk,Cà phê,94200.0,VND/kg,Chợ Giá,https://chogia.vn/gia-ca-phe-dak-lak-hom-nay/,28.7,22.3,25.0,1.3,1.3,8.0,82,0.421,0.412,23.79
2025-06-30,Đắk Lắk,Cà phê,94500.0,VND/kg,Chợ Giá,https://chogia.vn/gia-ca-phe-dak-lak-hom-nay/,28.7,22.6,24.6,15.6,15.6,18.0,87,0.429,0.403,21.58
2025-07-01,Đắk Lắk,Cà phê,94700.0,VND/kg,Chợ Giá,https://chogia.vn/gia-ca-phe-dak-lak-hom-nay/,29.0,22.5,24.8,6.1,6.1,10.0,86,0.454,0.407,20.28
2025-07-02,Đắk Lắk,Cà phê,95500.0,VND/kg,Chợ Giá,https://chogia.vn/gia-ca-phe-dak-lak-hom-nay/,27.1,22.5,24.1,7.1,7.1,13.0,91,0.463,0.418,16.53
2025-07-03,Đắk Lắk,Cà phê,95200.0,VND/kg,Chợ Giá,https://chogia.vn/gia-ca-phe-dak-lak-hom-nay/,27.9,22.1,24.4,3.9,3.9,12.0,85,0.462,0.432,20.05
2025-07-04,Đắk Lắk,Cà phê,95500.0,VND/kg,Chợ Giá,https://chogia.vn/gia-ca-phe-dak-lak-hom-nay/,28.4,21.8,24.6,2.9,2.9,12.0,84,0.419,0.421,20.99
2025-07-05,Đắk Lắk,Cà phê,96300.0,VND/kg,Chợ Giá,https://chogia.vn/gia-ca-phe-dak-lak-hom-nay/,28.7,22.5,24.9,5.6,5.6,17.0,87,0.41,0.404,20.73
2025-07-06,Đắk Lắk,Cà phê,96300.0,VND/kg,Chợ Giá,https://chogia.vn/gia-ca-phe-dak-lak-hom-nay/,29.1,22.3,25.3,7.8,7.8,15.0,85,0.465,0.411,20.43
2025-07-07,Đắk Lắk,Cà phê,96500.0,VND/kg,Chợ Giá,https://chogia.vn/gia-ca-phe-dak-lak-hom-nay/,29.2,22.9,25.4,14.4,14.4,15.0,84,0.453,0.425,22.3
2025-07-08,Đắk Lắk,Cà phê,92800.0,VND/kg,Chợ Giá,https://chogia.vn/gia-ca-phe-dak-lak-hom-nay/,29.2,22.8,25.6,1.5,1.5,8.0,83,0.417,0.405,20.01
2025-07-09,Đắk Lắk,Cà phê,93800.0,VND/kg,Chợ Giá,https://chogia.vn/gia-ca-phe-dak-lak-hom-nay/,28.7,22.9,24.8,21.3,21.3,15.0,88,0.434,0.4,21.33
2025-07-10,Đắk Lắk,Cà phê,92600.0,VND/kg,Chợ Giá,https://chogia.vn/gia-ca-phe-dak-lak-hom-nay/,28.8,22.1,25.1,5.6,5.6,7.0,85,0.426,0.389,20.97
2025-07-11,Đắk Lắk,Cà phê,90300.0,VND/kg,Chợ Giá,https://chogia.vn/gia-ca-phe-dak-lak-hom-nay/,30.0,22.6,25.4,3.1,3.1,8.0,82,0.406,0.379,23.08
2025-07-12,Đắk Lắk,Cà phê,90300.0,VND/kg,Chợ Giá,https://chogia.vn/gia-ca-phe-dak-lak-hom-nay/,30.7,23.0,26.3,0.8,0.8,7.0,79,0.402,0.374,24.35
2025-07-13,Đắk Lắk,Cà phê,90300.0,VND/kg,Chợ Giá,https://chogia.vn/gia-ca-phe-dak-lak-hom-nay/,29.3,23.0,25.4,5.4,5.4,11.0,87,0.373,0.362,20.31
2025-07-14,Đắk Lắk,Cà phê,88300.0,VND/kg,Chợ Giá,https://chogia.vn/gia-ca-phe-dak-lak-hom-nay/,29.7,22.7,25.2,12.8,12.8,11.0,87,0.406,0.341,22.05
2025-07-15,Đắk Lắk,Cà phê,94600.0,VND/kg,Chợ Giá,https://chogia.vn/gia-ca-phe-dak-lak-hom-nay/,29.1,22.6,25.1,1.8,1.8,8.0,87,0.428,0.341,18.32
2025-07-16,Đắk Lắk,Cà phê,91600.0,VND/kg,Chợ Giá,https://chogia.vn/gia-ca-phe-dak-lak-hom-nay/,29.0,22.7,25.0,7.7,7.7,8.0,87,0.426,0.338,19.09
2025-07-17,Đắk Lắk,Cà phê,92500.0,VND/kg,Chợ Giá,https://chogia.vn/gia-ca-phe-dak-lak-hom-nay/,29.3,22.0,24.5,10.1,10.1,12.0,86,0.431,0.339,21.31
2025-07-18,Đắk Lắk,Cà phê,92000.0,VND/kg,Chợ Giá,https://chogia.vn/gia-ca-phe-dak-lak-hom-nay/,28.1,21.7,24.1,23.2,23.2,16.0,88,0.448,0.34,18.42
2025-07-19,Đắk Lắk,Cà phê,93800.0,VND/kg,Chợ Giá,https://chogia.vn/gia-ca-phe-dak-lak-hom-nay/,29.1,22.1,24.8,4.0,4.0,10.0,83,0.455,0.38,23.04
2025-07-20,Đắk Lắk,Cà phê,93800.0,VND/kg,Chợ Giá,https://chogia.vn/gia-ca-phe-dak-lak-hom-nay/,27.8,23.2,25.0,13.5,13.5,9.0,82,0.451,0.379,15.19
2025-07-21,Đắk Lắk,Cà phê,93800.0,VND/kg,Chợ Giá,https://chogia.vn/gia-ca-phe-dak-lak-hom-nay/,28.5,23.1,25.6,8.0,8.0,12.0,80,0.457,0.382,19.38
2025-07-22,Đắk Lắk,Cà phê,92300.0,VND/kg,Chợ Giá,https://chogia.vn/gia-ca-phe-dak-lak-hom-nay/,28.9,24.1,26.0,1.5,1.5,5.0,76,0.417,0.383,21.33
2025-07-23,Đắk Lắk,Cà phê,95500.0,VND/kg,Chợ Giá,https://chogia.vn/gia-ca-phe-dak-lak-hom-nay/,29.9,23.1,25.9,6.6,6.6,11.0,80,0.382,0.375,21.88
2025-07-24,Đắk Lắk,Cà phê,96000.0,VND/kg,Chợ Giá,https://chogia.vn/gia-ca-phe-dak-lak-hom-nay/,28.3,22.7,24.6,13.6,13.6,16.0,89,0.462,0.367,16.5
2025-07-25,Đắk Lắk,Cà phê,97500.0,VND/kg,Chợ Giá,https://chogia.vn/gia-ca-phe-dak-lak-hom-nay/,28.5,23.2,25.3,4.7,4.7,7.0,83,0.453,0.397,16.68
2025-07-26,Đắk Lắk,Cà phê,95500.0,VND/kg,Chợ Giá,https://chogia.vn/gia-ca-phe-dak-lak-hom-nay/,29.2,22.4,25.1,4.1,4.1,10.0,85,0.459,0.398,16.35
2025-07-27,Đắk Lắk,Cà phê,95500.0,VND/kg,Chợ Giá,https://chogia.vn/gia-ca-phe-dak-lak-hom-nay/,29.2,22.7,25.3,4.6,4.6,14.0,82,0.443,0.4,21.39
2025-07-28,Đắk Lắk,Cà phê,96500.0,VND/kg,Chợ Giá,https://chogia.vn/gia-ca-phe-dak-lak-hom-nay/,29.9,23.2,26.1,2.6,2.6,8.0,80,0.412,0.398,24.02
2025-07-29,Đắk Lắk,Cà phê,97300.0,VND/kg,Chợ Giá,https://chogia.vn/gia-ca-phe-dak-lak-hom-nay/,30.1,23.8,26.4,4.6,4.6,10.0,79,0.379,0.386,20.19
2025-07-30,Đắk Lắk,Cà phê,98000.0,VND/kg,Chợ Giá,https://chogia.vn/gia-ca-phe-dak-lak-hom-nay/,30.7,23.1,26.5,4.3,4.3,10.0,78,0.382,0.371,23.48
2025-07-31,Đắk Lắk,Cà phê,99700.0,VND/kg,Chợ Giá,https://chogia.vn/gia-ca-phe-dak-lak-hom-nay/,31.7,24.0,26.8,2.1,2.1,6.0,75,0.341,0.356,23.49
2025-08-01,Đắk Lắk,Cà phê,100000.0,VND/kg,Chợ Giá,https://chogia.vn/gia-ca-phe-dak-lak-hom-nay/,32.1,24.0,27.3,1.5,1.5,8.0,75,0.292,0.333,24.01
2025-08-02,Đắk Lắk,Cà phê,99500.0,VND/kg,Chợ Giá,https://chogia.vn/gia-ca-phe-dak-lak-hom-nay/,32.1,24.1,27.4,1.7,1.7,10.0,76,0.264,0.322,23.49
2025-08-03,Đắk Lắk,Cà phê,99500.0,VND/kg,Chợ Giá,https://chogia.vn/gia-ca-phe-dak-lak-hom-nay/,32.6,23.5,26.9,1.4,1.4,7.0,75,0.257,0.318,23.67
2025-08-04,Đắk Lắk,Cà phê,99000.0,VND/kg,Chợ Giá,https://chogia.vn/gia-ca-phe-dak-lak-hom-nay/,32.9,23.0,27.6,0.3,0.3,3.0,74,0.224,0.297,24.05
2025-08-05,Đắk Lắk,Cà phê,100000.0,VND/kg,Chợ Giá,https://chogia.vn/gia-ca-phe-dak-lak-hom-nay/,32.7,23.6,27.4,0.8,0.8,6.0,74,0.209,0.289,22.93
2025-08-06,Đắk Lắk,Cà phê,101000.0,VND/kg,Chợ Giá,https://chogia.vn/gia-ca-phe-dak-lak-hom-nay/,33.8,23.2,27.3,1.1,1.1,4.0,74,0.212,0.285,24.67
2025-08-07,Đắk Lắk,Cà phê,100500.0,VND/kg,Chợ Giá,https://chogia.vn/gia-ca-phe-dak-lak-hom-nay/,32.9,22.4,26.5,1.4,1.4,3.0,76,0.25,0.275,23.12
2025-08-08,Đắk Lắk,Cà phê,101500.0,VND/kg,Chợ Giá,https://chogia.vn/gia-ca-phe-dak-lak-hom-nay/,32.0,22.7,25.9,1.9,1.9,5.0,81,0.254,0.274,21.93
2025-08-09,Đắk Lắk,Cà phê,103800.0,VND/kg,Chợ Giá,https://chogia.vn/gia-ca-phe-dak-lak-hom-nay/,31.5,23.4,26.0,2.3,2.3,5.0,79,0.233,0.274,19.91
2025-08-10,Đắk Lắk,Cà phê,103800.0,VND/kg,Chợ Giá,https://chogia.vn/gia-ca-phe-dak-lak-hom-nay/,31.5,22.2,25.9,17.4,17.4,14.0,80,0.237,0.274,23.67
2025-08-11,Đắk Lắk,Cà phê,104000.0,VND/kg,Chợ Giá,https://chogia.vn/gia-ca-phe-dak-lak-hom-nay/,31.2,22.0,25.5,5.3,5.3,10.0,82,0.306,0.274,23.23
2025-08-12,Đắk Lắk,Cà phê,107300.0,VND/kg,Chợ Giá,https://chogia.vn/gia-ca-phe-dak-lak-hom-nay/,30.0,21.9,25.3,12.2,12.2,11.0,83,0.366,0.276,22.5
2025-08-13,Đắk Lắk,Cà phê,108000.0,VND/kg,Chợ Giá,https://chogia.vn/gia-ca-phe-dak-lak-hom-nay/,29.4,22.2,24.8,1.5,1.5,8.0,85,0.408,0.282,20.84
2025-08-14,Đắk Lắk,Cà phê,111500.0,VND/kg,Chợ Giá,https://chogia.vn/gia-ca-phe-dak-lak-hom-nay/,29.0,21.7,24.5,7.3,7.3,11.0,85,0.383,0.284,20.98
2025-08-15,Đắk Lắk,Cà phê,114800.0,VND/kg,Chợ Giá,https://chogia.vn/gia-ca-phe-dak-lak-hom-nay/,28.1,21.6,24.0,11.4,11.4,13.0,88,0.448,0.306,18.95
2025-08-16,Đắk Lắk,Cà phê,117300.0,VND/kg,Chợ Giá,https://chogia.vn/gia-ca-phe-dak-lak-hom-nay/,27.5,21.2,23.4,11.7,11.7,15.0,90,0.449,0.322,15.36
2025-08-17,Đắk Lắk,Cà phê,117300.0,VND/kg,Chợ Giá,https://chogia.vn/gia-ca-phe-dak-lak-hom-nay/,27.0,21.8,23.5,13.8,13.8,19.0,91,0.475,0.364,17.05
2025-08-18,Đắk Lắk,Cà phê,117600.0,VND/kg,Chợ Giá,https://chogia.vn/gia-ca-phe-dak-lak-hom-nay/,28.2,22.0,24.3,9.4,9.4,15.0,87,0.467,0.397,19.68
2025-08-19,Đắk Lắk,Cà phê,117100.0,VND/kg,Chợ Giá,https://chogia.vn/gia-ca-phe-dak-lak-hom-nay/,28.2,22.2,24.9,4.3,4.3,9.0,87,0.434,0.393,19.14
2025-08-20,Đắk Lắk,Cà phê,121700.0,VND/kg,Chợ Giá,https://chogia.vn/gia-ca-phe-dak-lak-hom-nay/,30.1,22.2,24.9,16.2,16.2,10.0,86,0.444,0.389,20.85
2025-08-21,Đắk Lắk,Cà phê,123000.0,VND/kg,Chợ Giá,https://chogia.vn/gia-ca-phe-dak-lak-hom-nay/,28.8,21.8,23.6,12.2,12.2,12.0,89,0.459,0.393,15.07
2025-08-22,Đắk Lắk,Cà phê,123200.0,VND/kg,Chợ Giá,https://chogia.vn/gia-ca-phe-dak-lak-hom-nay/,29.2,21.0,24.7,3.5,3.5,13.0,82,0.456,0.432,21.92
2025-08-23,Đắk Lắk,Cà phê,124000.0,VND/kg,Chợ Giá,https://chogia.vn/gia-ca-phe-dak-lak-hom-nay/,29.2,21.9,24.2,11.2,11.2,9.0,87,0.447,0.42,20.93
2025-08-24,Đắk Lắk,Cà phê,124000.0,VND/kg,Chợ Giá,https://chogia.vn/gia-ca-phe-dak-lak-hom-nay/,27.3,21.8,24.0,5.9,5.9,12.0,88,0.441,0.403,16.0
2025-08-25,Đắk Lắk,Cà phê,122000.0,VND/kg,Chợ Giá,https://chogia.vn/gia-ca-phe-dak-lak-hom-nay/,29.8,22.4,24.8,6.7,6.7,7.0,85,0.428,0.402,20.45
2025-08-26,Đắk Lắk,Cà phê,122000.0,VND/kg,Chợ Giá,https://chogia.vn/gia-ca-phe-dak-lak-hom-nay/,28.8,22.1,24.9,3.0,3.0,10.0,82,0.464,0.439,18.39
2025-08-27,Đắk Lắk,Cà phê,122300.0,VND/kg,Chợ Giá,https://chogia.vn/gia-ca-phe-dak-lak-hom-nay/,28.7,22.0,24.2,7.2,7.2,12.0,87,0.455,0.434,20.13
2025-08-28,Đắk Lắk,Cà phê,123700.0,VND/kg,Chợ Giá,https://chogia.vn/gia-ca-phe-dak-lak-hom-nay/,26.1,21.6,23.3,9.3,9.3,13.0,91,0.489,0.462,16.6
2025-08-29,Đắk Lắk,Cà phê,122300.0,VND/kg,Chợ Giá,https://chogia.vn/gia-ca-phe-dak-lak-hom-nay/,26.5,21.8,23.5,23.8,23.8,23.0,91,0.494,0.478,15.33
2025-08-30,Đắk Lắk,Cà phê,122400.0,VND/kg,Chợ Giá,https://chogia.vn/gia-ca-phe-dak-lak-hom-nay/,26.8,22.0,23.5,32.8,32.8,21.0,93,0.508,0.507,13.82
2025-08-31,Đắk Lắk,Cà phê,122400.0,VND/kg,Chợ Giá,https://chogia.vn/gia-ca-phe-dak-lak-hom-nay/,28.8,21.6,24.5,12.2,12.2,11.0,88,0.495,0.488,21.67
2025-09-01,Đắk Lắk,Cà phê,122500.0,VND/kg,Chợ Giá,https://chogia.vn/gia-ca-phe-dak-lak-hom-nay/,28.6,21.9,24.4,18.7,18.7,13.0,89,0.49,0.485,20.66
2025-09-02,Đắk Lắk,Cà phê,121300.0,VND/kg,Chợ Giá,https://chogia.vn/gia-ca-phe-dak-lak-hom-nay/,28.6,21.8,24.0,14.9,14.9,14.0,92,0.503,0.498,15.07
2025-09-03,Đắk Lắk,Cà phê,115000.0,VND/kg,Chợ Giá,https://chogia.vn/gia-ca-phe-dak-lak-hom-nay/,28.5,22.4,24.2,9.9,9.9,16.0,91,0.501,0.495,16.86
2025-09-04,Đắk Lắk,Cà phê,115300.0,VND/kg,Chợ Giá,https://chogia.vn/gia-ca-phe-dak-lak-hom-nay/,29.1,21.6,24.4,13.7,13.7,11.0,90,0.497,0.499,18.96
2025-09-05,Đắk Lắk,Cà phê,115000.0,VND/kg,Chợ Giá,https://chogia.vn/gia-ca-phe-dak-lak-hom-nay/,28.4,22.5,24.7,22.3,22.3,15.0,90,0.488,0.487,19.76
2025-09-06,Đắk Lắk,Cà phê,113200.0,VND/kg,Chợ Giá,https://chogia.vn/gia-ca-phe-dak-lak-hom-nay/,28.9,22.7,24.5,10.4,10.4,19.0,91,0.505,0.498,17.33
2025-09-07,Đắk Lắk,Cà phê,113200.0,VND/kg,Chợ Giá,https://chogia.vn/gia-ca-phe-dak-lak-hom-nay/,26.7,22.0,23.4,32.5,32.5,24.0,95,0.511,0.505,9.66
2025-09-08,Đắk Lắk,Cà phê,113200.0,VND/kg,Chợ Giá,https://chogia.vn/gia-ca-phe-dak-lak-hom-nay/,28.5,21.9,24.1,25.6,25.6,18.0,88,0.503,0.505,17.29
2025-09-09,Đắk Lắk,Cà phê,115500.0,VND/kg,Chợ Giá,https://chogia.vn/gia-ca-phe-dak-lak-hom-nay/,28.5,22.2,24.5,2.9,2.9,8.0,88,0.493,0.498,16.88
2025-09-10,Đắk Lắk,Cà phê,114500.0,VND/kg,Chợ Giá,https://chogia.vn/gia-ca-phe-dak-lak-hom-nay/,28.2,21.8,24.6,4.1,4.1,7.0,89,0.479,0.485,20.05
2025-09-11,Đắk Lắk,Cà phê,116800.0,VND/kg,Chợ Giá,https://chogia.vn/gia-ca-phe-dak-lak-hom-nay/,30.2,22.2,25.0,5.3,5.3,9.0,86,0.474,0.481,21.54
2025-09-12,Đắk Lắk,Cà phê,118200.0,VND/kg,Chợ Giá,https://chogia.vn/gia-ca-phe-dak-lak-hom-nay/,30.2,21.3,25.2,0.9,0.9,3.0,81,0.452,0.476,23.52
2025-09-13,Đắk Lắk,Cà phê,120200.0,VND/kg,Chợ Giá,https://chogia.vn/gia-ca-phe-dak-lak-hom-nay/,30.9,22.3,25.5,4.5,4.5,3.0,83,0.444,0.462,22.98
2025-09-14,Đắk Lắk,Cà phê,120200.0,VND/kg,Chợ Giá,https://chogia.vn/gia-ca-phe-dak-lak-hom-nay/,28.6,21.9,24.0,21.1,21.1,15.0,91,0.485,0.468,18.67
2025-09-15,Đắk Lắk,Cà phê,120000.0,VND/kg,Chợ Giá,https://chogia.vn/gia-ca-phe-dak-lak-hom-nay/,28.5,21.4,24.2,23.8,23.8,10.0,88,0.488,0.481,19.44
2025-09-16,Đắk Lắk,Cà phê,122700.0,VND/kg,Chợ Giá,https://chogia.vn/gia-ca-phe-dak-lak-hom-nay/,28.2,21.5,23.8,6.9,6.9,11.0,89,0.481,0.48,18.24
2025-09-17,Đắk Lắk,Cà phê,121200.0,VND/kg,Chợ Giá,https://chogia.vn/gia-ca-phe-dak-lak-hom-nay/,26.4,21.8,23.5,15.3,15.3,18.0,92,0.484,0.475,16.1
2025-09-18,Đắk Lắk,Cà phê,116500.0,VND/kg,Chợ Giá,https://chogia.vn/gia-ca-phe-dak-lak-hom-nay/,27.5,22.1,23.8,22.8,22.8,23.0,93,0.504,0.493,15.56
2025-09-19,Đắk Lắk,Cà phê,116500.0,VND/kg,Chợ Giá,https://chogia.vn/gia-ca-phe-dak-lak-hom-nay/,27.9,22.1,24.3,20.6,20.6,13.0,90,0.502,0.506,15.82
2025-09-20,Đắk Lắk,Cà phê,111500.0,VND/kg,Chợ Giá,https://chogia.vn/gia-ca-phe-dak-lak-hom-nay/,29.2,22.2,25.1,4.3,4.3,8.0,84,0.482,0.49,23.02
2025-09-21,Đắk Lắk,Cà phê,111500.0,VND/kg,Chợ Giá,https://chogia.vn/gia-ca-phe-dak-lak-hom-nay/,28.0,22.8,24.4,10.9,10.9,15.0,90,0.489,0.48,16.68
2025-09-22,Đắk Lắk,Cà phê,112000.0,VND/kg,Chợ Giá,https://chogia.vn/gia-ca-phe-dak-lak-hom-nay/,25.8,22.2,23.3,44.9,44.9,24.0,94,0.512,0.511,10.51
2025-09-23,Đắk Lắk,Cà phê,114500.0,VND/kg,Chợ Giá,https://chogia.vn/gia-ca-phe-dak-lak-hom-nay/,25.9,21.6,23.6,25.1,25.1,18.0,90,0.502,0.507,14.71
2025-09-24,Đắk Lắk,Cà phê,111500.0,VND/kg,Chợ Giá,https://chogia.vn/gia-ca-phe-dak-lak-hom-nay/,28.7,21.9,24.7,2.0,2.0,7.0,83,0.484,0.492,20.57
2025-09-25,Đắk Lắk,Cà phê,114500.0,VND/kg,Chợ Giá,https://chogia.vn/gia-ca-phe-dak-lak-hom-nay/,28.4,22.1,24.5,25.6,25.6,22.0,88,0.491,0.491,19.62
2025-09-26,Đắk Lắk,Cà phê,113000.0,VND/kg,Chợ Giá,https://chogia.vn/gia-ca-phe-dak-lak-hom-nay/,25.5,22.0,23.5,10.8,10.8,22.0,94,0.504,0.506,12.01
2025-09-27,Đắk Lắk,Cà phê,115500.0,VND/kg,Chợ Giá,https://chogia.vn/gia-ca-phe-dak-lak-hom-nay/,26.4,21.8,23.5,29.3,29.3,19.0,92,0.503,0.511,11.3
2025-09-28,Đắk Lắk,Cà phê,115500.0,VND/kg,Chợ Giá,https://chogia.vn/gia-ca-phe-dak-lak-hom-nay/,27.4,22.0,24.4,4.4,4.4,16.0,87,0.497,0.503,10.95
2025-09-29,Đắk Lắk,Cà phê,116500.0,VND/kg,Chợ Giá,https://chogia.vn/gia-ca-phe-dak-lak-hom-nay/,29.6,23.1,25.2,18.3,18.3,5.0,82,0.485,0.5,17.78
2025-09-30,Đắk Lắk,Cà phê,116000.0,VND/kg,Chợ Giá,https://chogia.vn/gia-ca-phe-dak-lak-hom-nay/,29.1,21.6,24.4,2.6,2.6,4.0,85,0.485,0.499,18.54
2025-10-01,Đắk Lắk,Cà phê,116000.0,VND/kg,Chợ Giá,https://chogia.vn/gia-ca-phe-dak-lak-hom-nay/,30.3,20.8,25.2,0.0,0.0,0.0,80,0.457,0.488,23.53
2025-10-02,Đắk Lắk,Cà phê,117700.0,VND/kg,Chợ Giá,https://chogia.vn/gia-ca-phe-dak-lak-hom-nay/,29.7,21.5,25.1,0.7,0.7,3.0,79,0.42,0.47,23.08
2025-10-03,Đắk Lắk,Cà phê,115500.0,VND/kg,Chợ Giá,https://chogia.vn/gia-ca-phe-dak-lak-hom-nay/,30.5,21.9,25.6,5.5,5.5,9.0,77,0.393,0.454,23.27
2025-10-04,Đắk Lắk,Cà phê,117000.0,VND/kg,Chợ Giá,https://chogia.vn/gia-ca-phe-dak-lak-hom-nay/,28.5,21.5,23.7,22.7,22.7,18.0,90,0.45,0.448,19.89
2025-10-05,Đắk Lắk,Cà phê,117000.0,VND/kg,Chợ Giá,https://chogia.vn/gia-ca-phe-dak-lak-hom-nay/,28.3,21.7,24.3,3.3,3.3,6.0,86,0.46,0.441,17.65
2025-10-06,Đắk Lắk,Cà phê,117000.0,VND/kg,Chợ Giá,https://chogia.vn/gia-ca-phe-dak-lak-hom-nay/,29.3,22.2,25.3,0.1,0.1,1.0,79,0.407,0.434,21.76
2025-10-07,Đắk Lắk,Cà phê,115000.0,VND/kg,Chợ Giá,https://chogia.vn/gia-ca-phe-dak-lak-hom-nay/,28.5,21.9,24.4,1.7,1.7,5.0,85,0.381,0.426,16.66
2025-10-08,Đắk Lắk,Cà phê,114000.0,VND/kg,Chợ Giá,https://chogia.vn/gia-ca-phe-dak-lak-hom-nay/,29.2,21.8,24.9,0.3,0.3,2.0,81,0.364,0.414,20.07
2025-10-09,Đắk Lắk,Cà phê,115000.0,VND/kg,Chợ Giá,https://chogia.vn/gia-ca-phe-dak-lak-hom-nay/,27.8,21.7,24.0,4.1,4.1,9.0,86,0.366,0.407,17.54
2025-10-10,Đắk Lắk,Cà phê,114500.0,VND/kg,Chợ Giá,https://chogia.vn/gia-ca-phe-dak-lak-hom-nay/,27.6,22.2,24.3,9.5,9.5,8.0,87,0.382,0.403,18.66
2025-10-11,Đắk Lắk,Cà phê,113800.0,VND/kg,Chợ Giá,https://chogia.vn/gia-ca-phe-dak-lak-hom-nay/,28.0,21.5,24.0,4.1,4.1,8.0,89,0.415,0.399,14.64
2025-10-12,Đắk Lắk,Cà phê,113800.0,VND/kg,Chợ Giá,https://chogia.vn/gia-ca-phe-dak-lak-hom-nay/,28.4,21.6,24.2,20.3,20.3,10.0,88,0.436,0.4,16.68
2025-10-13,Đắk Lắk,Cà phê,113800.0,VND/kg,Chợ Giá,https://chogia.vn/gia-ca-phe-dak-lak-hom-nay/,29.6,22.1,24.3,21.8,21.8,16.0,89,0.461,0.41,15.75
2025-10-14,Đắk Lắk,Cà phê,114500.0,VND/kg,Chợ Giá,https://chogia.vn/gia-ca-phe-dak-lak-hom-nay/,29.4,22.4,24.3,15.5,15.5,13.0,88,0.464,0.415,18.7
2025-10-15,Đắk Lắk,Cà phê,113800.0,VND/kg,Chợ Giá,https://chogia.vn/gia-ca-phe-dak-lak-hom-nay/,29.3,21.3,25.1,0.1,0.1,1.0,81,0.441,0.417,21.2
2025-10-16,Đắk Lắk,Cà phê,114500.0,VND/kg,Chợ Giá,https://chogia.vn/gia-ca-phe-dak-lak-hom-nay/,27.7,23.1,24.5,0.3,0.3,3.0,85,0.41,0.417,12.52
2025-10-17,Đắk Lắk,Cà phê,115500.0,VND/kg,Chợ Giá,https://chogia.vn/gia-ca-phe-dak-lak-hom-nay/,29.6,23.1,25.5,0.1,0.1,1.0,81,0.383,0.411,21.59
2025-10-18,Đắk Lắk,Cà phê,114500.0,VND/kg,Chợ Giá,https://chogia.vn/gia-ca-phe-dak-lak-hom-nay/,28.2,22.7,25.1,4.0,4.0,4.0,82,0.365,0.405,20.14
2025-10-19,Đắk Lắk,Cà phê,114500.0,VND/kg,Chợ Giá,https://chogia.vn/gia-ca-phe-dak-lak-hom-nay/,29.7,22.0,24.5,5.8,5.8,6.0,85,0.327,0.394,18.57
2025-10-20,Đắk Lắk,Cà phê,114500.0,VND/kg,Chợ Giá,https://chogia.vn/gia-ca-phe-dak-lak-hom-nay/,28.6,22.2,24.5,8.7,8.7,9.0,87,0.328,0.384,13.84
2025-10-21,Đắk Lắk,Cà phê,114500.0,VND/kg,Chợ Giá,https://chogia.vn/gia-ca-phe-dak-lak-hom-nay/,28.4,22.7,24.9,6.2,6.2,9.0,84,0.304,0.372,13.01
2025-10-22,Đắk Lắk,Cà phê,115600.0,VND/kg,Chợ Giá,https://chogia.vn/gia-ca-phe-dak-lak-hom-nay/,29.4,22.1,25.5,0.1,0.1,1.0,78,0.281,0.356,17.37
2025-10-23,Đắk Lắk,Cà phê,118500.0,VND/kg,Chợ Giá,https://chogia.vn/gia-ca-phe-dak-lak-hom-nay/,30.6,22.3,25.6,0.4,0.4,2.0,73,0.254,0.35,22.15
2025-10-24,Đắk Lắk,Cà phê,118500.0,VND/kg,Chợ Giá,https://chogia.vn/gia-ca-phe-dak-lak-hom-nay/,26.8,22.7,24.3,1.2,1.2,4.0,84,0.243,0.34,10.52
2025-10-25,Đắk Lắk,Cà phê,116500.0,VND/kg,Chợ Giá,https://chogia.vn/gia-ca-phe-dak-lak-hom-nay/,24.6,21.6,23.1,5.0,5.0,17.0,92,0.321,0.336,5.97
2025-10-26,Đắk Lắk,Cà phê,116500.0,VND/kg,Chợ Giá,https://chogia.vn/gia-ca-phe-dak-lak-hom-nay/,28.9,21.6,23.7,10.2,10.2,11.0,89,0.38,0.335,12.6
2025-10-27,Đắk Lắk,Cà phê,117000.0,VND/kg,Chợ Giá,https://chogia.vn/gia-ca-phe-dak-lak-hom-nay/,25.9,21.8,22.9,56.3,56.3,24.0,95,0.505,0.437,10.9
2025-10-28,Đắk Lắk,Cà phê,115700.0,VND/kg,Chợ Giá,https://chogia.vn/gia-ca-phe-dak-lak-hom-nay/,27.9,22.6,24.1,10.8,10.8,16.0,89,0.493,0.445,14.93
2025-10-29,Đắk Lắk,Cà phê,115800.0,VND/kg,Chợ Giá,https://chogia.vn/gia-ca-phe-dak-lak-hom-nay/,27.3,21.9,23.8,17.9,17.9,12.0,91,0.487,0.464,12.45
2025-10-30,Đắk Lắk,Cà phê,116500.0,VND/kg,Chợ Giá,https://chogia.vn/gia-ca-phe-dak-lak-hom-nay/,28.5,22.4,24.5,16.9,16.9,12.0,89,0.498,0.505,14.77
2025-10-31,Đắk Lắk,Cà phê,118000.0,VND/kg,Chợ Giá,https://chogia.vn/gia-ca-phe-dak-lak-hom-nay/,28.9,22.4,24.4,20.4,20.4,13.0,90,0.498,0.503,16.91
2025-11-01,Đắk Lắk,Cà phê,116800.0,VND/kg,Chợ Giá,https://chogia.vn/gia-ca-phe-dak-lak-hom-nay/,28.5,22.2,23.9,21.1,21.1,17.0,91,0.495,0.502,14.8
2025-11-02,Đắk Lắk,Cà phê,116800.0,VND/kg,Chợ Giá,https://chogia.vn/gia-ca-phe-dak-lak-hom-nay/,25.7,21.7,23.2,11.5,11.5,8.0,93,0.497,0.504,10.67
2025-11-03,Đắk Lắk,Cà phê,117000.0,VND/kg,Chợ Giá,https://chogia.vn/gia-ca-phe-dak-lak-hom-nay/,28.5,21.5,24.0,17.7,17.7,15.0,90,0.492,0.501,15.33
2025-11-04,Đắk Lắk,Cà phê,119000.0,VND/kg,Chợ Giá,https://chogia.vn/gia-ca-phe-dak-lak-hom-nay/,29.7,22.4,24.5,9.9,9.9,11.0,89,0.492,0.499,16.37
2025-11-05,Đắk Lắk,Cà phê,118700.0,VND/kg,Chợ Giá,https://chogia.vn/gia-ca-phe-dak-lak-hom-nay/,28.7,22.4,24.4,3.5,3.5,6.0,87,0.474,0.486,17.19
2025-11-06,Đắk Lắk,Cà phê,119000.0,VND/kg,Chợ Giá,https://chogia.vn/gia-ca-phe-dak-lak-hom-nay/,23.9,21.9,22.6,99.7,99.7,16.0,93,0.488,0.494,3.06
2025-11-07,Đắk Lắk,Cà phê,116800.0,VND/kg,Chợ Giá,https://chogia.vn/gia-ca-phe-dak-lak-hom-nay/,29.5,21.7,24.5,36.2,36.2,14.0,86,0.499,0.508,17.04
2025-11-08,Đắk Lắk,Cà phê,119500.0,VND/kg,Chợ Giá,https://chogia.vn/gia-ca-phe-dak-lak-hom-nay/,30.3,21.4,24.7,3.0,3.0,4.0,86,0.473,0.491,17.87
2025-11-09,Đắk Lắk,Cà phê,119500.0,VND/kg,Chợ Giá,https://chogia.vn/gia-ca-phe-dak-lak-hom-nay/,30.2,22.0,25.3,1.1,1.1,6.0,82,0.442,0.477,20.06
2025-11-10,Đắk Lắk,Cà phê,119600.0,VND/kg,Chợ Giá,https://chogia.vn/gia-ca-phe-dak-lak-hom-nay/,29.4,21.6,25.4,0.4,0.4,4.0,80,0.413,0.463,20.61
2025-11-11,Đắk Lắk,Cà phê,119000.0,VND/kg,Chợ Giá,https://chogia.vn/gia-ca-phe-dak-lak-hom-nay/,29.5,21.8,24.7,2.8,2.8,7.0,85,0.398,0.45,17.79
2025-11-12,Đắk Lắk,Cà phê,118500.0,VND/kg,Chợ Giá,https://chogia.vn/gia-ca-phe-dak-lak-hom-nay/,29.2,22.5,25.1,0.6,0.6,4.0,80,0.375,0.435,19.88
2025-11-13,Đắk Lắk,Cà phê,113500.0,VND/kg,Chợ Giá,https://chogia.vn/gia-ca-phe-dak-lak-hom-nay/,28.1,21.2,24.0,0.0,0.0,0.0,78,0.34,0.419,20.33
2025-11-14,Đắk Lắk,Cà phê,113000.0,VND/kg,Chợ Giá,https://chogia.vn/gia-ca-phe-dak-lak-hom-nay/,26.1,18.3,22.0,0.0,0.0,0.0,76,0.325,0.412,19.62
2025-11-15,Đắk Lắk,Cà phê,113000.0,VND/kg,Chợ Giá,https://chogia.vn/gia-ca-phe-dak-lak-hom-nay/,26.9,17.9,22.4,0.0,0.0,0.0,78,0.309,0.403,16.09
2025-11-16,Đắk Lắk,Cà phê,113000.0,VND/kg,Chợ Giá,https://chogia.vn/gia-ca-phe-dak-lak-hom-nay/,24.7,21.1,22.6,13.1,13.1,19.0,93,0.379,0.406,6.57
2025-11-17,Đắk Lắk,Cà phê,113000.0,VND/kg,Chợ Giá,https://chogia.vn/gia-ca-phe-dak-lak-hom-nay/,26.0,21.6,23.3,3.3,3.3,8.0,88,0.467,0.441,9.48
2025-11-18,Đắk Lắk,Cà phê,113700.0,VND/kg,Chợ Giá,https://chogia.vn/gia-ca-phe-dak-lak-hom-nay/,26.0,21.8,23.3,8.5,8.5,15.0,89,0.449,0.44,11.73
2025-11-19,Đắk Lắk,Cà phê,114700.0,VND/kg,Chợ Giá,https://chogia.vn/gia-ca-phe-dak-lak-hom-nay/,25.1,20.4,21.9,98.3,98.3,22.0,94,0.51,0.504,5.91
2025-11-20,Đắk Lắk,Cà phê,113500.0,VND/kg,Chợ Giá,https://chogia.vn/gia-ca-phe-dak-lak-hom-nay/,24.2,19.4,21.6,13.7,13.7,20.0,86,0.504,0.51,6.92
2025-11-21,Đắk Lắk,Cà phê,114700.0,VND/kg,Chợ Giá,https://chogia.vn/gia-ca-phe-dak-lak-hom-nay/,24.0,20.3,21.7,1.2,1.2,5.0,84,0.495,0.499,6.0
2025-11-22,Đắk Lắk,Cà phê,112500.0,VND/kg,Chợ Giá,https://chogia.vn/gia-ca-phe-dak-lak-hom-nay/,24.4,19.8,22.0,4.1,4.1,11.0,86,0.484,0.491,6.82
2025-11-23,Đắk Lắk,Cà phê,112500.0,VND/kg,Chợ Giá,https://chogia.vn/gia-ca-phe-dak-lak-hom-nay/,26.6,21.8,23.5,0.4,0.4,3.0,84,0.471,0.484,12.59
2025-11-24,Đắk Lắk,Cà phê,112000.0,VND/kg,Chợ Giá,https://chogia.vn/gia-ca-phe-dak-lak-hom-nay/,27.6,22.1,23.9,0.0,0.0,0.0,81,0.446,0.475,18.51
2025-11-25,Đắk Lắk,Cà phê,111000.0,VND/kg,Chợ Giá,https://chogia.vn/gia-ca-phe-dak-lak-hom-nay/,26.3,19.5,22.5,0.0,0.0,0.0,77,0.424,0.463,17.1
2025-11-26,Đắk Lắk,Cà phê,112000.0,VND/kg,Chợ Giá,https://chogia.vn/gia-ca-phe-dak-lak-hom-nay/,25.4,17.8,21.1,0.0,0.0,0.0,78,0.407,0.452,14.8
2025-11-27,Đắk Lắk,Cà phê,111500.0,VND/kg,Chợ Giá,https://chogia.vn/gia-ca-phe-dak-lak-hom-nay/,25.4,16.8,20.4,0.0,0.0,0.0,76,0.389,0.44,16.65
2025-11-28,Đắk Lắk,Cà phê,112000.0,VND/kg,Chợ Giá,https://chogia.vn/gia-ca-phe-dak-lak-hom-nay/,23.3,16.4,19.7,0.0,0.0,0.0,75,0.367,0.426,14.41
2025-11-29,Đắk Lắk,Cà phê,112300.0,VND/kg,Chợ Giá,https://chogia.vn/gia-ca-phe-dak-lak-hom-nay/,27.6,19.0,23.0,0.2,0.2,2.0,76,0.357,0.417,14.29
2025-11-30,Đắk Lắk,Cà phê,112300.0,VND/kg,Chợ Giá,https://chogia.vn/gia-ca-phe-dak-lak-hom-nay/,27.8,20.5,24.3,0.4,0.4,4.0,81,0.336,0.398,16.15
2025-12-01,Đắk Lắk,Cà phê,111000.0,VND/kg,Chợ Giá,https://chogia.vn/gia-ca-phe-dak-lak-hom-nay/,28.9,22.1,24.7,3.1,3.1,11.0,83,0.326,0.393,15.98
2025-12-02,Đắk Lắk,Cà phê,107000.0,VND/kg,Chợ Giá,https://chogia.vn/gia-ca-phe-dak-lak-hom-nay/,28.2,21.0,24.7,1.2,1.2,9.0,83,0.326,0.386,17.9
2025-12-03,Đắk Lắk,Cà phê,105500.0,VND/kg,Chợ Giá,https://chogia.vn/gia-ca-phe-dak-lak-hom-nay/,25.1,22.1,23.2,18.7,18.7,11.0,91,0.375,0.382,6.99
2025-12-04,Đắk Lắk,Cà phê,103600.0,VND/kg,Chợ Giá,https://chogia.vn/gia-ca-phe-dak-lak-hom-nay/,27.0,21.5,23.6,2.3,2.3,1.0,82,0.386,0.384,17.07
2025-12-05,Đắk Lắk,Cà phê,104000.0,VND/kg,Chợ Giá,https://chogia.vn/gia-ca-phe-dak-lak-hom-nay/,26.7,20.3,22.9,0.0,0.0,0.0,80,0.35,0.38,16.97
2025-12-06,Đắk Lắk,Cà phê,103000.0,VND/kg,Chợ Giá,https://chogia.vn/gia-ca-phe-dak-lak-hom-nay/,25.6,19.1,21.9,0.0,0.0,0.0,78,0.323,0.376,16.38
2025-12-07,Đắk Lắk,Cà phê,103000.0,VND/kg,Chợ Giá,https://chogia.vn/gia-ca-phe-dak-lak-hom-nay/,26.6,17.3,21.1,0.0,0.0,0.0,74,0.298,0.372,19.66
2025-12-08,Đắk Lắk,Cà phê,103200.0,VND/kg,Chợ Giá,https://chogia.vn/gia-ca-phe-dak-lak-hom-nay/,25.7,16.2,20.6,0.0,0.0,0.0,79,0.28,0.368,14.36
2025-12-09,Đắk Lắk,Cà phê,101100.0,VND/kg,Chợ Giá,https://chogia.vn/gia-ca-phe-dak-lak-hom-nay/,25.7,18.5,21.6,0.1,0.1,1.0,80,0.275,0.368,13.9
2025-12-10,Đắk Lắk,Cà phê,101300.0,VND/kg,Chợ Giá,https://chogia.vn/gia-ca-phe-dak-lak-hom-nay/,26.0,19.9,22.4,5.2,5.2,11.0,88,0.293,0.37,9.82
2025-12-11,Đắk Lắk,Cà phê,101800.0,VND/kg,Chợ Giá,https://chogia.vn/gia-ca-phe-dak-lak-hom-nay/,28.0,21.8,23.9,0.0,0.0,0.0,80,0.291,0.376,15.94
2025-12-12,Đắk Lắk,Cà phê,101000.0,VND/kg,Chợ Giá,https://chogia.vn/gia-ca-phe-dak-lak-hom-nay/,27.2,21.1,23.6,0.0,0.0,0.0,78,0.272,0.369,14.9
2025-12-13,Đắk Lắk,Cà phê,99200.0,VND/kg,Chợ Giá,https://chogia.vn/gia-ca-phe-dak-lak-hom-nay/,27.6,20.4,23.2,0.0,0.0,0.0,78,0.253,0.363,16.8
2025-12-14,Đắk Lắk,Cà phê,99200.0,VND/kg,Chợ Giá,https://chogia.vn/gia-ca-phe-dak-lak-hom-nay/,26.6,20.7,22.8,0.0,0.0,0.0,79,0.241,0.361,15.04
2025-12-15,Đắk Lắk,Cà phê,97300.0,VND/kg,Chợ Giá,https://chogia.vn/gia-ca-phe-dak-lak-hom-nay/,26.1,20.6,22.7,0.0,0.0,0.0,79,0.232,0.358,13.53
2025-12-16,Đắk Lắk,Cà phê,95300.0,VND/kg,Chợ Giá,https://chogia.vn/gia-ca-phe-dak-lak-hom-nay/,26.9,20.5,22.9,0.0,0.0,0.0,79,0.224,0.357,13.98
2025-12-17,Đắk Lắk,Cà phê,93300.0,VND/kg,Chợ Giá,https://chogia.vn/gia-ca-phe-dak-lak-hom-nay/,27.3,20.5,22.9,0.7,0.7,4.0,81,0.221,0.358,14.88
2025-12-18,Đắk Lắk,Cà phê,89800.0,VND/kg,Chợ Giá,https://chogia.vn/gia-ca-phe-dak-lak-hom-nay/,26.3,19.7,22.4,0.0,0.0,0.0,79,0.22,0.356,13.69
2025-12-19,Đắk Lắk,Cà phê,89300.0,VND/kg,Chợ Giá,https://chogia.vn/gia-ca-phe-dak-lak-hom-nay/,27.5,19.5,22.9,0.1,0.1,1.0,81,0.215,0.354,13.94
2025-12-20,Đắk Lắk,Cà phê,90300.0,VND/kg,Chợ Giá,https://chogia.vn/gia-ca-phe-dak-lak-hom-nay/,27.9,20.3,23.3,1.2,1.2,5.0,80,0.216,0.353,16.62
2025-12-21,Đắk Lắk,Cà phê,90300.0,VND/kg,Chợ Giá,https://chogia.vn/gia-ca-phe-dak-lak-hom-nay/,27.9,21.4,23.8,0.4,0.4,4.0,80,0.217,0.354,17.69
2025-12-22,Đắk Lắk,Cà phê,91500.0,VND/kg,Chợ Giá,https://chogia.vn/gia-ca-phe-dak-lak-hom-nay/,27.4,21.2,23.6,0.2,0.2,2.0,79,0.214,0.353,17.27
2025-12-23,Đắk Lắk,Cà phê,92500.0,VND/kg,Chợ Giá,https://chogia.vn/gia-ca-phe-dak-lak-hom-nay/,28.2,20.4,23.4,0.0,0.0,0.0,77,0.207,0.347,16.51
2025-12-24,Đắk Lắk,Cà phê,95000.0,VND/kg,Chợ Giá,https://chogia.vn/gia-ca-phe-dak-lak-hom-nay/,27.2,21.0,23.7,0.0,0.0,0.0,79,0.197,0.34,11.87
2025-12-25,Đắk Lắk,Cà phê,96700.0,VND/kg,Chợ Giá,https://chogia.vn/gia-ca-phe-dak-lak-hom-nay/,28.0,21.0,23.3,2.5,2.5,7.0,81,0.199,0.335,12.45
2025-12-26,Đắk Lắk,Cà phê,96700.0,VND/kg,Chợ Giá,https://chogia.vn/gia-ca-phe-dak-lak-hom-nay/,26.5,19.7,22.2,0.0,0.0,0.0,76,0.192,0.33,12.62
2025-12-27,Đắk Lắk,Cà phê,98000.0,VND/kg,Chợ Giá,https://chogia.vn/gia-ca-phe-dak-lak-hom-nay/,25.9,19.3,21.8,0.0,0.0,0.0,74,0.189,0.327,16.75
2025-12-28,Đắk Lắk,Cà phê,98000.0,VND/kg,Chợ Giá,https://chogia.vn/gia-ca-phe-dak-lak-hom-nay/,27.3,19.0,22.0,0.0,0.0,0.0,76,0.187,0.322,19.32
2025-12-29,Đắk Lắk,Cà phê,96500.0,VND/kg,Chợ Giá,https://chogia.vn/gia-ca-phe-dak-lak-hom-nay/,27.3,18.4,21.7,0.0,0.0,0.0,75,0.184,0.317,20.29
2025-12-30,Đắk Lắk,Cà phê,97300.0,VND/kg,Chợ Giá,https://chogia.vn/gia-ca-phe-dak-lak-hom-nay/,26.8,18.4,21.4,0.0,0.0,0.0,72,0.183,0.313,20.92
2025-12-31,Đắk Lắk,Cà phê,98000.0,VND/kg,Chợ Giá,https://chogia.vn/gia-ca-phe-dak-lak-hom-nay/,26.8,17.2,21.3,0.0,0.0,0.0,68,0.18,0.306,21.28
2026-01-01,Đắk Lắk,Cà phê,98300.0,VND/kg,Chợ Giá,https://chogia.vn/gia-ca-phe-dak-lak-hom-nay/,26.2,17.5,21.3,0.0,0.0,0.0,69,0.179,0.301,20.07
2026-01-02,Đắk Lắk,Cà phê,98500.0,VND/kg,Chợ Giá,https://chogia.vn/gia-ca-phe-dak-lak-hom-nay/,26.2,17.8,21.0,0.0,0.0,0.0,73,0.178,0.3,16.69
2026-01-03,Đắk Lắk,Cà phê,98500.0,VND/kg,Chợ Giá,https://chogia.vn/gia-ca-phe-dak-lak-hom-nay/,25.4,17.3,20.6,0.0,0.0,0.0,71,0.178,0.3,17.76
2026-01-04,Đắk Lắk,Cà phê,98500.0,VND/kg,Chợ Giá,https://chogia.vn/gia-ca-phe-dak-lak-hom-nay/,25.4,16.7,20.7,0.0,0.0,0.0,79,0.188,0.304,12.87
2026-01-05,Đắk Lắk,Cà phê,98500.0,VND/kg,Chợ Giá,https://chogia.vn/gia-ca-phe-dak-lak-hom-nay/,25.7,19.4,21.8,0.0,0.0,0.0,76,0.191,0.305,13.59
2026-01-06,Đắk Lắk,Cà phê,98000.0,VND/kg,Chợ Giá,https://chogia.vn/gia-ca-phe-dak-lak-hom-nay/,25.6,18.5,21.1,0.0,0.0,0.0,71,0.197,0.311,16.39
2026-01-07,Đắk Lắk,Cà phê,99000.0,VND/kg,Chợ Giá,https://chogia.vn/gia-ca-phe-dak-lak-hom-nay/,23.8,17.3,19.8,0.0,0.0,0.0,72,0.191,0.316,15.4
2026-01-08,Đắk Lắk,Cà phê,98000.0,VND/kg,Chợ Giá,https://chogia.vn/gia-ca-phe-dak-lak-hom-nay/,24.7,15.7,19.1,0.0,0.0,0.0,69,0.187,0.312,17.07
2026-01-09,Đắk Lắk,Cà phê,97800.0,VND/kg,Chợ Giá,https://chogia.vn/gia-ca-phe-dak-lak-hom-nay/,24.2,14.5,18.4,0.0,0.0,0.0,68,0.179,0.31,19.79
2026-01-10,Đắk Lắk,Cà phê,97500.0,VND/kg,Chợ Giá,https://chogia.vn/gia-ca-phe-dak-lak-hom-nay/,24.4,13.4,18.8,0.0,0.0,0.0,71,0.185,0.31,19.72
2026-01-11,Đắk Lắk,Cà phê,97500.0,VND/kg,Chợ Giá,https://chogia.vn/gia-ca-phe-dak-lak-hom-nay/,25.0,15.4,19.7,0.0,0.0,0.0,68,0.187,0.309,17.76
2026-01-12,Đắk Lắk,Cà phê,97500.0,VND/kg,Chợ Giá,https://chogia.vn/gia-ca-phe-dak-lak-hom-nay/,26.4,16.4,20.6,0.0,0.0,0.0,69,0.182,0.309,21.36
2026-01-13,Đắk Lắk,Cà phê,97500.0,VND/kg,Chợ Giá,https://chogia.vn/gia-ca-phe-dak-lak-hom-nay/,26.0,16.9,20.8,0.0,0.0,0.0,66,0.187,0.308,21.03
2026-01-14,Đắk Lắk,Cà phê,98400.0,VND/kg,Chợ Giá,https://chogia.vn/gia-ca-phe-dak-lak-hom-nay/,27.2,17.7,21.6,0.0,0.0,0.0,73,0.187,0.307,20.97
2026-01-15,Đắk Lắk,Cà phê,98500.0,VND/kg,Chợ Giá,https://chogia.vn/gia-ca-phe-dak-lak-hom-nay/,30.2,17.5,22.4,0.0,0.0,0.0,70,0.188,0.305,20.69
2026-01-16,Đắk Lắk,Cà phê,99000.0,VND/kg,Chợ Giá,https://chogia.vn/gia-ca-phe-dak-lak-hom-nay/,29.3,17.1,22.5,0.0,0.0,0.0,66,0.184,0.304,22.02
2026-01-17,Đắk Lắk,Cà phê,99000.0,VND/kg,Chợ Giá,https://chogia.vn/gia-ca-phe-dak-lak-hom-nay/,30.0,18.1,23.3,0.0,0.0,0.0,64,0.184,0.302,19.03
2026-01-18,Đắk Lắk,Cà phê,99000.0,VND/kg,Chợ Giá,https://chogia.vn/gia-ca-phe-dak-lak-hom-nay/,29.3,18.9,23.1,0.0,0.0,0.0,58,0.184,0.301,19.97
2026-01-19,Đắk Lắk,Cà phê,99000.0,VND/kg,Chợ Giá,https://chogia.vn/gia-ca-phe-dak-lak-hom-nay/,28.6,18.4,22.5,0.0,0.0,0.0,63,0.184,0.3,20.7
2026-01-20,Đắk Lắk,Cà phê,99600.0,VND/kg,Chợ Giá,https://chogia.vn/gia-ca-phe-dak-lak-hom-nay/,27.5,17.8,22.0,0.0,0.0,0.0,65,0.183,0.3,19.86
2026-01-21,Đắk Lắk,Cà phê,98200.0,VND/kg,Chợ Giá,https://chogia.vn/gia-ca-phe-dak-lak-hom-nay/,27.6,17.0,21.3,0.0,0.0,0.0,70,0.181,0.297,20.82
2026-01-22,Đắk Lắk,Cà phê,100000.0,VND/kg,Chợ Giá,https://chogia.vn/gia-ca-phe-dak-lak-hom-nay/,26.8,17.8,21.1,0.0,0.0,0.0,74,0.183,0.296,14.88
2026-01-23,Đắk Lắk,Cà phê,99200.0,VND/kg,Chợ Giá,https://chogia.vn/gia-ca-phe-dak-lak-hom-nay/,26.6,17.9,21.3,0.0,0.0,0.0,72,0.177,0.295,19.84
2026-01-24,Đắk Lắk,Cà phê,101000.0,VND/kg,Chợ Giá,https://chogia.vn/gia-ca-phe-dak-lak-hom-nay/,27.3,17.7,21.3,0.0,0.0,0.0,70,0.17,0.295,21.18
2026-01-25,Đắk Lắk,Cà phê,101000.0,VND/kg,Chợ Giá,https://chogia.vn/gia-ca-phe-dak-lak-hom-nay/,27.5,17.0,21.3,0.0,0.0,0.0,68,0.162,0.297,22.1
2026-01-26,Đắk Lắk,Cà phê,101000.0,VND/kg,Chợ Giá,https://chogia.vn/gia-ca-phe-dak-lak-hom-nay/,27.6,17.7,21.6,0.0,0.0,0.0,69,0.161,0.294,21.63
2026-01-27,Đắk Lắk,Cà phê,101600.0,VND/kg,Chợ Giá,https://chogia.vn/gia-ca-phe-dak-lak-hom-nay/,27.5,17.4,21.7,0.0,0.0,0.0,69,0.162,0.293,22.08
2026-01-28,Đắk Lắk,Cà phê,102300.0,VND/kg,Chợ Giá,https://chogia.vn/gia-ca-phe-dak-lak-hom-nay/,27.6,17.6,21.6,0.0,0.0,0.0,72,0.162,0.292,18.2
2026-01-29,Đắk Lắk,Cà phê,101300.0,VND/kg,Chợ Giá,https://chogia.vn/gia-ca-phe-dak-lak-hom-nay/,27.9,18.0,22.1,0.0,0.0,0.0,67,0.166,0.292,22.34
2026-01-30,Đắk Lắk,Cà phê,101800.0,VND/kg,Chợ Giá,https://chogia.vn/gia-ca-phe-dak-lak-hom-nay/,28.9,18.3,22.5,0.0,0.0,0.0,65,0.163,0.291,21.33
2026-01-31,Đắk Lắk,Cà phê,100800.0,VND/kg,Chợ Giá,https://chogia.vn/gia-ca-phe-dak-lak-hom-nay/,28.3,18.7,22.5,0.0,0.0,0.0,65,0.163,0.29,19.75
2026-02-01,Đắk Lắk,Cà phê,100800.0,VND/kg,Chợ Giá,https://chogia.vn/gia-ca-phe-dak-lak-hom-nay/,28.0,17.4,21.8,0.0,0.0,0.0,71,0.164,0.29,17.34
2026-02-02,Đắk Lắk,Cà phê,101000.0,VND/kg,Chợ Giá,https://chogia.vn/gia-ca-phe-dak-lak-hom-nay/,27.9,18.1,22.0,0.0,0.0,0.0,74,0.168,0.288,17.7
2026-02-03,Đắk Lắk,Cà phê,99800.0,VND/kg,Chợ Giá,https://chogia.vn/gia-ca-phe-dak-lak-hom-nay/,26.6,19.3,22.1,0.0,0.0,0.0,74,0.169,0.288,14.54
2026-02-04,Đắk Lắk,Cà phê,95500.0,VND/kg,Chợ Giá,https://chogia.vn/gia-ca-phe-dak-lak-hom-nay/,28.1,18.4,22.4,0.0,0.0,0.0,71,0.165,0.29,21.96
2026-02-05,Đắk Lắk,Cà phê,94700.0,VND/kg,Chợ Giá,https://chogia.vn/gia-ca-phe-dak-lak-hom-nay/,30.0,19.0,24.1,0.0,0.0,0.0,67,0.165,0.289,17.61
2026-02-06,Đắk Lắk,Cà phê,95800.0,VND/kg,Chợ Giá,https://chogia.vn/gia-ca-phe-dak-lak-hom-nay/,31.0,19.0,24.8,0.0,0.0,0.0,64,0.17,0.288,19.05
2026-02-07,Đắk Lắk,Cà phê,94800.0,VND/kg,Chợ Giá,https://chogia.vn/gia-ca-phe-dak-lak-hom-nay/,30.2,19.3,23.8,0.0,0.0,0.0,69,0.169,0.287,19.05
2026-02-08,Đắk Lắk,Cà phê,94800.0,VND/kg,Chợ Giá,https://chogia.vn/gia-ca-phe-dak-lak-hom-nay/,28.0,18.7,22.4,0.0,0.0,0.0,68,0.166,0.287,19.11
2026-02-09,Đắk Lắk,Cà phê,95800.0,VND/kg,Chợ Giá,https://chogia.vn/gia-ca-phe-dak-lak-hom-nay/,28.1,18.9,22.4,0.0,0.0,0.0,69,0.167,0.286,21.94
2026-02-10,Đắk Lắk,Cà phê,96300.0,VND/kg,Chợ Giá,https://chogia.vn/gia-ca-phe-dak-lak-hom-nay/,28.4,18.6,22.6,0.0,0.0,0.0,72,0.167,0.286,21.06
2026-02-11,Đắk Lắk,Cà phê,95300.0,VND/kg,Chợ Giá,https://chogia.vn/gia-ca-phe-dak-lak-hom-nay/,26.4,20.7,22.5,3.0,3.0,8.0,79,0.194,0.29,10.18
2026-02-12,Đắk Lắk,Cà phê,95500.0,VND/kg,Chợ Giá,https://chogia.vn/gia-ca-phe-dak-lak-hom-nay/,28.4,20.6,23.6,0.0,0.0,0.0,69,0.192,0.289,19.36
2026-02-13,Đắk Lắk,Cà phê,97500.0,VND/kg,Chợ Giá,https://chogia.vn/gia-ca-phe-dak-lak-hom-nay/,29.7,19.0,23.3,0.0,0.0,0.0,68,0.177,0.289,22.58
2026-02-14,Đắk Lắk,Cà phê,97700.0,VND/kg,Chợ Giá,https://chogia.vn/gia-ca-phe-dak-lak-hom-nay/,29.5,19.3,23.6,0.0,0.0,0.0,66,0.17,0.288,22.8
2026-02-15,Đắk Lắk,Cà phê,97700.0,VND/kg,Chợ Giá,https://chogia.vn/gia-ca-phe-dak-lak-hom-nay/,28.2,19.3,23.3,0.0,0.0,0.0,73,0.179,0.288,19.47
2026-02-16,Đắk Lắk,Cà phê,97700.0,VND/kg,Chợ Giá,https://chogia.vn/gia-ca-phe-dak-lak-hom-nay/,30.9,20.3,24.6,0.1,0.1,1.0,71,0.185,0.29,22.87
2026-02-17,Đắk Lắk,Cà phê,97700.0,VND/kg,Chợ Giá,https://chogia.vn/gia-ca-phe-dak-lak-hom-nay/,30.2,20.7,24.3,0.0,0.0,0.0,68,0.181,0.289,21.77
2026-02-18,Đắk Lắk,Cà phê,97700.0,VND/kg,Chợ Giá,https://chogia.vn/gia-ca-phe-dak-lak-hom-nay/,29.9,21.1,24.2,0.0,0.0,0.0,71,0.177,0.288,20.89
2026-02-19,Đắk Lắk,Cà phê,97700.0,VND/kg,Chợ Giá,https://chogia.vn/gia-ca-phe-dak-lak-hom-nay/,29.1,19.9,23.6,0.0,0.0,0.0,69,0.18,0.288,18.59
2026-02-20,Đắk Lắk,Cà phê,97700.0,VND/kg,Chợ Giá,https://chogia.vn/gia-ca-phe-dak-lak-hom-nay/,29.1,19.6,23.2,0.0,0.0,0.0,69,0.178,0.286,22.13
2026-02-21,Đắk Lắk,Cà phê,97700.0,VND/kg,Chợ Giá,https://chogia.vn/gia-ca-phe-dak-lak-hom-nay/,31.9,18.9,24.4,0.0,0.0,0.0,65,0.178,0.286,24.34
2026-02-22,Đắk Lắk,Cà phê,97700.0,VND/kg,Chợ Giá,https://chogia.vn/gia-ca-phe-dak-lak-hom-nay/,32.8,19.2,25.4,0.0,0.0,0.0,66,0.178,0.285,22.17
2026-02-23,Đắk Lắk,Cà phê,93700.0,VND/kg,Chợ Giá,https://chogia.vn/gia-ca-phe-dak-lak-hom-nay/,32.3,20.6,25.3,0.0,0.0,0.0,62,0.181,0.283,24.52
2026-02-24,Đắk Lắk,Cà phê,93400.0,VND/kg,Chợ Giá,https://chogia.vn/gia-ca-phe-dak-lak-hom-nay/,32.6,19.7,25.2,0.0,0.0,0.0,61,0.182,0.284,23.97
2026-02-25,Đắk Lắk,Cà phê,96000.0,VND/kg,Chợ Giá,https://chogia.vn/gia-ca-phe-dak-lak-hom-nay/,31.9,19.6,25.1,0.0,0.0,0.0,65,0.182,0.284,24.09
2026-02-26,Đắk Lắk,Cà phê,97000.0,VND/kg,Chợ Giá,https://chogia.vn/gia-ca-phe-dak-lak-hom-nay/,32.3,22.2,25.2,6.2,6.2,6.0,74,0.208,0.281,19.06
2026-02-27,Đắk Lắk,Cà phê,96000.0,VND/kg,Chợ Giá,https://chogia.vn/gia-ca-phe-dak-lak-hom-nay/,28.5,21.6,23.8,10.6,10.6,19.0,86,0.425,0.323,13.4
2026-02-28,Đắk Lắk,Cà phê,96000.0,VND/kg,Chợ Giá,https://chogia.vn/gia-ca-phe-dak-lak-hom-nay/,29.6,20.6,24.2,0.8,0.8,2.0,84,0.459,0.448,19.68
2026-03-01,Đắk Lắk,Cà phê,96000.0,VND/kg,Chợ Giá,https://chogia.vn/gia-ca-phe-dak-lak-hom-nay/,30.4,21.4,25.0,2.9,2.9,9.0,82,0.442,0.44,20.28
2026-03-02,Đắk Lắk,Cà phê,95500.0,VND/kg,Chợ Giá,https://chogia.vn/gia-ca-phe-dak-lak-hom-nay/,31.2,21.7,25.7,1.1,1.1,6.0,81,0.447,0.436,21.08
2026-03-03,Đắk Lắk,Cà phê,96200.0,VND/kg,Chợ Giá,https://chogia.vn/gia-ca-phe-dak-lak-hom-nay/,31.4,21.8,25.7,0.8,0.8,3.0,78,0.408,0.426,19.42
2026-03-04,Đắk Lắk,Cà phê,94800.0,VND/kg,Chợ Giá,https://chogia.vn/gia-ca-phe-dak-lak-hom-nay/,31.3,21.7,25.9,0.0,0.0,0.0,71,0.357,0.41,23.25
2026-03-05,Đắk Lắk,Cà phê,96000.0,VND/kg,Chợ Giá,https://chogia.vn/gia-ca-phe-dak-lak-hom-nay/,28.2,21.2,24.1,1.1,1.1,2.0,77,0.326,0.399,14.85
2026-03-06,Đắk Lắk,Cà phê,96000.0,VND/kg,Chợ Giá,https://chogia.vn/gia-ca-phe-dak-lak-hom-nay/,28.1,21.0,23.7,2.2,2.2,5.0,76,0.311,0.391,18.16
2026-03-07,Đắk Lắk,Cà phê,96500.0,VND/kg,Chợ Giá,https://chogia.vn/gia-ca-phe-dak-lak-hom-nay/,27.3,20.0,23.2,0.0,0.0,0.0,71,0.294,0.383,17.02
2026-03-08,Đắk Lắk,Cà phê,96500.0,VND/kg,Chợ Giá,https://chogia.vn/gia-ca-phe-dak-lak-hom-nay/,28.8,18.9,23.1,0.0,0.0,0.0,72,0.274,0.375,19.83
2026-03-09,Đắk Lắk,Cà phê,96500.0,VND/kg,Chợ Giá,https://chogia.vn/gia-ca-phe-dak-lak-hom-nay/,29.1,20.5,23.8,0.5,0.5,4.0,76,0.258,0.367,19.6
2026-03-10,Đắk Lắk,Cà phê,96500.0,VND/kg,Chợ Giá,https://chogia.vn/gia-ca-phe-dak-lak-hom-nay/,28.6,20.8,23.9,0.1,0.1,1.0,73,0.239,0.357,23.14
2026-03-11,Đắk Lắk,Cà phê,95700.0,VND/kg,Chợ Giá,https://chogia.vn/gia-ca-phe-dak-lak-hom-nay/,28.5,19.6,23.2,0.0,0.0,0.0,68,0.221,0.351,19.85
2026-03-12,Đắk Lắk,Cà phê,92700.0,VND/kg,Chợ Giá,https://chogia.vn/gia-ca-phe-dak-lak-hom-nay/,28.5,19.6,23.2,0.6,0.6,2.0,71,0.215,0.347,22.11
2026-03-13,Đắk Lắk,Cà phê,94000.0,VND/kg,Chợ Giá,https://chogia.vn/gia-ca-phe-dak-lak-hom-nay/,27.9,19.5,23.0,0.3,0.3,2.0,70,0.209,0.341,19.54
2026-03-14,Đắk Lắk,Cà phê,90500.0,VND/kg,Chợ Giá,https://chogia.vn/gia-ca-phe-dak-lak-hom-nay/,27.7,20.2,22.9,0.1,0.1,1.0,74,0.199,0.334,18.22
2026-03-15,Đắk Lắk,Cà phê,90500.0,VND/kg,Chợ Giá,https://chogia.vn/gia-ca-phe-dak-lak-hom-nay/,28.7,19.4,23.0,2.6,2.6,2.0,72,0.203,0.331,21.87
2026-03-16,Đắk Lắk,Cà phê,90300.0,VND/kg,Chợ Giá,https://chogia.vn/gia-ca-phe-dak-lak-hom-nay/,29.6,19.4,23.7,0.2,0.2,2.0,67,0.187,0.323,24.56
2026-03-17,Đắk Lắk,Cà phê,90500.0,VND/kg,Chợ Giá,https://chogia.vn/gia-ca-phe-dak-lak-hom-nay/,30.9,19.6,24.4,0.0,0.0,0.0,61,0.188,0.319,25.48
2026-03-18,Đắk Lắk,Cà phê,92000.0,VND/kg,Chợ Giá,https://chogia.vn/gia-ca-phe-dak-lak-hom-nay/,32.3,19.3,25.0,0.0,0.0,0.0,59,0.19,0.317,25.31
2026-03-19,Đắk Lắk,Cà phê,92500.0,VND/kg,Chợ Giá,https://chogia.vn/gia-ca-phe-dak-lak-hom-nay/,32.1,19.6,25.2,0.0,0.0,0.0,63,0.197,0.315,24.93
2026-03-20,Đắk Lắk,Cà phê,93500.0,VND/kg,Chợ Giá,https://chogia.vn/gia-ca-phe-dak-lak-hom-nay/,32.8,19.9,25.6,0.0,0.0,0.0,63,0.191,0.311,23.72
2026-03-21,Đắk Lắk,Cà phê,94000.0,VND/kg,Chợ Giá,https://chogia.vn/gia-ca-phe-dak-lak-hom-nay/,32.1,19.8,25.3,0.0,0.0,0.0,66,0.186,0.305,25.44
2026-03-22,Đắk Lắk,Cà phê,94000.0,VND/kg,Chợ Giá,https://chogia.vn/gia-ca-phe-dak-lak-hom-nay/,32.1,20.5,25.5,0.0,0.0,0.0,65,0.188,0.302,26.06
2026-03-23,Đắk Lắk,Cà phê,94000.0,VND/kg,Chợ Giá,https://chogia.vn/gia-ca-phe-dak-lak-hom-nay/,32.4,19.8,25.3,0.0,0.0,0.0,62,0.188,0.299,26.04
2026-03-24,Đắk Lắk,Cà phê,93500.0,VND/kg,Chợ Giá,https://chogia.vn/gia-ca-phe-dak-lak-hom-nay/,34.2,19.4,25.7,0.0,0.0,0.0,58,0.184,0.296,26.61
2026-03-25,Đắk Lắk,Cà phê,94000.0,VND/kg,Chợ Giá,https://chogia.vn/gia-ca-phe-dak-lak-hom-nay/,33.7,18.6,26.0,0.0,0.0,0.0,61,0.184,0.292,26.51
2026-03-26,Đắk Lắk,Cà phê,93200.0,VND/kg,Chợ Giá,https://chogia.vn/gia-ca-phe-dak-lak-hom-nay/,35.6,19.7,26.9,0.0,0.0,0.0,57,0.184,0.29,26.94
2026-03-27,Đắk Lắk,Cà phê,92500.0,VND/kg,Chợ Giá,https://chogia.vn/gia-ca-phe-dak-lak-hom-nay/,36.6,19.9,27.4,0.0,0.0,0.0,56,0.183,0.288,26.68
2026-03-28,Đắk Lắk,Cà phê,92300.0,VND/kg,Chợ Giá,https://chogia.vn/gia-ca-phe-dak-lak-hom-nay/,37.6,20.4,28.0,0.0,0.0,0.0,56,0.183,0.286,26.67
2026-03-29,Đắk Lắk,Cà phê,92300.0,VND/kg,Chợ Giá,https://chogia.vn/gia-ca-phe-dak-lak-hom-nay/,36.1,20.5,27.9,0.0,0.0,0.0,60,0.183,0.284,25.7
2026-03-30,Đắk Lắk,Cà phê,92300.0,VND/kg,Chợ Giá,https://chogia.vn/gia-ca-phe-dak-lak-hom-nay/,34.9,22.3,28.5,0.0,0.0,0.0,57,0.182,0.279,23.68
2026-03-31,Đắk Lắk,Cà phê,87500.0,VND/kg,Chợ Giá,https://chogia.vn/gia-ca-phe-dak-lak-hom-nay/,34.8,22.2,28.5,0.2,0.2,2.0,53,0.184,0.282,24.13
2026-04-01,Đắk Lắk,Cà phê,89200.0,VND/kg,Chợ Giá,https://chogia.vn/gia-ca-phe-dak-lak-hom-nay/,36.6,23.2,29.5,0.0,0.0,0.0,46,0.182,0.282,25.53
2026-04-02,Đắk Lắk,Cà phê,90000.0,VND/kg,Chợ Giá,https://chogia.vn/gia-ca-phe-dak-lak-hom-nay/,35.1,21.6,27.9,0.0,0.0,0.0,50,0.181,0.286,26.89
2026-04-03,Đắk Lắk,Cà phê,89200.0,VND/kg,Chợ Giá,https://chogia.vn/gia-ca-phe-dak-lak-hom-nay/,34.6,19.5,27.6,0.0,0.0,0.0,42,0.177,0.287,27.13
2026-04-04,Đắk Lắk,Cà phê,89200.0,VND/kg,Chợ Giá,https://chogia.vn/gia-ca-phe-dak-lak-hom-nay/,35.5,22.1,29.2,0.0,0.0,0.0,49,0.176,0.28,25.63
2026-04-05,Đắk Lắk,Cà phê,89200.0,VND/kg,Chợ Giá,https://chogia.vn/gia-ca-phe-dak-lak-hom-nay/,36.6,22.8,29.9,0.0,0.0,0.0,46,0.174,0.279,26.21
2026-04-06,Đắk Lắk,Cà phê,89200.0,VND/kg,Chợ Giá,https://chogia.vn/gia-ca-phe-dak-lak-hom-nay/,36.6,23.4,30.2,0.0,0.0,0.0,48,0.172,0.279,25.76
2026-04-07,Đắk Lắk,Cà phê,89200.0,VND/kg,Chợ Giá,https://chogia.vn/gia-ca-phe-dak-lak-hom-nay/,36.2,23.7,30.1,0.0,0.0,0.0,47,0.175,0.287,25.37
2026-04-08,Đắk Lắk,Cà phê,85200.0,VND/kg,Chợ Giá,https://chogia.vn/gia-ca-phe-dak-lak-hom-nay/,37.6,23.8,30.6,0.0,0.0,0.0,45,0.177,0.284,26.0
2026-04-09,Đắk Lắk,Cà phê,85800.0,VND/kg,Chợ Giá,https://chogia.vn/gia-ca-phe-dak-lak-hom-nay/,35.9,23.9,30.2,0.0,0.0,0.0,53,0.177,0.283,24.56
2026-04-10,Đắk Lắk,Cà phê,85500.0,VND/kg,Chợ Giá,https://chogia.vn/gia-ca-phe-dak-lak-hom-nay/,35.9,23.8,30.1,0.0,0.0,0.0,47,0.177,0.282,24.8
2026-04-11,Đắk Lắk,Cà phê,85700.0,VND/kg,Chợ Giá,https://chogia.vn/gia-ca-phe-dak-lak-hom-nay/,36.2,24.2,30.4,0.0,0.0,0.0,47,0.175,0.279,25.85
2026-04-12,Đắk Lắk,Cà phê,85700.0,VND/kg,Chợ Giá,https://chogia.vn/gia-ca-phe-dak-lak-hom-nay/,36.6,24.1,30.8,0.0,0.0,0.0,47,0.184,0.282,26.27
2026-04-13,Đắk Lắk,Cà phê,86000.0,VND/kg,Chợ Giá,https://chogia.vn/gia-ca-phe-dak-lak-hom-nay/,35.9,24.9,30.2,0.2,0.2,1.0,56,0.177,0.28,24.23
2026-04-14,Đắk Lắk,Cà phê,86500.0,VND/kg,Chợ Giá,https://chogia.vn/gia-ca-phe-dak-lak-hom-nay/,35.9,25.3,30.1,0.0,0.0,0.0,59,0.196,0.281,23.24
2026-04-15,Đắk Lắk,Cà phê,87100.0,VND/kg,Chợ Giá,https://chogia.vn/gia-ca-phe-dak-lak-hom-nay/,36.0,24.2,28.7,0.3,0.3,2.0,66,0.228,0.28,22.82
2026-04-16,Đắk Lắk,Cà phê,88300.0,VND/kg,Chợ Giá,https://chogia.vn/gia-ca-phe-dak-lak-hom-nay/,34.1,23.0,27.7,0.5,0.5,2.0,70,0.289,0.285,23.56
2026-04-17,Đắk Lắk,Cà phê,87000.0,VND/kg,Chợ Giá,https://chogia.vn/gia-ca-phe-dak-lak-hom-nay/,33.9,22.9,28.0,0.4,0.4,2.0,65,0.263,0.291,23.51
2026-04-18,Đắk Lắk,Cà phê,85000.0,VND/kg,Chợ Giá,https://chogia.vn/gia-ca-phe-dak-lak-hom-nay/,33.2,23.1,27.8,0.0,0.0,0.0,64,0.225,0.299,21.94
2026-04-19,Đắk Lắk,Cà phê,85000.0,VND/kg,Chợ Giá,https://chogia.vn/gia-ca-phe-dak-lak-hom-nay/,35.0,22.4,28.1,0.0,0.0,0.0,57,0.197,0.278,25.55
2026-04-20,Đắk Lắk,Cà phê,85300.0,VND/kg,Chợ Giá,https://chogia.vn/gia-ca-phe-dak-lak-hom-nay/,33.5,22.1,27.4,0.3,0.3,3.0,55,0.192,0.299,25.24
2026-04-21,Đắk Lắk,Cà phê,87300.0,VND/kg,Chợ Giá,https://chogia.vn/gia-ca-phe-dak-lak-hom-nay/,33.9,22.6,28.1,0.1,0.1,1.0,54,0.19,0.307,24.48
2026-04-22,Đắk Lắk,Cà phê,86800.0,VND/kg,Chợ Giá,https://chogia.vn/gia-ca-phe-dak-lak-hom-nay/,33.3,23.0,28.0,0.0,0.0,0.0,58,0.192,0.305,21.74
2026-04-23,Đắk Lắk,Cà phê,87800.0,VND/kg,Chợ Giá,https://chogia.vn/gia-ca-phe-dak-lak-hom-nay/,34.8,23.5,28.5,0.6,0.6,2.0,62,0.189,0.298,24.7
2026-04-24,Đắk Lắk,Cà phê,89300.0,VND/kg,Chợ Giá,https://chogia.vn/gia-ca-phe-dak-lak-hom-nay/,34.4,24.0,28.8,0.4,0.4,4.0,64,0.194,0.296,23.52
2026-04-25,Đắk Lắk,Cà phê,88000.0,VND/kg,Chợ Giá,https://chogia.vn/gia-ca-phe-dak-lak-hom-nay/,33.8,24.5,28.0,0.9,0.9,1.0,66,0.194,0.293,22.55
2026-04-26,Đắk Lắk,Cà phê,88000.0,VND/kg,Chợ Giá,https://chogia.vn/gia-ca-phe-dak-lak-hom-nay/,34.8,23.2,28.3,0.0,0.0,0.0,57,0.175,0.29,24.31
2026-04-27,Đắk Lắk,Cà phê,88000.0,VND/kg,Chợ Giá,https://chogia.vn/gia-ca-phe-dak-lak-hom-nay/,34.2,23.2,28.4,2.0,2.0,5.0,62,0.18,0.297,24.26
2026-04-28,Đắk Lắk,Cà phê,87000.0,VND/kg,Chợ Giá,https://chogia.vn/gia-ca-phe-dak-lak-hom-nay/,32.9,23.5,26.7,12.5,12.5,7.0,74,0.217,0.301,18.51
2026-04-29,Đắk Lắk,Cà phê,88600.0,VND/kg,Chợ Giá,https://chogia.vn/gia-ca-phe-dak-lak-hom-nay/,32.5,23.9,26.9,3.7,3.7,5.0,76,0.229,0.317,21.47
2026-04-30,Đắk Lắk,Cà phê,87600.0,VND/kg,Chợ Giá,https://chogia.vn/gia-ca-phe-dak-lak-hom-nay/,32.2,23.6,27.4,0.3,0.3,2.0,72,0.287,0.314,24.71
2026-05-01,Đắk Lắk,Cà phê,86400.0,VND/kg,Chợ Giá,https://chogia.vn/gia-ca-phe-dak-lak-hom-nay/,33.1,22.7,27.2,0.4,0.4,2.0,68,0.257,0.314,24.59
2026-05-02,Đắk Lắk,Cà phê,86500.0,VND/kg,Chợ Giá,https://chogia.vn/gia-ca-phe-dak-lak-hom-nay/,33.9,23.3,27.6,2.5,2.5,1.0,69,0.251,0.322,24.36
2026-05-03,Đắk Lắk,Cà phê,86500.0,VND/kg,Chợ Giá,https://chogia.vn/gia-ca-phe-dak-lak-hom-nay/,35.3,22.7,28.5,0.0,0.0,0.0,63,0.244,0.314,26.14
2026-05-04,Đắk Lắk,Cà phê,85600.0,VND/kg,Chợ Giá,https://chogia.vn/gia-ca-phe-dak-lak-hom-nay/,33.5,23.6,28.1,0.1,0.1,1.0,65,0.215,0.311,23.1
2026-05-05,Đắk Lắk,Cà phê,85600.0,VND/kg,Chợ Giá,https://chogia.vn/gia-ca-phe-dak-lak-hom-nay/,32.3,23.7,27.2,1.1,1.1,6.0,69,0.201,0.312,21.44
2026-05-06,Đắk Lắk,Cà phê,86000.0,VND/kg,Chợ Giá,https://chogia.vn/gia-ca-phe-dak-lak-hom-nay/,33.8,22.9,27.3,4.8,4.8,3.0,70,0.222,0.304,21.57
2026-05-07,Đắk Lắk,Cà phê,87000.0,VND/kg,Chợ Giá,https://chogia.vn/gia-ca-phe-dak-lak-hom-nay/,34.3,23.5,28.4,0.0,0.0,0.0,64,0.243,0.309,25.94
2026-05-08,Đắk Lắk,Cà phê,87500.0,VND/kg,Chợ Giá,https://chogia.vn/gia-ca-phe-dak-lak-hom-nay/,34.1,23.2,27.9,0.0,0.0,0.0,63,0.209,0.302,26.55
2026-05-09,Đắk Lắk,Cà phê,87100.0,VND/kg,Chợ Giá,https://chogia.vn/gia-ca-phe-dak-lak-hom-nay/,33.7,22.9,27.6,1.5,1.5,4.0,66,0.199,0.304,24.9
2026-05-10,Đắk Lắk,Cà phê,87100.0,VND/kg,Chợ Giá,https://chogia.vn/gia-ca-phe-dak-lak-hom-nay/,33.6,24.0,28.1,0.3,0.3,2.0,66,0.196,0.303,24.87
2026-05-11,Đắk Lắk,Cà phê,87000.0,VND/kg,Chợ Giá,https://chogia.vn/gia-ca-phe-dak-lak-hom-nay/,33.8,23.8,28.3,0.0,0.0,0.0,65,0.191,0.296,25.47
2026-05-12,Đắk Lắk,Cà phê,88000.0,VND/kg,Chợ Giá,https://chogia.vn/gia-ca-phe-dak-lak-hom-nay/,36.3,24.2,29.6,0.0,0.0,0.0,58,0.194,0.296,26.02
2026-05-13,Đắk Lắk,Cà phê,87900.0,VND/kg,Chợ Giá,https://chogia.vn/gia-ca-phe-dak-lak-hom-nay/,33.6,24.6,28.6,1.3,1.3,4.0,70,0.201,0.299,22.55
2026-05-14,Đắk Lắk,Cà phê,88900.0,VND/kg,Chợ Giá,https://chogia.vn/gia-ca-phe-dak-lak-hom-nay/,34.0,24.3,28.2,6.2,6.2,16.0,76,0.217,0.29,23.16
2026-05-15,Đắk Lắk,Cà phê,87700.0,VND/kg,Chợ Giá,https://chogia.vn/gia-ca-phe-dak-lak-hom-nay/,34.4,23.2,28.0,3.2,3.2,6.0,76,0.24,0.287,24.43
2026-05-16,Đắk Lắk,Cà phê,87700.0,VND/kg,Chợ Giá,https://chogia.vn/gia-ca-phe-dak-lak-hom-nay/,30.7,23.1,26.5,23.2,23.2,11.0,78,0.433,0.297,15.17
2026-05-17,Đắk Lắk,Cà phê,87700.0,VND/kg,Chợ Giá,https://chogia.vn/gia-ca-phe-dak-lak-hom-nay/,31.5,24.2,26.4,2.3,2.3,8.0,83,0.43,0.311,19.57
2026-05-18,Đắk Lắk,Cà phê,87000.0,VND/kg,Chợ Giá,https://chogia.vn/gia-ca-phe-dak-lak-hom-nay/,32.9,23.4,26.2,20.4,20.4,19.0,87,0.459,0.315,19.74
2026-05-19,Đắk Lắk,Cà phê,85300.0,VND/kg,Chợ Giá,https://chogia.vn/gia-ca-phe-dak-lak-hom-nay/,32.1,23.6,26.4,10.7,10.7,15.0,86,0.447,0.34,19.75
2026-05-20,Đắk Lắk,Cà phê,86100.0,VND/kg,Chợ Giá,https://chogia.vn/gia-ca-phe-dak-lak-hom-nay/,31.9,24.1,27.2,1.4,1.4,5.0,80,0.42,0.362,21.18
2026-05-21,Đắk Lắk,Cà phê,86000.0,VND/kg,Chợ Giá,https://chogia.vn/gia-ca-phe-dak-lak-hom-nay/,32.5,23.9,27.0,3.1,3.1,9.0,83,0.388,0.354,22.74
2026-05-22,Đắk Lắk,Cà phê,86700.0,VND/kg,Chợ Giá,https://chogia.vn/gia-ca-phe-dak-lak-hom-nay/,32.7,23.9,27.8,0.5,0.5,4.0,76,0.382,0.355,25.28
2026-05-23,Đắk Lắk,Cà phê,88000.0,VND/kg,Chợ Giá,https://chogia.vn/gia-ca-phe-dak-lak-hom-nay/,31.5,24.5,26.9,2.9,2.9,7.0,82,0.338,0.343,23.29
2026-05-24,Đắk Lắk,Cà phê,88000.0,VND/kg,Chợ Giá,https://chogia.vn/gia-ca-phe-dak-lak-hom-nay/,33.1,22.8,27.3,5.4,5.4,9.0,78,0.326,0.335,24.11
2026-05-25,Đắk Lắk,Cà phê,87600.0,VND/kg,Chợ Giá,https://chogia.vn/gia-ca-phe-dak-lak-hom-nay/,32.2,23.4,26.9,1.5,1.5,4.0,79,0.293,0.338,23.25
2026-05-26,Đắk Lắk,Cà phê,87800.0,VND/kg,Chợ Giá,https://chogia.vn/gia-ca-phe-dak-lak-hom-nay/,32.6,23.7,27.0,1.9,1.9,7.0,77,0.25,0.33,24.72
2026-05-27,Đắk Lắk,Cà phê,88500.0,VND/kg,Chợ Giá,https://chogia.vn/gia-ca-phe-dak-lak-hom-nay/,33.2,23.4,26.8,3.4,3.4,6.0,80,0.265,0.325,24.77
2026-05-28,Đắk Lắk,Cà phê,87700.0,VND/kg,Chợ Giá,https://chogia.vn/gia-ca-phe-dak-lak-hom-nay/,30.4,22.8,26.7,3.5,3.5,6.0,81,0.286,0.329,18.62
2026-05-29,Đắk Lắk,Cà phê,89100.0,VND/kg,Chợ Giá,https://chogia.vn/gia-ca-phe-dak-lak-hom-nay/,28.8,22.7,25.9,5.5,5.5,8.0,84,0.314,0.334,12.49
2026-05-30,Đắk Lắk,Cà phê,87300.0,VND/kg,Chợ Giá,https://chogia.vn/gia-ca-phe-dak-lak-hom-nay/,28.1,22.4,24.3,18.5,18.5,17.0,93,0.429,0.343,13.39
2026-05-31,Đắk Lắk,Cà phê,87300.0,VND/kg,Chợ Giá,https://chogia.vn/gia-ca-phe-dak-lak-hom-nay/,25.4,21.8,23.5,25.0,25.0,21.0,97,0.495,0.407,7.08
2026-06-01,Đắk Lắk,Cà phê,87300.0,VND/kg,Chợ Giá,https://chogia.vn/gia-ca-phe-dak-lak-hom-nay/,27.6,22.2,24.1,22.7,22.7,24.0,93,0.504,0.477,13.03
2026-06-02,Đắk Lắk,Cà phê,86700.0,VND/kg,Chợ Giá,https://chogia.vn/gia-ca-phe-dak-lak-hom-nay/,28.6,23.0,24.8,6.5,6.5,10.0,90,0.496,0.486,14.7
2026-06-03,Đắk Lắk,Cà phê,87200.0,VND/kg,Chợ Giá,https://chogia.vn/gia-ca-phe-dak-lak-hom-nay/,29.2,22.7,25.4,5.5,5.5,10.0,85,0.476,0.473,20.69
2026-06-04,Đắk Lắk,Cà phê,86000.0,VND/kg,Chợ Giá,https://chogia.vn/gia-ca-phe-dak-lak-hom-nay/,29.9,22.9,25.6,2.7,2.7,8.0,85,0.469,0.461,19.62
2026-06-05,Đắk Lắk,Cà phê,85800.0,VND/kg,Chợ Giá,https://chogia.vn/gia-ca-phe-dak-lak-hom-nay/,30.7,23.4,26.6,1.2,1.2,8.0,80,0.442,0.447,23.72
2026-06-06,Đắk Lắk,Cà phê,85200.0,VND/kg,Chợ Giá,https://chogia.vn/gia-ca-phe-dak-lak-hom-nay/,31.9,23.5,27.1,2.9,2.9,7.0,79,0.409,0.433,22.82
2026-06-07,Đắk Lắk,Cà phê,85200.0,VND/kg,Chợ Giá,https://chogia.vn/gia-ca-phe-dak-lak-hom-nay/,31.9,23.5,26.7,13.4,13.4,10.0,82,0.376,0.415,23.49
2026-06-08,Đắk Lắk,Cà phê,85100.0,VND/kg,Chợ Giá,https://chogia.vn/gia-ca-phe-dak-lak-hom-nay/,31.2,22.9,26.7,2.4,2.4,10.0,80,0.394,0.405,23.62
2026-06-09,Đắk Lắk,Cà phê,85500.0,VND/kg,Chợ Giá,https://chogia.vn/gia-ca-phe-dak-lak-hom-nay/,31.8,23.2,26.0,9.4,9.4,16.0,85,0.419,0.398,19.25
2026-06-10,Đắk Lắk,Cà phê,84800.0,VND/kg,Chợ Giá,https://chogia.vn/gia-ca-phe-dak-lak-hom-nay/,29.9,23.3,25.6,4.7,4.7,13.0,88,0.449,0.409,19.5
2026-06-11,Đắk Lắk,Cà phê,85300.0,VND/kg,Chợ Giá,https://chogia.vn/gia-ca-phe-dak-lak-hom-nay/,29.5,22.5,25.7,2.5,2.5,13.0,86,0.459,0.421,18.65
2026-06-12,Đắk Lắk,Cà phê,87500.0,VND/kg,Chợ Giá,https://chogia.vn/gia-ca-phe-dak-lak-hom-nay/,30.4,22.9,25.9,3.7,3.7,7.0,85,0.42,0.418,21.81
2026-06-13,Đắk Lắk,Cà phê,89500.0,VND/kg,Chợ Giá,https://chogia.vn/gia-ca-phe-dak-lak-hom-nay/,31.4,22.9,25.9,6.9,6.9,12.0,84,0.389,0.408,24.82
2026-06-14,Đắk Lắk,Cà phê,89500.0,VND/kg,Chợ Giá,https://chogia.vn/gia-ca-phe-dak-lak-hom-nay/,31.2,22.5,25.8,7.0,7.0,7.0,85,0.393,0.404,24.53
2026-06-15,Đắk Lắk,Cà phê,89500.0,VND/kg,Chợ Giá,https://chogia.vn/gia-ca-phe-dak-lak-hom-nay/,30.9,22.5,26.5,1.6,1.6,10.0,78,0.397,0.4,24.53
2026-06-16,Đắk Lắk,Cà phê,89300.0,VND/kg,Chợ Giá,https://chogia.vn/gia-ca-phe-dak-lak-hom-nay/,31.7,22.6,26.3,13.3,13.3,10.0,82,0.402,0.394,24.29
2026-06-17,Đắk Lắk,Cà phê,89300.0,VND/kg,Chợ Giá,https://chogia.vn/gia-ca-phe-dak-lak-hom-nay/,30.4,22.6,26.1,6.9,6.9,7.0,82,0.416,0.393,23.8
2026-06-18,Đắk Lắk,Cà phê,89600.0,VND/kg,Chợ Giá,https://chogia.vn/gia-ca-phe-dak-lak-hom-nay/,31.0,22.4,25.4,6.6,6.6,10.0,86,0.385,0.385,24.22
2026-06-19,Đắk Lắk,Cà phê,89900.0,VND/kg,Chợ Giá,https://chogia.vn/gia-ca-phe-dak-lak-hom-nay/,30.6,22.0,26.2,1.1,1.1,5.0,81,0.417,0.382,23.61
2026-06-20,Đắk Lắk,Cà phê,89200.0,VND/kg,Chợ Giá,https://chogia.vn/gia-ca-phe-dak-lak-hom-nay/,31.0,22.7,26.1,8.2,8.2,10.0,83,0.409,0.382,24.09
2026-06-21,Đắk Lắk,Cà phê,89200.0,VND/kg,Chợ Giá,https://chogia.vn/gia-ca-phe-dak-lak-hom-nay/,31.2,22.9,25.8,4.6,4.6,11.0,86,0.419,0.383,23.23
2026-06-22,Đắk Lắk,Cà phê,89300.0,VND/kg,Chợ Giá,https://chogia.vn/gia-ca-phe-dak-lak-hom-nay/,30.8,22.9,26.3,2.2,2.2,9.0,82,0.406,0.378,24.79
2026-06-23,Đắk Lắk,Cà phê,88500.0,VND/kg,Chợ Giá,https://chogia.vn/gia-ca-phe-dak-lak-hom-nay/,30.9,22.3,25.9,6.1,6.1,12.0,85,0.408,0.373,23.53
2026-06-24,Đắk Lắk,Cà phê,88700.0,VND/kg,Chợ Giá,https://chogia.vn/gia-ca-phe-dak-lak-hom-nay/,32.1,23.2,26.6,2.6,2.6,7.0,80,0.37,0.368,24.71
2026-06-25,Đắk Lắk,Cà phê,89400.0,VND/kg,Chợ Giá,https://chogia.vn/gia-ca-phe-dak-lak-hom-nay/,31.7,23.1,26.8,3.5,3.5,7.0,77,0.332,0.364,22.62
2026-06-26,Đắk Lắk,Cà phê,90400.0,VND/kg,Chợ Giá,https://chogia.vn/gia-ca-phe-dak-lak-hom-nay/,31.3,23.2,26.7,1.9,1.9,7.0,79,0.341,0.357,23.7
2026-06-27,Đắk Lắk,Cà phê,89800.0,VND/kg,Chợ Giá,https://chogia.vn/gia-ca-phe-dak-lak-hom-nay/,31.1,23.1,25.9,8.1,8.1,13.0,85,0.364,0.356,22.29
2026-06-28,Đắk Lắk,Cà phê,89800.0,VND/kg,Chợ Giá,https://chogia.vn/gia-ca-phe-dak-lak-hom-nay/,31.3,23.3,25.9,16.1,16.1,11.0,87,0.375,0.349,22.58
2026-06-29,Đắk Lắk,Cà phê,89800.0,VND/kg,Chợ Giá,https://chogia.vn/gia-ca-phe-dak-lak-hom-nay/,30.4,23.7,25.9,5.1,5.1,15.0,87,0.4,0.347,19.5
2026-06-30,Đắk Lắk,Cà phê,89200.0,VND/kg,Chợ Giá,https://chogia.vn/gia-ca-phe-dak-lak-hom-nay/,30.3,23.1,25.4,10.1,10.1,10.0,88,0.404,0.339,17.49
2026-07-01,Đắk Lắk,Cà phê,90400.0,VND/kg,Chợ Giá,https://chogia.vn/gia-ca-phe-dak-lak-hom-nay/,28.6,23.0,25.5,8.8,8.8,15.0,89,0.43,0.343,18.93
2026-07-02,Đắk Lắk,Cà phê,92000.0,VND/kg,Chợ Giá,https://chogia.vn/gia-ca-phe-dak-lak-hom-nay/,26.8,22.9,24.4,24.2,24.2,22.0,92,0.462,0.356,12.32
2026-07-03,Đắk Lắk,Cà phê,93000.0,VND/kg,Chợ Giá,https://chogia.vn/gia-ca-phe-dak-lak-hom-nay/,27.8,22.9,24.5,5.0,5.0,18.0,90,0.475,0.412,10.7
2026-07-04,Đắk Lắk,Cà phê,92800.0,VND/kg,Chợ Giá,https://chogia.vn/gia-ca-phe-dak-lak-hom-nay/,27.5,23.4,24.9,6.3,6.3,12.0,84,0.47,0.446,12.8
2026-07-05,Đắk Lắk,Cà phê,92800.0,VND/kg,Chợ Giá,https://chogia.vn/gia-ca-phe-dak-lak-hom-nay/,28.5,22.6,25.3,0.5,0.5,4.0,82,0.451,0.442,16.03
2026-07-06,Đắk Lắk,Cà phê,92800.0,VND/kg,Chợ Giá,https://chogia.vn/gia-ca-phe-dak-lak-hom-nay/,29.7,23.0,25.5,8.3,8.3,11.0,87,0.44,0.433,18.96
2026-07-07,Đắk Lắk,Cà phê,96700.0,VND/kg,Chợ Giá,https://chogia.vn/gia-ca-phe-dak-lak-hom-nay/,25.5,22.7,23.9,12.6,12.6,18.0,95,0.485,0.439,7.05
2026-07-08,Đắk Lắk,Cà phê,94700.0,VND/kg,Chợ Giá,https://chogia.vn/gia-ca-phe-dak-lak-hom-nay/,29.9,22.2,25.6,3.3,3.3,9.0,78,0.452,0.45,23.16
2026-07-09,Đắk Lắk,Cà phê,92200.0,VND/kg,Chợ Giá,https://chogia.vn/gia-ca-phe-dak-lak-hom-nay/,29.4,21.8,25.6,12.4,12.4,13.0,81,0.462,0.447,22.08
2026-07-10,Đắk Lắk,Cà phê,98200.0,VND/kg,Chợ Giá,https://chogia.vn/gia-ca-phe-dak-lak-hom-nay/,30.0,23.1,26.4,2.1,2.1,10.0,74,0.434,0.438,23.67
2026-07-11,Đắk Lắk,Cà phê,95200.0,VND/kg,Chợ Giá,https://chogia.vn/gia-ca-phe-dak-lak-hom-nay/,29.5,23.1,25.5,13.9,13.9,14.0,80,0.432,0.428,20.65
2026-07-12,Đắk Lắk,Cà phê,95200.0,VND/kg,Chợ Giá,https://chogia.vn/gia-ca-phe-dak-lak-hom-nay/,29.6,22.4,25.5,5.0,5.0,14.0,83,0.483,0.442,20.84
2026-07-13,Đắk Lắk,Cà phê,95200.0,VND/kg,Chợ Giá,https://chogia.vn/gia-ca-phe-dak-lak-hom-nay/,29.8,23.0,25.2,5.2,5.2,15.0,84,0.47,0.455,21.67
2026-07-14,Đắk Lắk,Cà phê,96000.0,VND/kg,Chợ Giá,https://chogia.vn/gia-ca-phe-dak-lak-hom-nay/,29.3,22.6,25.7,3.8,3.8,13.0,81,0.448,0.446,20.8
2026-07-15,Đắk Lắk,Cà phê,97200.0,VND/kg,Chợ Giá,https://chogia.vn/gia-ca-phe-dak-lak-hom-nay/,30.5,22.8,25.6,12.9,12.9,15.0,81,0.433,0.429,21.06
2026-07-16,Đắk Lắk,Cà phê,98400.0,VND/kg,Chợ Giá,https://chogia.vn/gia-ca-phe-dak-lak-hom-nay/,28.8,22.4,25.0,4.4,4.4,15.0,84,0.471,0.443,16.74
2026-07-17,Đắk Lắk,Cà phê,96200.0,VND/kg,Chợ Giá,https://chogia.vn/gia-ca-phe-dak-lak-hom-nay/,28.2,22.2,24.7,4.9,4.9,12.0,85,0.473,0.444,17.5
2026-07-18,Đắk Lắk,Cà phê,97700.0,VND/kg,Chợ Giá,https://chogia.vn/gia-ca-phe-dak-lak-hom-nay/,30.1,22.2,25.4,2.1,2.1,11.0,83,0.466,0.453,24.18
2026-07-19,Đắk Lắk,Cà phê,97700.0,VND/kg,Chợ Giá,https://chogia.vn/gia-ca-phe-dak-lak-hom-nay/,31.2,22.1,26.1,0.1,0.1,1.0,77,0.423,0.443,25.57
2026-07-20,Đắk Lắk,Cà phê,98000.0,VND/kg,Chợ Giá,https://chogia.vn/gia-ca-phe-dak-lak-hom-nay/,31.1,22.8,26.4,0.4,0.4,4.0,75,0.389,0.431,25.3
2026-07-21,Đắk Lắk,Cà phê,98500.0,VND/kg,Chợ Giá,https://chogia.vn/gia-ca-phe-dak-lak-hom-nay/,30.9,22.5,26.3,0.9,0.9,7.0,75,0.358,0.418,25.38
2026-07-22,Đắk Lắk,Cà phê,96600.0,VND/kg,Chợ Giá,https://chogia.vn/gia-ca-phe-dak-lak-hom-nay/,30.6,22.7,25.7,5.8,5.8,10.0,80,0.34,0.405,23.85
2026-07-23,Đắk Lắk,Cà phê,96400.0,VND/kg,Chợ Giá,https://chogia.vn/gia-ca-phe-dak-lak-hom-nay/,28.4,22.2,24.9,10.7,10.7,14.0,88,0.346,0.388,23.03
2026-07-24,Đắk Lắk,Cà phê,94600.0,VND/kg,Chợ Giá,https://chogia.vn/gia-ca-phe-dak-lak-hom-nay/,29.9,21.8,25.4,1.3,1.3,6.0,82,0.382,0.383,21.42
2026-07-25,Đắk Lắk,Cà phê,95800.0,VND/kg,Chợ Giá,https://chogia.vn/gia-ca-phe-dak-lak-hom-nay/,29.5,22.6,25.2,4.1,4.1,10.0,83,0.411,0.378,21.97
2026-07-26,Đắk Lắk,Cà phê,95800.0,VND/kg,Chợ Giá,https://chogia.vn/gia-ca-phe-dak-lak-hom-nay/,29.6,22.6,24.9,21.3,21.3,15.0,86,0.464,0.39,22.98
2026-07-27,Đắk Lắk,Cà phê,96000.0,VND/kg,Chợ Giá,https://chogia.vn/gia-ca-phe-dak-lak-hom-nay/,28.9,22.5,24.5,13.8,13.8,14.0,89,0.47,0.394,21.86
2026-07-28,Đắk Lắk,Cà phê,96500.0,VND/kg,Chợ Giá,https://chogia.vn/gia-ca-phe-dak-lak-hom-nay/,27.9,22.1,24.4,32.6,32.6,21.0,89,0.489,0.422,16.49
2026-07-29,Đắk Lắk,Cà phê,98300.0,VND/kg,Chợ Giá,https://chogia.vn/gia-ca-phe-dak-lak-hom-nay/,28.4,22.2,24.5,18.6,18.6,19.0,90,0.479,0.42,19.35
2026-07-30,Đắk Lắk,Cà phê,96500.0,VND/kg,Chợ Giá,https://chogia.vn/gia-ca-phe-dak-lak-hom-nay/,29.6,23.0,25.1,13.0,13.0,16.0,89,0.472,0.428,21.98
2026-07-31,Đắk Lắk,Cà phê,96500.0,VND/kg,Chợ Giá,https://chogia.vn/gia-ca-phe-dak-lak-hom-nay/,29.5,23.1,25.1,4.2,4.2,12.0,89,0.461,0.429,19.57
2026-08-01,Đắk Lắk,Cà phê,96700.0,VND/kg,Chợ Giá,https://chogia.vn/gia-ca-phe-dak-lak-hom-nay/,29.0,23.1,25.1,9.7,9.7,12.0,89,0.47,0.432,18.67
2026-08-02,Đắk Lắk,Cà phê,96700.0,VND/kg,Chợ Giá,https://chogia.vn/gia-ca-phe-dak-lak-hom-nay/,30.2,22.9,25.8,6.6,6.6,17.0,85,0.471,0.439,22.82
2026-08-03,Đắk Lắk,Cà phê,96500.0,VND/kg,Chợ Giá,https://chogia.vn/gia-ca-phe-dak-lak-hom-nay/,30.6,22.7,26.4,2.9,2.9,10.0,81,0.46,0.454,24.24
2026-08-04,Đắk Lắk,Cà phê,96500.0,VND/kg,Chợ Giá,https://chogia.vn/gia-ca-phe-dak-lak-hom-nay/,29.0,22.1,25.4,12.2,12.2,13.0,86,0.442,0.444,19.03
2026-08-05,Đắk Lắk,Cà phê,98300.0,VND/kg,Chợ Giá,https://chogia.vn/gia-ca-phe-dak-lak-hom-nay/,26.9,22.9,24.7,6.5,6.5,18.0,89,0.469,0.441,11.82
2026-08-06,Đắk Lắk,Cà phê,98800.0,VND/kg,Chợ Giá,https://chogia.vn/gia-ca-phe-dak-lak-hom-nay/,29.6,23.3,25.3,13.8,13.8,13.0,88,0.469,0.438,17.1
2026-08-07,Đắk Lắk,Cà phê,98800.0,VND/kg,Chợ Giá,https://chogia.vn/gia-ca-phe-dak-lak-hom-nay/,28.8,23.1,25.6,0.8,0.8,6.0,82,0.465,0.446,20.7
2026-08-08,Đắk Lắk,Cà phê,98800.0,VND/kg,Chợ Giá,https://chogia.vn/gia-ca-phe-dak-lak-hom-nay/,29.6,23.2,25.7,2.9,2.9,7.0,82,0.458,0.463,20.3
2026-08-09,Đắk Lắk,Cà phê,98800.0,VND/kg,Chợ Giá,https://chogia.vn/gia-ca-phe-dak-lak-hom-nay/,26.6,22.5,24.5,10.2,10.2,19.0,89,0.468,0.453,8.94
2026-08-10,Đắk Lắk,Cà phê,98800.0,VND/kg,Chợ Giá,https://chogia.vn/gia-ca-phe-dak-lak-hom-nay/,28.5,22.2,24.5,26.3,26.3,19.0,88,0.501,0.474,20.62
2026-08-11,Đắk Lắk,Cà phê,98800.0,VND/kg,Chợ Giá,https://chogia.vn/gia-ca-phe-dak-lak-hom-nay/,28.7,22.4,24.8,16.6,16.6,22.0,87,0.502,0.493,18.87
2026-08-12,Đắk Lắk,Cà phê,98800.0,VND/kg,Chợ Giá,https://chogia.vn/gia-ca-phe-dak-lak-hom-nay/,29.4,22.9,25.7,3.2,3.2,11.0,84,0.483,0.484,23.22
2026-08-13,Đắk Lắk,Cà phê,98800.0,VND/kg,Chợ Giá,https://chogia.vn/gia-ca-phe-dak-lak-hom-nay/,29.7,23.0,26.1,3.6,3.6,14.0,81,0.473,0.471,24.39
2026-08-14,Đắk Lắk,Cà phê,98800.0,VND/kg,Chợ Giá,https://chogia.vn/gia-ca-phe-dak-lak-hom-nay/,30.0,23.2,25.9,10.6,10.6,16.0,83,0.471,0.46,24.27
2026-08-15,Đắk Lắk,Cà phê,94700.0,VND/kg,Chợ Giá,https://chogia.vn/gia-ca-phe-dak-lak-hom-nay/,29.9,23.1,25.3,31.2,31.2,16.0,87,0.489,0.468,20.92
2026-08-16,Đắk Lắk,Cà phê,94700.0,VND/kg,Chợ Giá,https://chogia.vn/gia-ca-phe-dak-lak-hom-nay/,30.0,23.1,26.1,1.8,1.8,9.0,81,0.466,0.466,23.72
2026-08-17,Đắk Lắk,Cà phê,95000.0,VND/kg,Chợ Giá,https://chogia.vn/gia-ca-phe-dak-lak-hom-nay/,28.5,23.8,25.2,6.7,6.7,10.0,86,0.451,0.451,17.97
2026-08-18,Đắk Lắk,Cà phê,96800.0,VND/kg,Chợ Giá,https://chogia.vn/gia-ca-phe-dak-lak-hom-nay/,29.4,22.8,25.1,13.1,13.1,12.0,86,0.491,0.467,18.46
2026-08-19,Đắk Lắk,Cà phê,98300.0,VND/kg,Chợ Giá,https://chogia.vn/gia-ca-phe-dak-lak-hom-nay/,28.2,22.3,24.3,20.0,20.0,18.0,89,0.509,0.507,15.2
2026-08-20,Đắk Lắk,Cà phê,97700.0,VND/kg,Chợ Giá,https://chogia.vn/gia-ca-phe-dak-lak-hom-nay/,28.8,21.8,24.8,5.4,5.4,13.0,84,0.498,0.496,19.84
2026-08-21,Đắk Lắk,Cà phê,97900.0,VND/kg,Chợ Giá,https://chogia.vn/gia-ca-phe-dak-lak-hom-nay/,29.8,23.1,26.0,1.4,1.4,11.0,76,0.467,0.481,24.88
2026-08-22,Đắk Lắk,Cà phê,96200.0,VND/kg,Chợ Giá,https://chogia.vn/gia-ca-phe-dak-lak-hom-nay/,30.0,23.4,26.4,0.7,0.7,6.0,74,0.432,0.465,23.39
2026-08-23,Đắk Lắk,Cà phê,96200.0,VND/kg,Chợ Giá,https://chogia.vn/gia-ca-phe-dak-lak-hom-nay/,29.7,23.1,26.3,2.0,2.0,11.0,76,0.424,0.45,23.31
2026-08-24,Đắk Lắk,Cà phê,96500.0,VND/kg,Chợ Giá,https://chogia.vn/gia-ca-phe-dak-lak-hom-nay/,30.2,23.1,26.3,4.3,4.3,14.0,78,0.419,0.444,23.13
2026-08-25,Đắk Lắk,Cà phê,97500.0,VND/kg,Chợ Giá,https://chogia.vn/gia-ca-phe-dak-lak-hom-nay/,30.1,23.5,26.5,1.7,1.7,7.0,74,0.395,0.434,23.84
2026-08-26,Đắk Lắk,Cà phê,97000.0,VND/kg,Chợ Giá,https://chogia.vn/gia-ca-phe-dak-lak-hom-nay/,30.5,23.5,26.4,9.2,9.2,15.0,77,0.395,0.425,23.75
2026-08-27,Đắk Lắk,Cà phê,96200.0,VND/kg,Chợ Giá,https://chogia.vn/gia-ca-phe-dak-lak-hom-nay/,30.6,23.0,25.9,9.0,9.0,17.0,84,0.461,0.426,24.33
2026-08-28,Đắk Lắk,Cà phê,95200.0,VND/kg,Chợ Giá,https://chogia.vn/gia-ca-phe-dak-lak-hom-nay/,30.1,23.1,25.8,10.0,10.0,17.0,81,0.441,0.422,21.26
2026-08-29,Đắk Lắk,Cà phê,95100.0,VND/kg,Chợ Giá,https://chogia.vn/gia-ca-phe-dak-lak-hom-nay/,28.9,22.6,24.7,19.9,19.9,18.0,88,0.469,0.421,17.71
2026-08-30,Đắk Lắk,Cà phê,95100.0,VND/kg,Chợ Giá,https://chogia.vn/gia-ca-phe-dak-lak-hom-nay/,29.5,22.2,24.9,9.9,9.9,19.0,86,0.482,0.435,22.35
2026-08-31,Đắk Lắk,Cà phê,95500.0,VND/kg,Chợ Giá,https://chogia.vn/gia-ca-phe-dak-lak-hom-nay/,28.3,22.6,24.4,24.6,24.6,16.0,89,0.485,0.446,17.19
2026-09-01,Đắk Lắk,Cà phê,95500.0,VND/kg,Chợ Giá,https://chogia.vn/gia-ca-phe-dak-lak-hom-nay/,27.7,21.6,24.1,14.5,14.5,14.0,87,0.493,0.47,16.02
2026-09-02,Đắk Lắk,Cà phê,94800.0,VND/kg,Chợ Giá,https://chogia.vn/gia-ca-phe-dak-lak-hom-nay/,27.7,21.9,24.2,18.6,18.6,19.0,91,0.502,0.484,17.15
2026-09-03,Đắk Lắk,Cà phê,94200.0,VND/kg,Chợ Giá,https://chogia.vn/gia-ca-phe-dak-lak-hom-nay/,28.8,22.0,24.5,10.5,10.5,19.0,89,0.498,0.493,18.92
2026-09-04,Đắk Lắk,Cà phê,93700.0,VND/kg,Chợ Giá,https://chogia.vn/gia-ca-phe-dak-lak-hom-nay/,27.7,22.0,24.0,23.2,23.2,23.0,93,0.509,0.506,18.66
2026-09-05,Đắk Lắk,Cà phê,94700.0,VND/kg,Chợ Giá,https://chogia.vn/gia-ca-phe-dak-lak-hom-nay/,28.5,22.7,24.7,17.4,17.4,15.0,89,0.504,0.504,19.9
2026-09-06,Đắk Lắk,Cà phê,94700.0,VND/kg,Chợ Giá,https://chogia.vn/gia-ca-phe-dak-lak-hom-nay/,29.8,22.3,25.2,8.8,8.8,17.0,86,0.495,0.498,20.34
2026-09-07,Đắk Lắk,Cà phê,94700.0,VND/kg,Chợ Giá,https://chogia.vn/gia-ca-phe-dak-lak-hom-nay/,29.3,22.8,24.9,6.7,6.7,16.0,89,0.495,0.487,18.83
2026-09-08,Đắk Lắk,Cà phê,94200.0,VND/kg,Chợ Giá,https://chogia.vn/gia-ca-phe-dak-lak-hom-nay/,29.7,23.0,25.7,9.4,9.4,12.0,84,0.483,0.484,21.01
2026-09-09,Đắk Lắk,Cà phê,95500.0,VND/kg,Chợ Giá,https://chogia.vn/gia-ca-phe-dak-lak-hom-nay/,25.8,22.1,23.2,41.9,41.9,24.0,95,0.51,0.512,9.7
2026-09-10,Đắk Lắk,Cà phê,95500.0,VND/kg,Chợ Giá,https://chogia.vn/gia-ca-phe-dak-lak-hom-nay/,26.9,22.2,24.0,42.6,42.6,24.0,92,0.507,0.511,15.38
2026-09-11,Đắk Lắk,Cà phê,95700.0,VND/kg,Chợ Giá,https://chogia.vn/gia-ca-phe-dak-lak-hom-nay/,29.6,22.1,24.5,11.8,11.8,23.0,88,0.504,0.505,20.1
2026-09-12,Đắk Lắk,Cà phê,95200.0,VND/kg,Chợ Giá,https://chogia.vn/gia-ca-phe-dak-lak-hom-nay/,26.5,22.3,23.7,20.0,20.0,19.0,92,0.506,0.505,12.21
2026-09-13,Đắk Lắk,Cà phê,95200.0,VND/kg,Chợ Giá,https://chogia.vn/gia-ca-phe-dak-lak-hom-nay/,29.2,22.4,25.1,1.6,1.6,9.0,86,0.487,0.5,20.5
