date,province,product,price,unit,source,price_change,source_url
2024-01-13,Đắk Lắk,Cà phê,70600.0,VND/kg,Chợ Giá,-100.0,https://chogia.vn/gia-ca-phe-dak-lak-hom-nay/
2024-01-14,Đắk Lắk,Cà phê,70600.0,VND/kg,Chợ Giá,0.0,https://chogia.vn/gia-ca-phe-dak-lak-hom-nay/
2024-01-15,Đắk Lắk,Cà phê,70600.0,VND/kg,Chợ Giá,0.0,https://chogia.vn/gia-ca-phe-dak-lak-hom-nay/
2024-01-16,Đắk Lắk,Cà phê,71400.0,VND/kg,Chợ Giá,800.0,https://chogia.vn/gia-ca-phe-dak-lak-hom-nay/
2024-01-17,Đắk Lắk,Cà phê,72800.0,VND/kg,Chợ Giá,1300.0,https://chogia.vn/gia-ca-phe-dak-lak-hom-nay/
2024-01-18,Đắk Lắk,Cà phê,72000.0,VND/kg,Chợ Giá,-800.0,https://chogia.vn/gia-ca-phe-dak-lak-hom-nay/
2024-01-19,Đắk Lắk,Cà phê,71100.0,VND/kg,Chợ Giá,-900.0,https://chogia.vn/gia-ca-phe-dak-lak-hom-nay/
2024-01-20,Đắk Lắk,Cà phê,72500.0,VND/kg,Chợ Giá,1400.0,https://chogia.vn/gia-ca-phe-dak-lak-hom-nay/
2024-01-21,Đắk Lắk,Cà phê,72500.0,VND/kg,Chợ Giá,0.0,https://chogia.vn/gia-ca-phe-dak-lak-hom-nay/
2024-01-22,Đắk Lắk,Cà phê,72900.0,VND/kg,Chợ Giá,400.0,https://chogia.vn/gia-ca-phe-dak-lak-hom-nay/
2024-01-23,Đắk Lắk,Cà phê,74100.0,VND/kg,Chợ Giá,1200.0,https://chogia.vn/gia-ca-phe-dak-lak-hom-nay/
2024-01-24,Đắk Lắk,Cà phê,74000.0,VND/kg,Chợ Giá,-100.0,https://chogia.vn/gia-ca-phe-dak-lak-hom-nay/
2024-01-25,Đắk Lắk,Cà phê,75000.0,VND/kg,Chợ Giá,1000.0,https://chogia.vn/gia-ca-phe-dak-lak-hom-nay/
2024-01-26,Đắk Lắk,Cà phê,75500.0,VND/kg,Chợ Giá,500.0,https://chogia.vn/gia-ca-phe-dak-lak-hom-nay/
2024-01-27,Đắk Lắk,Cà phê,76600.0,VND/kg,Chợ Giá,1100.0,https://chogia.vn/gia-ca-phe-dak-lak-hom-nay/
2024-01-28,Đắk Lắk,Cà phê,77100.0,VND/kg,Chợ Giá,500.0,https://chogia.vn/gia-ca-phe-dak-lak-hom-nay/
2024-01-29,Đắk Lắk,Cà phê,77300.0,VND/kg,Chợ Giá,200.0,https://chogia.vn/gia-ca-phe-dak-lak-hom-nay/
2024-01-30,Đắk Lắk,Cà phê,77800.0,VND/kg,Chợ Giá,500.0,https://chogia.vn/gia-ca-phe-dak-lak-hom-nay/
2024-01-31,Đắk Lắk,Cà phê,79200.0,VND/kg,Chợ Giá,1400.0,https://chogia.vn/gia-ca-phe-dak-lak-hom-nay/
2024-02-01,Đắk Lắk,Cà phê,79000.0,VND/kg,Chợ Giá,-200.0,https://chogia.vn/gia-ca-phe-dak-lak-hom-nay/
2024-02-02,Đắk Lắk,Cà phê,79000.0,VND/kg,Chợ Giá,0.0,https://chogia.vn/gia-ca-phe-dak-lak-hom-nay/
2024-02-03,Đắk Lắk,Cà phê,78600.0,VND/kg,Chợ Giá,-400.0,https://chogia.vn/gia-ca-phe-dak-lak-hom-nay/
2024-02-04,Đắk Lắk,Cà phê,78600.0,VND/kg,Chợ Giá,-400.0,https://chogia.vn/gia-ca-phe-dak-lak-hom-nay/
2024-02-05,Đắk Lắk,Cà phê,78600.0,VND/kg,Chợ Giá,0.0,https://chogia.vn/gia-ca-phe-dak-lak-hom-nay/
2024-02-06,Đắk Lắk,Cà phê,78600.0,VND/kg,Chợ Giá,0.0,https://chogia.vn/gia-ca-phe-dak-lak-hom-nay/
2024-02-07,Đắk Lắk,Cà phê,78400.0,VND/kg,Chợ Giá,400.0,https://chogia.vn/gia-ca-phe-dak-lak-hom-nay/
2024-02-08,Đắk Lắk,Cà phê,78400.0,VND/kg,Chợ Giá,0.0,https://chogia.vn/gia-ca-phe-dak-lak-hom-nay/
2024-02-09,Đắk Lắk,Cà phê,78400.0,VND/kg,Chợ Giá,0.0,https://chogia.vn/gia-ca-phe-dak-lak-hom-nay/
2024-02-10,Đắk Lắk,Cà phê,78400.0,VND/kg,Chợ Giá,0.0,https://chogia.vn/gia-ca-phe-dak-lak-hom-nay/
2024-02-11,Đắk Lắk,Cà phê,78400.0,VND/kg,Chợ Giá,0.0,https://chogia.vn/gia-ca-phe-dak-lak-hom-nay/
2024-02-12,Đắk Lắk,Cà phê,78400.0,VND/kg,Chợ Giá,0.0,https://chogia.vn/gia-ca-phe-dak-lak-hom-nay/
2024-02-13,Đắk Lắk,Cà phê,78400.0,VND/kg,Chợ Giá,0.0,https://chogia.vn/gia-ca-phe-dak-lak-hom-nay/
2024-02-14,Đắk Lắk,Cà phê,78400.0,VND/kg,Chợ Giá,0.0,https://chogia.vn/gia-ca-phe-dak-lak-hom-nay/
2024-02-15,Đắk Lắk,Cà phê,78400.0,VND/kg,Chợ Giá,0.0,https://chogia.vn/gia-ca-phe-dak-lak-hom-nay/
2024-02-16,Đắk Lắk,Cà phê,78400.0,VND/kg,Chợ Giá,0.0,https://chogia.vn/gia-ca-phe-dak-lak-hom-nay/
2024-02-17,Đắk Lắk,Cà phê,78400.0,VND/kg,Chợ Giá,0.0,https://chogia.vn/gia-ca-phe-dak-lak-hom-nay/
2024-02-18,Đắk Lắk,Cà phê,78400.0,VND/kg,Chợ Giá,0.0,https://chogia.vn/gia-ca-phe-dak-lak-hom-nay/
2024-02-19,Đắk Lắk,Cà phê,78400.0,VND/kg,Chợ Giá,0.0,https://chogia.vn/gia-ca-phe-dak-lak-hom-nay/
2024-02-20,Đắk Lắk,Cà phê,78400.0,VND/kg,Chợ Giá,0.0,https://chogia.vn/gia-ca-phe-dak-lak-hom-nay/
2024-02-21,Đắk Lắk,Cà phê,78400.0,VND/kg,Chợ Giá,0.0,https://chogia.vn/gia-ca-phe-dak-lak-hom-nay/
2024-02-22,Đắk Lắk,Cà phê,78400.0,VND/kg,Chợ Giá,0.0,https://chogia.vn/gia-ca-phe-dak-lak-hom-nay/
2024-02-23,Đắk Lắk,Cà phê,78400.0,VND/kg,Chợ Giá,0.0,https://chogia.vn/gia-ca-phe-dak-lak-hom-nay/
2024-02-24,Đắk Lắk,Cà phê,78400.0,VND/kg,Chợ Giá,0.0,https://chogia.vn/gia-ca-phe-dak-lak-hom-nay/
2024-02-25,Đắk Lắk,Cà phê,78400.0,VND/kg,Chợ Giá,0.0,https://chogia.vn/gia-ca-phe-dak-lak-hom-nay/
2024-02-26,Đắk Lắk,Cà phê,78400.0,VND/kg,Chợ Giá,0.0,https://chogia.vn/gia-ca-phe-dak-lak-hom-nay/
2024-02-27,Đắk Lắk,Cà phê,78400.0,VND/kg,Chợ Giá,0.0,https://chogia.vn/gia-ca-phe-dak-lak-hom-nay/
2024-02-28,Đắk Lắk,Cà phê,78400.0,VND/kg,Chợ Giá,0.0,https://chogia.vn/gia-ca-phe-dak-lak-hom-nay/
2024-02-29,Đắk Lắk,Cà phê,78400.0,VND/kg,Chợ Giá,0.0,https://chogia.vn/gia-ca-phe-dak-lak-hom-nay/
2024-03-01,Đắk Lắk,Cà phê,78400.0,VND/kg,Chợ Giá,0.0,https://chogia.vn/gia-ca-phe-dak-lak-hom-nay/
2024-03-02,Đắk Lắk,Cà phê,78400.0,VND/kg,Chợ Giá,0.0,https://chogia.vn/gia-ca-phe-dak-lak-hom-nay/
2024-03-03,Đắk Lắk,Cà phê,78400.0,VND/kg,Chợ Giá,0.0,https://chogia.vn/gia-ca-phe-dak-lak-hom-nay/
2024-03-04,Đắk Lắk,Cà phê,78400.0,VND/kg,Chợ Giá,0.0,https://chogia.vn/gia-ca-phe-dak-lak-hom-nay/
2024-03-05,Đắk Lắk,Cà phê,78400.0,VND/kg,Chợ Giá,0.0,https://chogia.vn/gia-ca-phe-dak-lak-hom-nay/
2024-03-06,Đắk Lắk,Cà phê,78400.0,VND/kg,Chợ Giá,0.0,https://chogia.vn/gia-ca-phe-dak-lak-hom-nay/
2024-03-07,Đắk Lắk,Cà phê,78400.0,VND/kg,Chợ Giá,0.0,https://chogia.vn/gia-ca-phe-dak-lak-hom-nay/
2024-03-08,Đắk Lắk,Cà phê,78400.0,VND/kg,Chợ Giá,0.0,https://chogia.vn/gia-ca-phe-dak-lak-hom-nay/
2024-03-09,Đắk Lắk,Cà phê,78400.0,VND/kg,Chợ Giá,0.0,https://chogia.vn/gia-ca-phe-dak-lak-hom-nay/
2024-03-10,Đắk Lắk,Cà phê,78400.0,VND/kg,Chợ Giá,0.0,https://chogia.vn/gia-ca-phe-dak-lak-hom-nay/
2024-03-11,Đắk Lắk,Cà phê,78400.0,VND/kg,Chợ Giá,0.0,https://chogia.vn/gia-ca-phe-dak-lak-hom-nay/
2024-03-12,Đắk Lắk,Cà phê,78400.0,VND/kg,Chợ Giá,0.0,https://chogia.vn/gia-ca-phe-dak-lak-hom-nay/
2024-03-13,Đắk Lắk,Cà phê,78400.0,VND/kg,Chợ Giá,0.0,https://chogia.vn/gia-ca-phe-dak-lak-hom-nay/
2024-03-14,Đắk Lắk,Cà phê,78400.0,VND/kg,Chợ Giá,0.0,https://chogia.vn/gia-ca-phe-dak-lak-hom-nay/
2024-03-15,Đắk Lắk,Cà phê,78400.0,VND/kg,Chợ Giá,0.0,https://chogia.vn/gia-ca-phe-dak-lak-hom-nay/
2024-03-16,Đắk Lắk,Cà phê,78400.0,VND/kg,Chợ Giá,0.0,https://chogia.vn/gia-ca-phe-dak-lak-hom-nay/
2024-03-17,Đắk Lắk,Cà phê,78400.0,VND/kg,Chợ Giá,0.0,https://chogia.vn/gia-ca-phe-dak-lak-hom-nay/
2024-03-18,Đắk Lắk,Cà phê,78400.0,VND/kg,Chợ Giá,0.0,https://chogia.vn/gia-ca-phe-dak-lak-hom-nay/
2024-03-19,Đắk Lắk,Cà phê,78400.0,VND/kg,Chợ Giá,0.0,https://chogia.vn/gia-ca-phe-dak-lak-hom-nay/
2024-03-20,Đắk Lắk,Cà phê,78400.0,VND/kg,Chợ Giá,0.0,https://chogia.vn/gia-ca-phe-dak-lak-hom-nay/
2024-03-21,Đắk Lắk,Cà phê,78400.0,VND/kg,Chợ Giá,0.0,https://chogia.vn/gia-ca-phe-dak-lak-hom-nay/
2024-03-22,Đắk Lắk,Cà phê,78400.0,VND/kg,Chợ Giá,0.0,https://chogia.vn/gia-ca-phe-dak-lak-hom-nay/
2024-03-23,Đắk Lắk,Cà phê,78400.0,VND/kg,Chợ Giá,0.0,https://chogia.vn/gia-ca-phe-dak-lak-hom-nay/
2024-03-24,Đắk Lắk,Cà phê,78400.0,VND/kg,Chợ Giá,0.0,https://chogia.vn/gia-ca-phe-dak-lak-hom-nay/
2024-03-25,Đắk Lắk,Cà phê,78400.0,VND/kg,Chợ Giá,0.0,https://chogia.vn/gia-ca-phe-dak-lak-hom-nay/
2024-03-26,Đắk Lắk,Cà phê,78400.0,VND/kg,Chợ Giá,0.0,https://chogia.vn/gia-ca-phe-dak-lak-hom-nay/
2024-03-27,Đắk Lắk,Cà phê,78400.0,VND/kg,Chợ Giá,0.0,https://chogia.vn/gia-ca-phe-dak-lak-hom-nay/
2024-03-28,Đắk Lắk,Cà phê,78400.0,VND/kg,Chợ Giá,0.0,https://chogia.vn/gia-ca-phe-dak-lak-hom-nay/
2024-03-29,Đắk Lắk,Cà phê,78400.0,VND/kg,Chợ Giá,0.0,https://chogia.vn/gia-ca-phe-dak-lak-hom-nay/
2024-03-30,Đắk Lắk,Cà phê,78400.0,VND/kg,Chợ Giá,0.0,https://chogia.vn/gia-ca-phe-dak-lak-hom-nay/
2024-03-31,Đắk Lắk,Cà phê,78400.0,VND/kg,Chợ Giá,0.0,https://chogia.vn/gia-ca-phe-dak-lak-hom-nay/
2024-04-01,Đắk Lắk,Cà phê,78400.0,VND/kg,Chợ Giá,0.0,https://chogia.vn/gia-ca-phe-dak-lak-hom-nay/
2024-04-02,Đắk Lắk,Cà phê,78400.0,VND/kg,Chợ Giá,0.0,https://chogia.vn/gia-ca-phe-dak-lak-hom-nay/
2024-04-03,Đắk Lắk,Cà phê,78400.0,VND/kg,Chợ Giá,0.0,https://chogia.vn/gia-ca-phe-dak-lak-hom-nay/
2024-04-04,Đắk Lắk,Cà phê,78400.0,VND/kg,Chợ Giá,0.0,https://chogia.vn/gia-ca-phe-dak-lak-hom-nay/
2024-04-05,Đắk Lắk,Cà phê,78400.0,VND/kg,Chợ Giá,0.0,https://chogia.vn/gia-ca-phe-dak-lak-hom-nay/
2024-04-06,Đắk Lắk,Cà phê,78400.0,VND/kg,Chợ Giá,0.0,https://chogia.vn/gia-ca-phe-dak-lak-hom-nay/
2024-04-07,Đắk Lắk,Cà phê,78400.0,VND/kg,Chợ Giá,0.0,https://chogia.vn/gia-ca-phe-dak-lak-hom-nay/
2024-04-08,Đắk Lắk,Cà phê,78400.0,VND/kg,Chợ Giá,0.0,https://chogia.vn/gia-ca-phe-dak-lak-hom-nay/
2024-04-09,Đắk Lắk,Cà phê,78400.0,VND/kg,Chợ Giá,0.0,https://chogia.vn/gia-ca-phe-dak-lak-hom-nay/
2024-04-10,Đắk Lắk,Cà phê,78400.0,VND/kg,Chợ Giá,0.0,https://chogia.vn/gia-ca-phe-dak-lak-hom-nay/
2024-04-11,Đắk Lắk,Cà phê,78400.0,VND/kg,Chợ Giá,0.0,https://chogia.vn/gia-ca-phe-dak-lak-hom-nay/
2024-04-12,Đắk Lắk,Cà phê,78400.0,VND/kg,Chợ Giá,0.0,https://chogia.vn/gia-ca-phe-dak-lak-hom-nay/
2024-04-13,Đắk Lắk,Cà phê,78400.0,VND/kg,Chợ Giá,0.0,https://chogia.vn/gia-ca-phe-dak-lak-hom-nay/
2024-04-14,Đắk Lắk,Cà phê,78400.0,VND/kg,Chợ Giá,0.0,https://chogia.vn/gia-ca-phe-dak-lak-hom-nay/
2024-04-15,Đắk Lắk,Cà phê,78400.0,VND/kg,Chợ Giá,0.0,https://chogia.vn/gia-ca-phe-dak-lak-hom-nay/
2024-04-16,Đắk Lắk,Cà phê,78400.0,VND/kg,Chợ Giá,0.0,https://chogia.vn/gia-ca-phe-dak-lak-hom-nay/
2024-04-17,Đắk Lắk,Cà phê,78400.0,VND/kg,Chợ Giá,0.0,https://chogia.vn/gia-ca-phe-dak-lak-hom-nay/
2024-04-18,Đắk Lắk,Cà phê,122000.0,VND/kg,Chợ Giá,5000.0,https://chogia.vn/gia-ca-phe-dak-lak-hom-nay/
2024-04-19,Đắk Lắk,Cà phê,121000.0,VND/kg,Chợ Giá,-1000.0,https://chogia.vn/gia-ca-phe-dak-lak-hom-nay/
2024-04-20,Đắk Lắk,Cà phê,123500.0,VND/kg,Chợ Giá,2500.0,https://chogia.vn/gia-ca-phe-dak-lak-hom-nay/
2024-04-21,Đắk Lắk,Cà phê,123500.0,VND/kg,Chợ Giá,2500.0,https://chogia.vn/gia-ca-phe-dak-lak-hom-nay/
2024-04-22,Đắk Lắk,Cà phê,127000.0,VND/kg,Chợ Giá,3500.0,https://chogia.vn/gia-ca-phe-dak-lak-hom-nay/
2024-04-23,Đắk Lắk,Cà phê,129000.0,VND/kg,Chợ Giá,2000.0,https://chogia.vn/gia-ca-phe-dak-lak-hom-nay/
2024-04-24,Đắk Lắk,Cà phê,129300.0,VND/kg,Chợ Giá,300.0,https://chogia.vn/gia-ca-phe-dak-lak-hom-nay/
2024-04-25,Đắk Lắk,Cà phê,132000.0,VND/kg,Chợ Giá,2700.0,https://chogia.vn/gia-ca-phe-dak-lak-hom-nay/
2024-04-26,Đắk Lắk,Cà phê,134000.0,VND/kg,Chợ Giá,2000.0,https://chogia.vn/gia-ca-phe-dak-lak-hom-nay/
2024-04-27,Đắk Lắk,Cà phê,131500.0,VND/kg,Chợ Giá,-2500.0,https://chogia.vn/gia-ca-phe-dak-lak-hom-nay/
2024-04-28,Đắk Lắk,Cà phê,134000.0,VND/kg,Chợ Giá,2500.0,https://chogia.vn/gia-ca-phe-dak-lak-hom-nay/
2024-04-29,Đắk Lắk,Cà phê,134000.0,VND/kg,Chợ Giá,0.0,https://chogia.vn/gia-ca-phe-dak-lak-hom-nay/
2024-04-30,Đắk Lắk,Cà phê,134200.0,VND/kg,Chợ Giá,200.0,https://chogia.vn/gia-ca-phe-dak-lak-hom-nay/
2024-05-01,Đắk Lắk,Cà phê,133000.0,VND/kg,Chợ Giá,-1200.0,https://chogia.vn/gia-ca-phe-dak-lak-hom-nay/
2024-05-02,Đắk Lắk,Cà phê,130500.0,VND/kg,Chợ Giá,-2500.0,https://chogia.vn/gia-ca-phe-dak-lak-hom-nay/
2024-05-03,Đắk Lắk,Cà phê,118000.0,VND/kg,Chợ Giá,-12500.0,https://chogia.vn/gia-ca-phe-dak-lak-hom-nay/
2024-05-04,Đắk Lắk,Cà phê,103000.0,VND/kg,Chợ Giá,-15000.0,https://chogia.vn/gia-ca-phe-dak-lak-hom-nay/
2024-05-05,Đắk Lắk,Cà phê,101000.0,VND/kg,Chợ Giá,-2000.0,https://chogia.vn/gia-ca-phe-dak-lak-hom-nay/
2024-05-06,Đắk Lắk,Cà phê,100000.0,VND/kg,Chợ Giá,-1000.0,https://chogia.vn/gia-ca-phe-dak-lak-hom-nay/
2024-05-07,Đắk Lắk,Cà phê,100000.0,VND/kg,Chợ Giá,0.0,https://chogia.vn/gia-ca-phe-dak-lak-hom-nay/
2024-05-08,Đắk Lắk,Cà phê,95000.0,VND/kg,Chợ Giá,-5000.0,https://chogia.vn/gia-ca-phe-dak-lak-hom-nay/
2024-05-09,Đắk Lắk,Cà phê,98000.0,VND/kg,Chợ Giá,3000.0,https://chogia.vn/gia-ca-phe-dak-lak-hom-nay/
2024-05-10,Đắk Lắk,Cà phê,99000.0,VND/kg,Chợ Giá,1000.0,https://chogia.vn/gia-ca-phe-dak-lak-hom-nay/
2024-05-11,Đắk Lắk,Cà phê,99500.0,VND/kg,Chợ Giá,500.0,https://chogia.vn/gia-ca-phe-dak-lak-hom-nay/
2024-05-12,Đắk Lắk,Cà phê,101000.0,VND/kg,Chợ Giá,1500.0,https://chogia.vn/gia-ca-phe-dak-lak-hom-nay/
2024-05-13,Đắk Lắk,Cà phê,101000.0,VND/kg,Chợ Giá,0.0,https://chogia.vn/gia-ca-phe-dak-lak-hom-nay/
2024-05-14,Đắk Lắk,Cà phê,100800.0,VND/kg,Chợ Giá,-200.0,https://chogia.vn/gia-ca-phe-dak-lak-hom-nay/
2024-05-15,Đắk Lắk,Cà phê,102000.0,VND/kg,Chợ Giá,1200.0,https://chogia.vn/gia-ca-phe-dak-lak-hom-nay/
2024-05-16,Đắk Lắk,Cà phê,101500.0,VND/kg,Chợ Giá,-500.0,https://chogia.vn/gia-ca-phe-dak-lak-hom-nay/
2024-05-17,Đắk Lắk,Cà phê,102400.0,VND/kg,Chợ Giá,900.0,https://chogia.vn/gia-ca-phe-dak-lak-hom-nay/
2024-05-18,Đắk Lắk,Cà phê,103900.0,VND/kg,Chợ Giá,1500.0,https://chogia.vn/gia-ca-phe-dak-lak-hom-nay/
2024-05-19,Đắk Lắk,Cà phê,103900.0,VND/kg,Chợ Giá,1500.0,https://chogia.vn/gia-ca-phe-dak-lak-hom-nay/
2024-05-20,Đắk Lắk,Cà phê,104000.0,VND/kg,Chợ Giá,100.0,https://chogia.vn/gia-ca-phe-dak-lak-hom-nay/
2024-05-21,Đắk Lắk,Cà phê,105600.0,VND/kg,Chợ Giá,1600.0,https://chogia.vn/gia-ca-phe-dak-lak-hom-nay/
2024-05-22,Đắk Lắk,Cà phê,110000.0,VND/kg,Chợ Giá,4400.0,https://chogia.vn/gia-ca-phe-dak-lak-hom-nay/
2024-05-23,Đắk Lắk,Cà phê,117000.0,VND/kg,Chợ Giá,7000.0,https://chogia.vn/gia-ca-phe-dak-lak-hom-nay/
2024-05-24,Đắk Lắk,Cà phê,114000.0,VND/kg,Chợ Giá,-3000.0,https://chogia.vn/gia-ca-phe-dak-lak-hom-nay/
2024-05-25,Đắk Lắk,Cà phê,115500.0,VND/kg,Chợ Giá,1500.0,https://chogia.vn/gia-ca-phe-dak-lak-hom-nay/
2024-05-26,Đắk Lắk,Cà phê,115500.0,VND/kg,Chợ Giá,1500.0,https://chogia.vn/gia-ca-phe-dak-lak-hom-nay/
2024-05-27,Đắk Lắk,Cà phê,116200.0,VND/kg,Chợ Giá,700.0,https://chogia.vn/gia-ca-phe-dak-lak-hom-nay/
2024-05-28,Đắk Lắk,Cà phê,116700.0,VND/kg,Chợ Giá,500.0,https://chogia.vn/gia-ca-phe-dak-lak-hom-nay/
2024-05-29,Đắk Lắk,Cà phê,120700.0,VND/kg,Chợ Giá,4000.0,https://chogia.vn/gia-ca-phe-dak-lak-hom-nay/
2024-05-30,Đắk Lắk,Cà phê,122700.0,VND/kg,Chợ Giá,2000.0,https://chogia.vn/gia-ca-phe-dak-lak-hom-nay/
2024-05-31,Đắk Lắk,Cà phê,123500.0,VND/kg,Chợ Giá,800.0,https://chogia.vn/gia-ca-phe-dak-lak-hom-nay/
2024-06-01,Đắk Lắk,Cà phê,120000.0,VND/kg,Chợ Giá,-3500.0,https://chogia.vn/gia-ca-phe-dak-lak-hom-nay/
2024-06-02,Đắk Lắk,Cà phê,120000.0,VND/kg,Chợ Giá,-3500.0,https://chogia.vn/gia-ca-phe-dak-lak-hom-nay/
2024-06-03,Đắk Lắk,Cà phê,120000.0,VND/kg,Chợ Giá,0.0,https://chogia.vn/gia-ca-phe-dak-lak-hom-nay/
2024-06-04,Đắk Lắk,Cà phê,123000.0,VND/kg,Chợ Giá,3000.0,https://chogia.vn/gia-ca-phe-dak-lak-hom-nay/
2024-06-05,Đắk Lắk,Cà phê,124500.0,VND/kg,Chợ Giá,1500.0,https://chogia.vn/gia-ca-phe-dak-lak-hom-nay/
2024-06-06,Đắk Lắk,Cà phê,126000.0,VND/kg,Chợ Giá,1500.0,https://chogia.vn/gia-ca-phe-dak-lak-hom-nay/
2024-06-07,Đắk Lắk,Cà phê,125400.0,VND/kg,Chợ Giá,-600.0,https://chogia.vn/gia-ca-phe-dak-lak-hom-nay/
2024-06-08,Đắk Lắk,Cà phê,123400.0,VND/kg,Chợ Giá,-2000.0,https://chogia.vn/gia-ca-phe-dak-lak-hom-nay/
2024-06-09,Đắk Lắk,Cà phê,124000.0,VND/kg,Chợ Giá,600.0,https://chogia.vn/gia-ca-phe-dak-lak-hom-nay/
2024-06-10,Đắk Lắk,Cà phê,124000.0,VND/kg,Chợ Giá,0.0,https://chogia.vn/gia-ca-phe-dak-lak-hom-nay/
2024-06-11,Đắk Lắk,Cà phê,122400.0,VND/kg,Chợ Giá,-1600.0,https://chogia.vn/gia-ca-phe-dak-lak-hom-nay/
2024-06-12,Đắk Lắk,Cà phê,121000.0,VND/kg,Chợ Giá,-1400.0,https://chogia.vn/gia-ca-phe-dak-lak-hom-nay/
2024-06-13,Đắk Lắk,Cà phê,121400.0,VND/kg,Chợ Giá,400.0,https://chogia.vn/gia-ca-phe-dak-lak-hom-nay/
2024-06-14,Đắk Lắk,Cà phê,121600.0,VND/kg,Chợ Giá,200.0,https://chogia.vn/gia-ca-phe-dak-lak-hom-nay/
2024-06-15,Đắk Lắk,Cà phê,120000.0,VND/kg,Chợ Giá,-1600.0,https://chogia.vn/gia-ca-phe-dak-lak-hom-nay/
2024-06-16,Đắk Lắk,Cà phê,120000.0,VND/kg,Chợ Giá,-1600.0,https://chogia.vn/gia-ca-phe-dak-lak-hom-nay/
2024-06-17,Đắk Lắk,Cà phê,120000.0,VND/kg,Chợ Giá,-1600.0,https://chogia.vn/gia-ca-phe-dak-lak-hom-nay/
2024-06-18,Đắk Lắk,Cà phê,121000.0,VND/kg,Chợ Giá,1000.0,https://chogia.vn/gia-ca-phe-dak-lak-hom-nay/
2024-06-19,Đắk Lắk,Cà phê,119800.0,VND/kg,Chợ Giá,-1200.0,https://chogia.vn/gia-ca-phe-dak-lak-hom-nay/
2024-06-20,Đắk Lắk,Cà phê,121000.0,VND/kg,Chợ Giá,1200.0,https://chogia.vn/gia-ca-phe-dak-lak-hom-nay/
2024-06-21,Đắk Lắk,Cà phê,123000.0,VND/kg,Chợ Giá,2000.0,https://chogia.vn/gia-ca-phe-dak-lak-hom-nay/
2024-06-22,Đắk Lắk,Cà phê,121500.0,VND/kg,Chợ Giá,-1500.0,https://chogia.vn/gia-ca-phe-dak-lak-hom-nay/
2024-06-23,Đắk Lắk,Cà phê,121500.0,VND/kg,Chợ Giá,-1500.0,https://chogia.vn/gia-ca-phe-dak-lak-hom-nay/
2024-06-24,Đắk Lắk,Cà phê,121300.0,VND/kg,Chợ Giá,-200.0,https://chogia.vn/gia-ca-phe-dak-lak-hom-nay/
2024-06-25,Đắk Lắk,Cà phê,124300.0,VND/kg,Chợ Giá,3000.0,https://chogia.vn/gia-ca-phe-dak-lak-hom-nay/
2024-06-26,Đắk Lắk,Cà phê,121300.0,VND/kg,Chợ Giá,-3000.0,https://chogia.vn/gia-ca-phe-dak-lak-hom-nay/
2024-06-27,Đắk Lắk,Cà phê,120000.0,VND/kg,Chợ Giá,-1300.0,https://chogia.vn/gia-ca-phe-dak-lak-hom-nay/
2024-06-28,Đắk Lắk,Cà phê,119800.0,VND/kg,Chợ Giá,-200.0,https://chogia.vn/gia-ca-phe-dak-lak-hom-nay/
2024-06-29,Đắk Lắk,Cà phê,119200.0,VND/kg,Chợ Giá,-600.0,https://chogia.vn/gia-ca-phe-dak-lak-hom-nay/
2024-06-30,Đắk Lắk,Cà phê,119200.0,VND/kg,Chợ Giá,-600.0,https://chogia.vn/gia-ca-phe-dak-lak-hom-nay/
2024-07-01,Đắk Lắk,Cà phê,120000.0,VND/kg,Chợ Giá,800.0,https://chogia.vn/gia-ca-phe-dak-lak-hom-nay/
2024-07-02,Đắk Lắk,Cà phê,121200.0,VND/kg,Chợ Giá,1200.0,https://chogia.vn/gia-ca-phe-dak-lak-hom-nay/
2024-07-03,Đắk Lắk,Cà phê,121700.0,VND/kg,Chợ Giá,500.0,https://chogia.vn/gia-ca-phe-dak-lak-hom-nay/
2024-07-04,Đắk Lắk,Cà phê,121000.0,VND/kg,Chợ Giá,-700.0,https://chogia.vn/gia-ca-phe-dak-lak-hom-nay/
2024-07-05,Đắk Lắk,Cà phê,123000.0,VND/kg,Chợ Giá,2000.0,https://chogia.vn/gia-ca-phe-dak-lak-hom-nay/
2024-07-06,Đắk Lắk,Cà phê,123600.0,VND/kg,Chợ Giá,600.0,https://chogia.vn/gia-ca-phe-dak-lak-hom-nay/
2024-07-07,Đắk Lắk,Cà phê,123600.0,VND/kg,Chợ Giá,600.0,https://chogia.vn/gia-ca-phe-dak-lak-hom-nay/
2024-07-08,Đắk Lắk,Cà phê,124100.0,VND/kg,Chợ Giá,500.0,https://chogia.vn/gia-ca-phe-dak-lak-hom-nay/
2024-07-09,Đắk Lắk,Cà phê,125700.0,VND/kg,Chợ Giá,1600.0,https://chogia.vn/gia-ca-phe-dak-lak-hom-nay/
2024-07-10,Đắk Lắk,Cà phê,127700.0,VND/kg,Chợ Giá,2000.0,https://chogia.vn/gia-ca-phe-dak-lak-hom-nay/
2024-07-11,Đắk Lắk,Cà phê,126200.0,VND/kg,Chợ Giá,-1500.0,https://chogia.vn/gia-ca-phe-dak-lak-hom-nay/
2024-07-12,Đắk Lắk,Cà phê,128000.0,VND/kg,Chợ Giá,1800.0,https://chogia.vn/gia-ca-phe-dak-lak-hom-nay/
2024-07-13,Đắk Lắk,Cà phê,128500.0,VND/kg,Chợ Giá,500.0,https://chogia.vn/gia-ca-phe-dak-lak-hom-nay/
2024-07-14,Đắk Lắk,Cà phê,128500.0,VND/kg,Chợ Giá,500.0,https://chogia.vn/gia-ca-phe-dak-lak-hom-nay/
2024-07-15,Đắk Lắk,Cà phê,128500.0,VND/kg,Chợ Giá,0.0,https://chogia.vn/gia-ca-phe-dak-lak-hom-nay/
2024-07-16,Đắk Lắk,Cà phê,127800.0,VND/kg,Chợ Giá,-700.0,https://chogia.vn/gia-ca-phe-dak-lak-hom-nay/
2024-07-17,Đắk Lắk,Cà phê,127500.0,VND/kg,Chợ Giá,-300.0,https://chogia.vn/gia-ca-phe-dak-lak-hom-nay/
2024-07-18,Đắk Lắk,Cà phê,127600.0,VND/kg,Chợ Giá,100.0,https://chogia.vn/gia-ca-phe-dak-lak-hom-nay/
2024-07-19,Đắk Lắk,Cà phê,125600.0,VND/kg,Chợ Giá,-2000.0,https://chogia.vn/gia-ca-phe-dak-lak-hom-nay/
2024-07-20,Đắk Lắk,Cà phê,126600.0,VND/kg,Chợ Giá,1000.0,https://chogia.vn/gia-ca-phe-dak-lak-hom-nay/
2024-07-21,Đắk Lắk,Cà phê,126600.0,VND/kg,Chợ Giá,1000.0,https://chogia.vn/gia-ca-phe-dak-lak-hom-nay/
2024-07-22,Đắk Lắk,Cà phê,127000.0,VND/kg,Chợ Giá,400.0,https://chogia.vn/gia-ca-phe-dak-lak-hom-nay/
2024-07-23,Đắk Lắk,Cà phê,128000.0,VND/kg,Chợ Giá,1000.0,https://chogia.vn/gia-ca-phe-dak-lak-hom-nay/
2024-07-24,Đắk Lắk,Cà phê,126500.0,VND/kg,Chợ Giá,-1500.0,https://chogia.vn/gia-ca-phe-dak-lak-hom-nay/
2024-07-25,Đắk Lắk,Cà phê,124500.0,VND/kg,Chợ Giá,-2000.0,https://chogia.vn/gia-ca-phe-dak-lak-hom-nay/
2024-07-26,Đắk Lắk,Cà phê,125300.0,VND/kg,Chợ Giá,800.0,https://chogia.vn/gia-ca-phe-dak-lak-hom-nay/
2024-07-27,Đắk Lắk,Cà phê,123800.0,VND/kg,Chợ Giá,-1500.0,https://chogia.vn/gia-ca-phe-dak-lak-hom-nay/
2024-07-28,Đắk Lắk,Cà phê,123800.0,VND/kg,Chợ Giá,-1500.0,https://chogia.vn/gia-ca-phe-dak-lak-hom-nay/
2024-07-29,Đắk Lắk,Cà phê,123900.0,VND/kg,Chợ Giá,100.0,https://chogia.vn/gia-ca-phe-dak-lak-hom-nay/
2024-07-30,Đắk Lắk,Cà phê,123400.0,VND/kg,Chợ Giá,-500.0,https://chogia.vn/gia-ca-phe-dak-lak-hom-nay/
2024-07-31,Đắk Lắk,Cà phê,123500.0,VND/kg,Chợ Giá,100.0,https://chogia.vn/gia-ca-phe-dak-lak-hom-nay/
2024-08-01,Đắk Lắk,Cà phê,123400.0,VND/kg,Chợ Giá,-100.0,https://chogia.vn/gia-ca-phe-dak-lak-hom-nay/
2024-08-02,Đắk Lắk,Cà phê,123000.0,VND/kg,Chợ Giá,-400.0,https://chogia.vn/gia-ca-phe-dak-lak-hom-nay/
2024-08-03,Đắk Lắk,Cà phê,123000.0,VND/kg,Chợ Giá,0.0,https://chogia.vn/gia-ca-phe-dak-lak-hom-nay/
2024-08-04,Đắk Lắk,Cà phê,123000.0,VND/kg,Chợ Giá,0.0,https://chogia.vn/gia-ca-phe-dak-lak-hom-nay/
2024-08-05,Đắk Lắk,Cà phê,122500.0,VND/kg,Chợ Giá,-500.0,https://chogia.vn/gia-ca-phe-dak-lak-hom-nay/
2024-08-06,Đắk Lắk,Cà phê,120500.0,VND/kg,Chợ Giá,-2000.0,https://chogia.vn/gia-ca-phe-dak-lak-hom-nay/
2024-08-07,Đắk Lắk,Cà phê,121000.0,VND/kg,Chợ Giá,500.0,https://chogia.vn/gia-ca-phe-dak-lak-hom-nay/
2024-08-08,Đắk Lắk,Cà phê,122800.0,VND/kg,Chợ Giá,1800.0,https://chogia.vn/gia-ca-phe-dak-lak-hom-nay/
2024-08-09,Đắk Lắk,Cà phê,121800.0,VND/kg,Chợ Giá,-1000.0,https://chogia.vn/gia-ca-phe-dak-lak-hom-nay/
2024-08-10,Đắk Lắk,Cà phê,119300.0,VND/kg,Chợ Giá,-2500.0,https://chogia.vn/gia-ca-phe-dak-lak-hom-nay/
2024-08-11,Đắk Lắk,Cà phê,119300.0,VND/kg,Chợ Giá,-2500.0,https://chogia.vn/gia-ca-phe-dak-lak-hom-nay/
2024-08-12,Đắk Lắk,Cà phê,118500.0,VND/kg,Chợ Giá,-800.0,https://chogia.vn/gia-ca-phe-dak-lak-hom-nay/
2024-08-13,Đắk Lắk,Cà phê,119500.0,VND/kg,Chợ Giá,1000.0,https://chogia.vn/gia-ca-phe-dak-lak-hom-nay/
2024-08-14,Đắk Lắk,Cà phê,117300.0,VND/kg,Chợ Giá,-2200.0,https://chogia.vn/gia-ca-phe-dak-lak-hom-nay/
2024-08-15,Đắk Lắk,Cà phê,117600.0,VND/kg,Chợ Giá,300.0,https://chogia.vn/gia-ca-phe-dak-lak-hom-nay/
2024-08-16,Đắk Lắk,Cà phê,117800.0,VND/kg,Chợ Giá,200.0,https://chogia.vn/gia-ca-phe-dak-lak-hom-nay/
2024-08-17,Đắk Lắk,Cà phê,118100.0,VND/kg,Chợ Giá,300.0,https://chogia.vn/gia-ca-phe-dak-lak-hom-nay/
2024-08-18,Đắk Lắk,Cà phê,118100.0,VND/kg,Chợ Giá,300.0,https://chogia.vn/gia-ca-phe-dak-lak-hom-nay/
2024-08-19,Đắk Lắk,Cà phê,118000.0,VND/kg,Chợ Giá,-100.0,https://chogia.vn/gia-ca-phe-dak-lak-hom-nay/
2024-08-20,Đắk Lắk,Cà phê,118100.0,VND/kg,Chợ Giá,100.0,https://chogia.vn/gia-ca-phe-dak-lak-hom-nay/
2024-08-21,Đắk Lắk,Cà phê,119200.0,VND/kg,Chợ Giá,1100.0,https://chogia.vn/gia-ca-phe-dak-lak-hom-nay/
2024-08-22,Đắk Lắk,Cà phê,119300.0,VND/kg,Chợ Giá,100.0,https://chogia.vn/gia-ca-phe-dak-lak-hom-nay/
2024-08-23,Đắk Lắk,Cà phê,118300.0,VND/kg,Chợ Giá,-1000.0,https://chogia.vn/gia-ca-phe-dak-lak-hom-nay/
2024-08-24,Đắk Lắk,Cà phê,119800.0,VND/kg,Chợ Giá,1500.0,https://chogia.vn/gia-ca-phe-dak-lak-hom-nay/
2024-08-25,Đắk Lắk,Cà phê,119800.0,VND/kg,Chợ Giá,1500.0,https://chogia.vn/gia-ca-phe-dak-lak-hom-nay/
2024-08-26,Đắk Lắk,Cà phê,120000.0,VND/kg,Chợ Giá,200.0,https://chogia.vn/gia-ca-phe-dak-lak-hom-nay/
2024-08-27,Đắk Lắk,Cà phê,120200.0,VND/kg,Chợ Giá,200.0,https://chogia.vn/gia-ca-phe-dak-lak-hom-nay/
2024-08-28,Đắk Lắk,Cà phê,121400.0,VND/kg,Chợ Giá,1200.0,https://chogia.vn/gia-ca-phe-dak-lak-hom-nay/
2024-08-29,Đắk Lắk,Cà phê,121800.0,VND/kg,Chợ Giá,400.0,https://chogia.vn/gia-ca-phe-dak-lak-hom-nay/
2024-08-30,Đắk Lắk,Cà phê,121400.0,VND/kg,Chợ Giá,-400.0,https://chogia.vn/gia-ca-phe-dak-lak-hom-nay/
2024-08-31,Đắk Lắk,Cà phê,121900.0,VND/kg,Chợ Giá,500.0,https://chogia.vn/gia-ca-phe-dak-lak-hom-nay/
2024-09-01,Đắk Lắk,Cà phê,121900.0,VND/kg,Chợ Giá,500.0,https://chogia.vn/gia-ca-phe-dak-lak-hom-nay/
2024-09-02,Đắk Lắk,Cà phê,121900.0,VND/kg,Chợ Giá,500.0,https://chogia.vn/gia-ca-phe-dak-lak-hom-nay/
2024-09-03,Đắk Lắk,Cà phê,117900.0,VND/kg,Chợ Giá,-4000.0,https://chogia.vn/gia-ca-phe-dak-lak-hom-nay/
2024-09-04,Đắk Lắk,Cà phê,118100.0,VND/kg,Chợ Giá,200.0,https://chogia.vn/gia-ca-phe-dak-lak-hom-nay/
2024-09-05,Đắk Lắk,Cà phê,120200.0,VND/kg,Chợ Giá,2100.0,https://chogia.vn/gia-ca-phe-dak-lak-hom-nay/
2024-09-06,Đắk Lắk,Cà phê,120500.0,VND/kg,Chợ Giá,300.0,https://chogia.vn/gia-ca-phe-dak-lak-hom-nay/
2024-09-07,Đắk Lắk,Cà phê,118500.0,VND/kg,Chợ Giá,-2000.0,https://chogia.vn/gia-ca-phe-dak-lak-hom-nay/
2024-09-08,Đắk Lắk,Cà phê,118500.0,VND/kg,Chợ Giá,-2000.0,https://chogia.vn/gia-ca-phe-dak-lak-hom-nay/
2024-09-09,Đắk Lắk,Cà phê,118200.0,VND/kg,Chợ Giá,-300.0,https://chogia.vn/gia-ca-phe-dak-lak-hom-nay/
2024-09-10,Đắk Lắk,Cà phê,120200.0,VND/kg,Chợ Giá,2000.0,https://chogia.vn/gia-ca-phe-dak-lak-hom-nay/
2024-09-11,Đắk Lắk,Cà phê,120300.0,VND/kg,Chợ Giá,100.0,https://chogia.vn/gia-ca-phe-dak-lak-hom-nay/
2024-09-12,Đắk Lắk,Cà phê,121500.0,VND/kg,Chợ Giá,1200.0,https://chogia.vn/gia-ca-phe-dak-lak-hom-nay/
2024-09-13,Đắk Lắk,Cà phê,122000.0,VND/kg,Chợ Giá,500.0,https://chogia.vn/gia-ca-phe-dak-lak-hom-nay/
2024-09-14,Đắk Lắk,Cà phê,124000.0,VND/kg,Chợ Giá,2000.0,https://chogia.vn/gia-ca-phe-dak-lak-hom-nay/
2024-09-15,Đắk Lắk,Cà phê,124000.0,VND/kg,Chợ Giá,2000.0,https://chogia.vn/gia-ca-phe-dak-lak-hom-nay/
2024-09-16,Đắk Lắk,Cà phê,123800.0,VND/kg,Chợ Giá,-200.0,https://chogia.vn/gia-ca-phe-dak-lak-hom-nay/
2024-09-17,Đắk Lắk,Cà phê,123200.0,VND/kg,Chợ Giá,-600.0,https://chogia.vn/gia-ca-phe-dak-lak-hom-nay/
2024-09-18,Đắk Lắk,Cà phê,123400.0,VND/kg,Chợ Giá,200.0,https://chogia.vn/gia-ca-phe-dak-lak-hom-nay/
2024-09-19,Đắk Lắk,Cà phê,123600.0,VND/kg,Chợ Giá,200.0,https://chogia.vn/gia-ca-phe-dak-lak-hom-nay/
2024-09-20,Đắk Lắk,Cà phê,122100.0,VND/kg,Chợ Giá,-1500.0,https://chogia.vn/gia-ca-phe-dak-lak-hom-nay/
2024-09-21,Đắk Lắk,Cà phê,120000.0,VND/kg,Chợ Giá,-2100.0,https://chogia.vn/gia-ca-phe-dak-lak-hom-nay/
2024-09-22,Đắk Lắk,Cà phê,120000.0,VND/kg,Chợ Giá,-2100.0,https://chogia.vn/gia-ca-phe-dak-lak-hom-nay/
2024-09-23,Đắk Lắk,Cà phê,119500.0,VND/kg,Chợ Giá,-500.0,https://chogia.vn/gia-ca-phe-dak-lak-hom-nay/
2024-09-24,Đắk Lắk,Cà phê,120700.0,VND/kg,Chợ Giá,1200.0,https://chogia.vn/gia-ca-phe-dak-lak-hom-nay/
2024-09-25,Đắk Lắk,Cà phê,120800.0,VND/kg,Chợ Giá,100.0,https://chogia.vn/gia-ca-phe-dak-lak-hom-nay/
2024-09-26,Đắk Lắk,Cà phê,122000.0,VND/kg,Chợ Giá,1200.0,https://chogia.vn/gia-ca-phe-dak-lak-hom-nay/
2024-09-27,Đắk Lắk,Cà phê,122600.0,VND/kg,Chợ Giá,600.0,https://chogia.vn/gia-ca-phe-dak-lak-hom-nay/
2024-09-28,Đắk Lắk,Cà phê,122100.0,VND/kg,Chợ Giá,-500.0,https://chogia.vn/gia-ca-phe-dak-lak-hom-nay/
2024-09-29,Đắk Lắk,Cà phê,122100.0,VND/kg,Chợ Giá,-500.0,https://chogia.vn/gia-ca-phe-dak-lak-hom-nay/
2024-09-30,Đắk Lắk,Cà phê,122000.0,VND/kg,Chợ Giá,-100.0,https://chogia.vn/gia-ca-phe-dak-lak-hom-nay/
2024-10-01,Đắk Lắk,Cà phê,122100.0,VND/kg,Chợ Giá,100.0,https://chogia.vn/gia-ca-phe-dak-lak-hom-nay/
2024-10-02,Đắk Lắk,Cà phê,121700.0,VND/kg,Chợ Giá,-400.0,https://chogia.vn/gia-ca-phe-dak-lak-hom-nay/
2024-10-03,Đắk Lắk,Cà phê,117200.0,VND/kg,Chợ Giá,-4500.0,https://chogia.vn/gia-ca-phe-dak-lak-hom-nay/
2024-10-04,Đắk Lắk,Cà phê,114700.0,VND/kg,Chợ Giá,-2500.0,https://chogia.vn/gia-ca-phe-dak-lak-hom-nay/
2024-10-05,Đắk Lắk,Cà phê,116200.0,VND/kg,Chợ Giá,1500.0,https://chogia.vn/gia-ca-phe-dak-lak-hom-nay/
2024-10-06,Đắk Lắk,Cà phê,116200.0,VND/kg,Chợ Giá,1500.0,https://chogia.vn/gia-ca-phe-dak-lak-hom-nay/
2024-10-07,Đắk Lắk,Cà phê,116100.0,VND/kg,Chợ Giá,-100.0,https://chogia.vn/gia-ca-phe-dak-lak-hom-nay/
2024-10-08,Đắk Lắk,Cà phê,113600.0,VND/kg,Chợ Giá,-2500.0,https://chogia.vn/gia-ca-phe-dak-lak-hom-nay/
2024-10-09,Đắk Lắk,Cà phê,113400.0,VND/kg,Chợ Giá,-200.0,https://chogia.vn/gia-ca-phe-dak-lak-hom-nay/
2024-10-10,Đắk Lắk,Cà phê,113500.0,VND/kg,Chợ Giá,100.0,https://chogia.vn/gia-ca-phe-dak-lak-hom-nay/
2024-10-11,Đắk Lắk,Cà phê,114000.0,VND/kg,Chợ Giá,500.0,https://chogia.vn/gia-ca-phe-dak-lak-hom-nay/
2024-10-12,Đắk Lắk,Cà phê,113600.0,VND/kg,Chợ Giá,-400.0,https://chogia.vn/gia-ca-phe-dak-lak-hom-nay/
2024-10-13,Đắk Lắk,Cà phê,113600.0,VND/kg,Chợ Giá,-400.0,https://chogia.vn/gia-ca-phe-dak-lak-hom-nay/
2024-10-14,Đắk Lắk,Cà phê,113600.0,VND/kg,Chợ Giá,0.0,https://chogia.vn/gia-ca-phe-dak-lak-hom-nay/
2024-10-15,Đắk Lắk,Cà phê,114700.0,VND/kg,Chợ Giá,1200.0,https://chogia.vn/gia-ca-phe-dak-lak-hom-nay/
2024-10-16,Đắk Lắk,Cà phê,113700.0,VND/kg,Chợ Giá,-1000.0,https://chogia.vn/gia-ca-phe-dak-lak-hom-nay/
2024-10-17,Đắk Lắk,Cà phê,113200.0,VND/kg,Chợ Giá,-500.0,https://chogia.vn/gia-ca-phe-dak-lak-hom-nay/
2024-10-18,Đắk Lắk,Cà phê,111200.0,VND/kg,Chợ Giá,-2000.0,https://chogia.vn/gia-ca-phe-dak-lak-hom-nay/
2024-10-19,Đắk Lắk,Cà phê,111500.0,VND/kg,Chợ Giá,300.0,https://chogia.vn/gia-ca-phe-dak-lak-hom-nay/
2024-10-20,Đắk Lắk,Cà phê,111500.0,VND/kg,Chợ Giá,300.0,https://chogia.vn/gia-ca-phe-dak-lak-hom-nay/
2024-10-21,Đắk Lắk,Cà phê,111600.0,VND/kg,Chợ Giá,100.0,https://chogia.vn/gia-ca-phe-dak-lak-hom-nay/
2024-10-22,Đắk Lắk,Cà phê,111400.0,VND/kg,Chợ Giá,-200.0,https://chogia.vn/gia-ca-phe-dak-lak-hom-nay/
2024-10-23,Đắk Lắk,Cà phê,109600.0,VND/kg,Chợ Giá,-1800.0,https://chogia.vn/gia-ca-phe-dak-lak-hom-nay/
2024-10-24,Đắk Lắk,Cà phê,109800.0,VND/kg,Chợ Giá,200.0,https://chogia.vn/gia-ca-phe-dak-lak-hom-nay/
2024-10-25,Đắk Lắk,Cà phê,108600.0,VND/kg,Chợ Giá,-1200.0,https://chogia.vn/gia-ca-phe-dak-lak-hom-nay/
2024-10-26,Đắk Lắk,Cà phê,109800.0,VND/kg,Chợ Giá,1200.0,https://chogia.vn/gia-ca-phe-dak-lak-hom-nay/
2024-10-27,Đắk Lắk,Cà phê,109800.0,VND/kg,Chợ Giá,1200.0,https://chogia.vn/gia-ca-phe-dak-lak-hom-nay/
2024-10-28,Đắk Lắk,Cà phê,109000.0,VND/kg,Chợ Giá,-800.0,https://chogia.vn/gia-ca-phe-dak-lak-hom-nay/
2024-10-29,Đắk Lắk,Cà phê,110500.0,VND/kg,Chợ Giá,1500.0,https://chogia.vn/gia-ca-phe-dak-lak-hom-nay/
2024-10-30,Đắk Lắk,Cà phê,108600.0,VND/kg,Chợ Giá,-1900.0,https://chogia.vn/gia-ca-phe-dak-lak-hom-nay/
2024-10-31,Đắk Lắk,Cà phê,109200.0,VND/kg,Chợ Giá,600.0,https://chogia.vn/gia-ca-phe-dak-lak-hom-nay/
2024-11-01,Đắk Lắk,Cà phê,107700.0,VND/kg,Chợ Giá,-1500.0,https://chogia.vn/gia-ca-phe-dak-lak-hom-nay/
2024-11-02,Đắk Lắk,Cà phê,106500.0,VND/kg,Chợ Giá,-1200.0,https://chogia.vn/gia-ca-phe-dak-lak-hom-nay/
2024-11-03,Đắk Lắk,Cà phê,106500.0,VND/kg,Chợ Giá,-1200.0,https://chogia.vn/gia-ca-phe-dak-lak-hom-nay/
2024-11-04,Đắk Lắk,Cà phê,106000.0,VND/kg,Chợ Giá,-500.0,https://chogia.vn/gia-ca-phe-dak-lak-hom-nay/
2024-11-05,Đắk Lắk,Cà phê,106400.0,VND/kg,Chợ Giá,400.0,https://chogia.vn/gia-ca-phe-dak-lak-hom-nay/
2024-11-06,Đắk Lắk,Cà phê,107000.0,VND/kg,Chợ Giá,600.0,https://chogia.vn/gia-ca-phe-dak-lak-hom-nay/
2024-11-07,Đắk Lắk,Cà phê,106000.0,VND/kg,Chợ Giá,-1000.0,https://chogia.vn/gia-ca-phe-dak-lak-hom-nay/
2024-11-08,Đắk Lắk,Cà phê,108500.0,VND/kg,Chợ Giá,2500.0,https://chogia.vn/gia-ca-phe-dak-lak-hom-nay/
2024-11-09,Đắk Lắk,Cà phê,107000.0,VND/kg,Chợ Giá,-1500.0,https://chogia.vn/gia-ca-phe-dak-lak-hom-nay/
2024-11-10,Đắk Lắk,Cà phê,107000.0,VND/kg,Chợ Giá,-1500.0,https://chogia.vn/gia-ca-phe-dak-lak-hom-nay/
2024-11-11,Đắk Lắk,Cà phê,107000.0,VND/kg,Chợ Giá,0.0,https://chogia.vn/gia-ca-phe-dak-lak-hom-nay/
2024-11-12,Đắk Lắk,Cà phê,109700.0,VND/kg,Chợ Giá,2700.0,https://chogia.vn/gia-ca-phe-dak-lak-hom-nay/
2024-11-13,Đắk Lắk,Cà phê,110300.0,VND/kg,Chợ Giá,600.0,https://chogia.vn/gia-ca-phe-dak-lak-hom-nay/
2024-11-14,Đắk Lắk,Cà phê,111000.0,VND/kg,Chợ Giá,700.0,https://chogia.vn/gia-ca-phe-dak-lak-hom-nay/
2024-11-15,Đắk Lắk,Cà phê,113800.0,VND/kg,Chợ Giá,2800.0,https://chogia.vn/gia-ca-phe-dak-lak-hom-nay/
2024-11-16,Đắk Lắk,Cà phê,113200.0,VND/kg,Chợ Giá,-200.0,https://chogia.vn/gia-ca-phe-dak-lak-hom-nay/
2024-11-17,Đắk Lắk,Cà phê,113200.0,VND/kg,Chợ Giá,-200.0,https://chogia.vn/gia-ca-phe-dak-lak-hom-nay/
2024-11-18,Đắk Lắk,Cà phê,113500.0,VND/kg,Chợ Giá,300.0,https://chogia.vn/gia-ca-phe-dak-lak-hom-nay/
2024-11-19,Đắk Lắk,Cà phê,114300.0,VND/kg,Chợ Giá,800.0,https://chogia.vn/gia-ca-phe-dak-lak-hom-nay/
2024-11-20,Đắk Lắk,Cà phê,113500.0,VND/kg,Chợ Giá,-800.0,https://chogia.vn/gia-ca-phe-dak-lak-hom-nay/
2024-11-21,Đắk Lắk,Cà phê,115300.0,VND/kg,Chợ Giá,1800.0,https://chogia.vn/gia-ca-phe-dak-lak-hom-nay/
2024-11-22,Đắk Lắk,Cà phê,115500.0,VND/kg,Chợ Giá,200.0,https://chogia.vn/gia-ca-phe-dak-lak-hom-nay/
2024-11-23,Đắk Lắk,Cà phê,117500.0,VND/kg,Chợ Giá,2000.0,https://chogia.vn/gia-ca-phe-dak-lak-hom-nay/
2024-11-24,Đắk Lắk,Cà phê,119000.0,VND/kg,Chợ Giá,1500.0,https://chogia.vn/gia-ca-phe-dak-lak-hom-nay/
2024-11-25,Đắk Lắk,Cà phê,120000.0,VND/kg,Chợ Giá,1000.0,https://chogia.vn/gia-ca-phe-dak-lak-hom-nay/
2024-11-26,Đắk Lắk,Cà phê,121600.0,VND/kg,Chợ Giá,1600.0,https://chogia.vn/gia-ca-phe-dak-lak-hom-nay/
2024-11-27,Đắk Lắk,Cà phê,124000.0,VND/kg,Chợ Giá,2400.0,https://chogia.vn/gia-ca-phe-dak-lak-hom-nay/
2024-11-28,Đắk Lắk,Cà phê,128000.0,VND/kg,Chợ Giá,4000.0,https://chogia.vn/gia-ca-phe-dak-lak-hom-nay/
2024-11-29,Đắk Lắk,Cà phê,131000.0,VND/kg,Chợ Giá,3000.0,https://chogia.vn/gia-ca-phe-dak-lak-hom-nay/
2024-11-30,Đắk Lắk,Cà phê,130000.0,VND/kg,Chợ Giá,-1000.0,https://chogia.vn/gia-ca-phe-dak-lak-hom-nay/
2024-12-01,Đắk Lắk,Cà phê,130000.0,VND/kg,Chợ Giá,-1000.0,https://chogia.vn/gia-ca-phe-dak-lak-hom-nay/
2024-12-02,Đắk Lắk,Cà phê,128000.0,VND/kg,Chợ Giá,-2000.0,https://chogia.vn/gia-ca-phe-dak-lak-hom-nay/
2024-12-03,Đắk Lắk,Cà phê,109000.0,VND/kg,Chợ Giá,-19000.0,https://chogia.vn/gia-ca-phe-dak-lak-hom-nay/
2024-12-04,Đắk Lắk,Cà phê,108000.0,VND/kg,Chợ Giá,-1000.0,https://chogia.vn/gia-ca-phe-dak-lak-hom-nay/
2024-12-05,Đắk Lắk,Cà phê,114000.0,VND/kg,Chợ Giá,6000.0,https://chogia.vn/gia-ca-phe-dak-lak-hom-nay/
2024-12-06,Đắk Lắk,Cà phê,120000.0,VND/kg,Chợ Giá,5500.0,https://chogia.vn/gia-ca-phe-dak-lak-hom-nay/
2024-12-07,Đắk Lắk,Cà phê,124000.0,VND/kg,Chợ Giá,4000.0,https://chogia.vn/gia-ca-phe-dak-lak-hom-nay/
2024-12-08,Đắk Lắk,Cà phê,124000.0,VND/kg,Chợ Giá,4000.0,https://chogia.vn/gia-ca-phe-dak-lak-hom-nay/
2024-12-09,Đắk Lắk,Cà phê,122000.0,VND/kg,Chợ Giá,-2000.0,https://chogia.vn/gia-ca-phe-dak-lak-hom-nay/
2024-12-10,Đắk Lắk,Cà phê,124000.0,VND/kg,Chợ Giá,2000.0,https://chogia.vn/gia-ca-phe-dak-lak-hom-nay/
2024-12-11,Đắk Lắk,Cà phê,124700.0,VND/kg,Chợ Giá,700.0,https://chogia.vn/gia-ca-phe-dak-lak-hom-nay/
2024-12-12,Đắk Lắk,Cà phê,123000.0,VND/kg,Chợ Giá,-1700.0,https://chogia.vn/gia-ca-phe-dak-lak-hom-nay/
2024-12-13,Đắk Lắk,Cà phê,124000.0,VND/kg,Chợ Giá,1000.0,https://chogia.vn/gia-ca-phe-dak-lak-hom-nay/
2024-12-14,Đắk Lắk,Cà phê,125000.0,VND/kg,Chợ Giá,1000.0,https://chogia.vn/gia-ca-phe-dak-lak-hom-nay/
2024-12-15,Đắk Lắk,Cà phê,125000.0,VND/kg,Chợ Giá,1000.0,https://chogia.vn/gia-ca-phe-dak-lak-hom-nay/
2024-12-16,Đắk Lắk,Cà phê,124000.0,VND/kg,Chợ Giá,-1000.0,https://chogia.vn/gia-ca-phe-dak-lak-hom-nay/
2024-12-17,Đắk Lắk,Cà phê,124800.0,VND/kg,Chợ Giá,800.0,https://chogia.vn/gia-ca-phe-dak-lak-hom-nay/
2024-12-18,Đắk Lắk,Cà phê,124000.0,VND/kg,Chợ Giá,-800.0,https://chogia.vn/gia-ca-phe-dak-lak-hom-nay/
2024-12-19,Đắk Lắk,Cà phê,123800.0,VND/kg,Chợ Giá,-200.0,https://chogia.vn/gia-ca-phe-dak-lak-hom-nay/
2024-12-20,Đắk Lắk,Cà phê,122000.0,VND/kg,Chợ Giá,-1800.0,https://chogia.vn/gia-ca-phe-dak-lak-hom-nay/
2024-12-21,Đắk Lắk,Cà phê,121000.0,VND/kg,Chợ Giá,-1000.0,https://chogia.vn/gia-ca-phe-dak-lak-hom-nay/
2024-12-22,Đắk Lắk,Cà phê,121000.0,VND/kg,Chợ Giá,-1000.0,https://chogia.vn/gia-ca-phe-dak-lak-hom-nay/
2024-12-23,Đắk Lắk,Cà phê,120500.0,VND/kg,Chợ Giá,-500.0,https://chogia.vn/gia-ca-phe-dak-lak-hom-nay/
2024-12-24,Đắk Lắk,Cà phê,120700.0,VND/kg,Chợ Giá,200.0,https://chogia.vn/gia-ca-phe-dak-lak-hom-nay/
2024-12-25,Đắk Lắk,Cà phê,120700.0,VND/kg,Chợ Giá,0.0,https://chogia.vn/gia-ca-phe-dak-lak-hom-nay/
2024-12-26,Đắk Lắk,Cà phê,121500.0,VND/kg,Chợ Giá,800.0,https://chogia.vn/gia-ca-phe-dak-lak-hom-nay/
2024-12-27,Đắk Lắk,Cà phê,122000.0,VND/kg,Chợ Giá,500.0,https://chogia.vn/gia-ca-phe-dak-lak-hom-nay/
2024-12-28,Đắk Lắk,Cà phê,120800.0,VND/kg,Chợ Giá,-1200.0,https://chogia.vn/gia-ca-phe-dak-lak-hom-nay/
2024-12-29,Đắk Lắk,Cà phê,120800.0,VND/kg,Chợ Giá,-1200.0,https://chogia.vn/gia-ca-phe-dak-lak-hom-nay/
2024-12-30,Đắk Lắk,Cà phê,121000.0,VND/kg,Chợ Giá,200.0,https://chogia.vn/gia-ca-phe-dak-lak-hom-nay/
2024-12-31,Đắk Lắk,Cà phê,120300.0,VND/kg,Chợ Giá,-700.0,https://chogia.vn/gia-ca-phe-dak-lak-hom-nay/
2025-01-01,Đắk Lắk,Cà phê,119400.0,VND/kg,Chợ Giá,-900.0,https://chogia.vn/gia-ca-phe-dak-lak-hom-nay/
2025-01-02,Đắk Lắk,Cà phê,119500.0,VND/kg,Chợ Giá,100.0,https://chogia.vn/gia-ca-phe-dak-lak-hom-nay/
2025-01-03,Đắk Lắk,Cà phê,122000.0,VND/kg,Chợ Giá,2500.0,https://chogia.vn/gia-ca-phe-dak-lak-hom-nay/
2025-01-04,Đắk Lắk,Cà phê,120300.0,VND/kg,Chợ Giá,-1700.0,https://chogia.vn/gia-ca-phe-dak-lak-hom-nay/
2025-01-05,Đắk Lắk,Cà phê,120300.0,VND/kg,Chợ Giá,-1700.0,https://chogia.vn/gia-ca-phe-dak-lak-hom-nay/
2025-01-06,Đắk Lắk,Cà phê,120500.0,VND/kg,Chợ Giá,200.0,https://chogia.vn/gia-ca-phe-dak-lak-hom-nay/
2025-01-07,Đắk Lắk,Cà phê,121000.0,VND/kg,Chợ Giá,500.0,https://chogia.vn/gia-ca-phe-dak-lak-hom-nay/
2025-01-08,Đắk Lắk,Cà phê,121300.0,VND/kg,Chợ Giá,300.0,https://chogia.vn/gia-ca-phe-dak-lak-hom-nay/
2025-01-09,Đắk Lắk,Cà phê,119000.0,VND/kg,Chợ Giá,-2300.0,https://chogia.vn/gia-ca-phe-dak-lak-hom-nay/
2025-01-10,Đắk Lắk,Cà phê,119500.0,VND/kg,Chợ Giá,500.0,https://chogia.vn/gia-ca-phe-dak-lak-hom-nay/
2025-01-11,Đắk Lắk,Cà phê,119000.0,VND/kg,Chợ Giá,-500.0,https://chogia.vn/gia-ca-phe-dak-lak-hom-nay/
2025-01-12,Đắk Lắk,Cà phê,119000.0,VND/kg,Chợ Giá,-500.0,https://chogia.vn/gia-ca-phe-dak-lak-hom-nay/
2025-01-13,Đắk Lắk,Cà phê,118000.0,VND/kg,Chợ Giá,-1000.0,https://chogia.vn/gia-ca-phe-dak-lak-hom-nay/
2025-01-14,Đắk Lắk,Cà phê,115200.0,VND/kg,Chợ Giá,-2800.0,https://chogia.vn/gia-ca-phe-dak-lak-hom-nay/
2025-01-15,Đắk Lắk,Cà phê,114500.0,VND/kg,Chợ Giá,-700.0,https://chogia.vn/gia-ca-phe-dak-lak-hom-nay/
2025-01-16,Đắk Lắk,Cà phê,116000.0,VND/kg,Chợ Giá,1500.0,https://chogia.vn/gia-ca-phe-dak-lak-hom-nay/
2025-01-17,Đắk Lắk,Cà phê,117000.0,VND/kg,Chợ Giá,1000.0,https://chogia.vn/gia-ca-phe-dak-lak-hom-nay/
2025-01-18,Đắk Lắk,Cà phê,119300.0,VND/kg,Chợ Giá,2300.0,https://chogia.vn/gia-ca-phe-dak-lak-hom-nay/
2025-01-19,Đắk Lắk,Cà phê,120000.0,VND/kg,Chợ Giá,700.0,https://chogia.vn/gia-ca-phe-dak-lak-hom-nay/
2025-01-20,Đắk Lắk,Cà phê,119000.0,VND/kg,Chợ Giá,-1000.0,https://chogia.vn/gia-ca-phe-dak-lak-hom-nay/
2025-01-21,Đắk Lắk,Cà phê,120000.0,VND/kg,Chợ Giá,1000.0,https://chogia.vn/gia-ca-phe-dak-lak-hom-nay/
2025-01-22,Đắk Lắk,Cà phê,122200.0,VND/kg,Chợ Giá,2200.0,https://chogia.vn/gia-ca-phe-dak-lak-hom-nay/
2025-01-23,Đắk Lắk,Cà phê,124000.0,VND/kg,Chợ Giá,1800.0,https://chogia.vn/gia-ca-phe-dak-lak-hom-nay/
2025-01-24,Đắk Lắk,Cà phê,124200.0,VND/kg,Chợ Giá,200.0,https://chogia.vn/gia-ca-phe-dak-lak-hom-nay/
2025-01-25,Đắk Lắk,Cà phê,125300.0,VND/kg,Chợ Giá,1100.0,https://chogia.vn/gia-ca-phe-dak-lak-hom-nay/
2025-01-26,Đắk Lắk,Cà phê,125300.0,VND/kg,Chợ Giá,1100.0,https://chogia.vn/gia-ca-phe-dak-lak-hom-nay/
2025-01-27,Đắk Lắk,Cà phê,125300.0,VND/kg,Chợ Giá,1100.0,https://chogia.vn/gia-ca-phe-dak-lak-hom-nay/
2025-01-28,Đắk Lắk,Cà phê,124300.0,VND/kg,Chợ Giá,-1000.0,https://chogia.vn/gia-ca-phe-dak-lak-hom-nay/
2025-01-29,Đắk Lắk,Cà phê,125800.0,VND/kg,Chợ Giá,1500.0,https://chogia.vn/gia-ca-phe-dak-lak-hom-nay/
2025-01-30,Đắk Lắk,Cà phê,127600.0,VND/kg,Chợ Giá,1800.0,https://chogia.vn/gia-ca-phe-dak-lak-hom-nay/
2025-01-31,Đắk Lắk,Cà phê,128800.0,VND/kg,Chợ Giá,1200.0,https://chogia.vn/gia-ca-phe-dak-lak-hom-nay/
2025-02-01,Đắk Lắk,Cà phê,128800.0,VND/kg,Chợ Giá,0.0,https://chogia.vn/gia-ca-phe-dak-lak-hom-nay/
2025-02-02,Đắk Lắk,Cà phê,128800.0,VND/kg,Chợ Giá,0.0,https://chogia.vn/gia-ca-phe-dak-lak-hom-nay/
2025-02-03,Đắk Lắk,Cà phê,130500.0,VND/kg,Chợ Giá,1700.0,https://chogia.vn/gia-ca-phe-dak-lak-hom-nay/
2025-02-04,Đắk Lắk,Cà phê,128000.0,VND/kg,Chợ Giá,-2500.0,https://chogia.vn/gia-ca-phe-dak-lak-hom-nay/
2025-02-05,Đắk Lắk,Cà phê,129000.0,VND/kg,Chợ Giá,1000.0,https://chogia.vn/gia-ca-phe-dak-lak-hom-nay/
2025-02-06,Đắk Lắk,Cà phê,130400.0,VND/kg,Chợ Giá,1400.0,https://chogia.vn/gia-ca-phe-dak-lak-hom-nay/
2025-02-07,Đắk Lắk,Cà phê,130500.0,VND/kg,Chợ Giá,100.0,https://chogia.vn/gia-ca-phe-dak-lak-hom-nay/
2025-02-08,Đắk Lắk,Cà phê,129500.0,VND/kg,Chợ Giá,-1000.0,https://chogia.vn/gia-ca-phe-dak-lak-hom-nay/
2025-02-09,Đắk Lắk,Cà phê,129500.0,VND/kg,Chợ Giá,-1000.0,https://chogia.vn/gia-ca-phe-dak-lak-hom-nay/
2025-02-10,Đắk Lắk,Cà phê,129000.0,VND/kg,Chợ Giá,-500.0,https://chogia.vn/gia-ca-phe-dak-lak-hom-nay/
2025-02-11,Đắk Lắk,Cà phê,131000.0,VND/kg,Chợ Giá,2000.0,https://chogia.vn/gia-ca-phe-dak-lak-hom-nay/
2025-02-12,Đắk Lắk,Cà phê,130800.0,VND/kg,Chợ Giá,-200.0,https://chogia.vn/gia-ca-phe-dak-lak-hom-nay/
2025-02-13,Đắk Lắk,Cà phê,133000.0,VND/kg,Chợ Giá,2200.0,https://chogia.vn/gia-ca-phe-dak-lak-hom-nay/
2025-02-14,Đắk Lắk,Cà phê,132300.0,VND/kg,Chợ Giá,-700.0,https://chogia.vn/gia-ca-phe-dak-lak-hom-nay/
2025-02-15,Đắk Lắk,Cà phê,131000.0,VND/kg,Chợ Giá,-1300.0,https://chogia.vn/gia-ca-phe-dak-lak-hom-nay/
2025-02-16,Đắk Lắk,Cà phê,131000.0,VND/kg,Chợ Giá,-1300.0,https://chogia.vn/gia-ca-phe-dak-lak-hom-nay/
2025-02-17,Đắk Lắk,Cà phê,132000.0,VND/kg,Chợ Giá,1000.0,https://chogia.vn/gia-ca-phe-dak-lak-hom-nay/
2025-02-18,Đắk Lắk,Cà phê,131500.0,VND/kg,Chợ Giá,-500.0,https://chogia.vn/gia-ca-phe-dak-lak-hom-nay/
2025-02-19,Đắk Lắk,Cà phê,132500.0,VND/kg,Chợ Giá,1000.0,https://chogia.vn/gia-ca-phe-dak-lak-hom-nay/
2025-02-20,Đắk Lắk,Cà phê,133300.0,VND/kg,Chợ Giá,800.0,https://chogia.vn/gia-ca-phe-dak-lak-hom-nay/
2025-02-21,Đắk Lắk,Cà phê,132000.0,VND/kg,Chợ Giá,-1300.0,https://chogia.vn/gia-ca-phe-dak-lak-hom-nay/
2025-02-22,Đắk Lắk,Cà phê,134000.0,VND/kg,Chợ Giá,2000.0,https://chogia.vn/gia-ca-phe-dak-lak-hom-nay/
2025-02-23,Đắk Lắk,Cà phê,134000.0,VND/kg,Chợ Giá,2000.0,https://chogia.vn/gia-ca-phe-dak-lak-hom-nay/
2025-02-24,Đắk Lắk,Cà phê,134000.0,VND/kg,Chợ Giá,0.0,https://chogia.vn/gia-ca-phe-dak-lak-hom-nay/
2025-02-25,Đắk Lắk,Cà phê,131500.0,VND/kg,Chợ Giá,-2500.0,https://chogia.vn/gia-ca-phe-dak-lak-hom-nay/
2025-02-26,Đắk Lắk,Cà phê,129000.0,VND/kg,Chợ Giá,-2500.0,https://chogia.vn/gia-ca-phe-dak-lak-hom-nay/
2025-02-27,Đắk Lắk,Cà phê,130500.0,VND/kg,Chợ Giá,1500.0,https://chogia.vn/gia-ca-phe-dak-lak-hom-nay/
2025-02-28,Đắk Lắk,Cà phê,130000.0,VND/kg,Chợ Giá,-500.0,https://chogia.vn/gia-ca-phe-dak-lak-hom-nay/
2025-03-01,Đắk Lắk,Cà phê,129500.0,VND/kg,Chợ Giá,-500.0,https://chogia.vn/gia-ca-phe-dak-lak-hom-nay/
2025-03-02,Đắk Lắk,Cà phê,129500.0,VND/kg,Chợ Giá,-500.0,https://chogia.vn/gia-ca-phe-dak-lak-hom-nay/
2025-03-03,Đắk Lắk,Cà phê,130000.0,VND/kg,Chợ Giá,500.0,https://chogia.vn/gia-ca-phe-dak-lak-hom-nay/
2025-03-04,Đắk Lắk,Cà phê,133000.0,VND/kg,Chợ Giá,3000.0,https://chogia.vn/gia-ca-phe-dak-lak-hom-nay/
2025-03-05,Đắk Lắk,Cà phê,135000.0,VND/kg,Chợ Giá,2000.0,https://chogia.vn/gia-ca-phe-dak-lak-hom-nay/
2025-03-06,Đắk Lắk,Cà phê,134000.0,VND/kg,Chợ Giá,-1000.0,https://chogia.vn/gia-ca-phe-dak-lak-hom-nay/
2025-03-07,Đắk Lắk,Cà phê,130500.0,VND/kg,Chợ Giá,-3500.0,https://chogia.vn/gia-ca-phe-dak-lak-hom-nay/
2025-03-08,Đắk Lắk,Cà phê,129800.0,VND/kg,Chợ Giá,-700.0,https://chogia.vn/gia-ca-phe-dak-lak-hom-nay/
2025-03-09,Đắk Lắk,Cà phê,129800.0,VND/kg,Chợ Giá,-700.0,https://chogia.vn/gia-ca-phe-dak-lak-hom-nay/
2025-03-10,Đắk Lắk,Cà phê,131000.0,VND/kg,Chợ Giá,1200.0,https://chogia.vn/gia-ca-phe-dak-lak-hom-nay/
2025-03-11,Đắk Lắk,Cà phê,131300.0,VND/kg,Chợ Giá,300.0,https://chogia.vn/gia-ca-phe-dak-lak-hom-nay/
2025-03-12,Đắk Lắk,Cà phê,134000.0,VND/kg,Chợ Giá,2700.0,https://chogia.vn/gia-ca-phe-dak-lak-hom-nay/
2025-03-13,Đắk Lắk,Cà phê,133000.0,VND/kg,Chợ Giá,-1000.0,https://chogia.vn/gia-ca-phe-dak-lak-hom-nay/
2025-03-14,Đắk Lắk,Cà phê,133500.0,VND/kg,Chợ Giá,500.0,https://chogia.vn/gia-ca-phe-dak-lak-hom-nay/
2025-03-15,Đắk Lắk,Cà phê,132000.0,VND/kg,Chợ Giá,-1500.0,https://chogia.vn/gia-ca-phe-dak-lak-hom-nay/
2025-03-16,Đắk Lắk,Cà phê,132000.0,VND/kg,Chợ Giá,-1500.0,https://chogia.vn/gia-ca-phe-dak-lak-hom-nay/
2025-03-17,Đắk Lắk,Cà phê,132700.0,VND/kg,Chợ Giá,700.0,https://chogia.vn/gia-ca-phe-dak-lak-hom-nay/
2025-03-18,Đắk Lắk,Cà phê,134000.0,VND/kg,Chợ Giá,1300.0,https://chogia.vn/gia-ca-phe-dak-lak-hom-nay/
2025-03-19,Đắk Lắk,Cà phê,134000.0,VND/kg,Chợ Giá,0.0,https://chogia.vn/gia-ca-phe-dak-lak-hom-nay/
2025-03-20,Đắk Lắk,Cà phê,135000.0,VND/kg,Chợ Giá,1000.0,https://chogia.vn/gia-ca-phe-dak-lak-hom-nay/
2025-03-21,Đắk Lắk,Cà phê,133500.0,VND/kg,Chợ Giá,-1500.0,https://chogia.vn/gia-ca-phe-dak-lak-hom-nay/
2025-03-22,Đắk Lắk,Cà phê,133900.0,VND/kg,Chợ Giá,400.0,https://chogia.vn/gia-ca-phe-dak-lak-hom-nay/
2025-03-23,Đắk Lắk,Cà phê,133900.0,VND/kg,Chợ Giá,400.0,https://chogia.vn/gia-ca-phe-dak-lak-hom-nay/
2025-03-24,Đắk Lắk,Cà phê,133800.0,VND/kg,Chợ Giá,-100.0,https://chogia.vn/gia-ca-phe-dak-lak-hom-nay/
2025-03-25,Đắk Lắk,Cà phê,133700.0,VND/kg,Chợ Giá,-100.0,https://chogia.vn/gia-ca-phe-dak-lak-hom-nay/
2025-03-26,Đắk Lắk,Cà phê,135400.0,VND/kg,Chợ Giá,1700.0,https://chogia.vn/gia-ca-phe-dak-lak-hom-nay/
2025-03-27,Đắk Lắk,Cà phê,133400.0,VND/kg,Chợ Giá,-2000.0,https://chogia.vn/gia-ca-phe-dak-lak-hom-nay/
2025-03-28,Đắk Lắk,Cà phê,132300.0,VND/kg,Chợ Giá,-1100.0,https://chogia.vn/gia-ca-phe-dak-lak-hom-nay/
2025-03-29,Đắk Lắk,Cà phê,132300.0,VND/kg,Chợ Giá,0.0,https://chogia.vn/gia-ca-phe-dak-lak-hom-nay/
2025-03-30,Đắk Lắk,Cà phê,132300.0,VND/kg,Chợ Giá,0.0,https://chogia.vn/gia-ca-phe-dak-lak-hom-nay/
2025-03-31,Đắk Lắk,Cà phê,133000.0,VND/kg,Chợ Giá,700.0,https://chogia.vn/gia-ca-phe-dak-lak-hom-nay/
2025-04-01,Đắk Lắk,Cà phê,132300.0,VND/kg,Chợ Giá,-700.0,https://chogia.vn/gia-ca-phe-dak-lak-hom-nay/
2025-04-02,Đắk Lắk,Cà phê,133500.0,VND/kg,Chợ Giá,1200.0,https://chogia.vn/gia-ca-phe-dak-lak-hom-nay/
2025-04-03,Đắk Lắk,Cà phê,133500.0,VND/kg,Chợ Giá,0.0,https://chogia.vn/gia-ca-phe-dak-lak-hom-nay/
2025-04-04,Đắk Lắk,Cà phê,131000.0,VND/kg,Chợ Giá,-2500.0,https://chogia.vn/gia-ca-phe-dak-lak-hom-nay/
2025-04-05,Đắk Lắk,Cà phê,127200.0,VND/kg,Chợ Giá,-3800.0,https://chogia.vn/gia-ca-phe-dak-lak-hom-nay/
2025-04-06,Đắk Lắk,Cà phê,127200.0,VND/kg,Chợ Giá,-3800.0,https://chogia.vn/gia-ca-phe-dak-lak-hom-nay/
2025-04-07,Đắk Lắk,Cà phê,127200.0,VND/kg,Chợ Giá,-3800.0,https://chogia.vn/gia-ca-phe-dak-lak-hom-nay/
2025-04-08,Đắk Lắk,Cà phê,120000.0,VND/kg,Chợ Giá,-7200.0,https://chogia.vn/gia-ca-phe-dak-lak-hom-nay/
2025-04-09,Đắk Lắk,Cà phê,118000.0,VND/kg,Chợ Giá,-2000.0,https://chogia.vn/gia-ca-phe-dak-lak-hom-nay/
2025-04-10,Đắk Lắk,Cà phê,121000.0,VND/kg,Chợ Giá,3000.0,https://chogia.vn/gia-ca-phe-dak-lak-hom-nay/
2025-04-11,Đắk Lắk,Cà phê,123000.0,VND/kg,Chợ Giá,2000.0,https://chogia.vn/gia-ca-phe-dak-lak-hom-nay/
2025-04-12,Đắk Lắk,Cà phê,125000.0,VND/kg,Chợ Giá,2000.0,https://chogia.vn/gia-ca-phe-dak-lak-hom-nay/
2025-04-13,Đắk Lắk,Cà phê,125000.0,VND/kg,Chợ Giá,2000.0,https://chogia.vn/gia-ca-phe-dak-lak-hom-nay/
2025-04-14,Đắk Lắk,Cà phê,125000.0,VND/kg,Chợ Giá,0.0,https://chogia.vn/gia-ca-phe-dak-lak-hom-nay/
2025-04-15,Đắk Lắk,Cà phê,130200.0,VND/kg,Chợ Giá,5200.0,https://chogia.vn/gia-ca-phe-dak-lak-hom-nay/
2025-04-16,Đắk Lắk,Cà phê,133000.0,VND/kg,Chợ Giá,2800.0,https://chogia.vn/gia-ca-phe-dak-lak-hom-nay/
2025-04-17,Đắk Lắk,Cà phê,133700.0,VND/kg,Chợ Giá,700.0,https://chogia.vn/gia-ca-phe-dak-lak-hom-nay/
2025-04-18,Đắk Lắk,Cà phê,129700.0,VND/kg,Chợ Giá,-4000.0,https://chogia.vn/gia-ca-phe-dak-lak-hom-nay/
2025-04-19,Đắk Lắk,Cà phê,129700.0,VND/kg,Chợ Giá,-4000.0,https://chogia.vn/gia-ca-phe-dak-lak-hom-nay/
2025-04-20,Đắk Lắk,Cà phê,129700.0,VND/kg,Chợ Giá,-4000.0,https://chogia.vn/gia-ca-phe-dak-lak-hom-nay/
2025-04-21,Đắk Lắk,Cà phê,129700.0,VND/kg,Chợ Giá,0.0,https://chogia.vn/gia-ca-phe-dak-lak-hom-nay/
2025-04-22,Đắk Lắk,Cà phê,129500.0,VND/kg,Chợ Giá,-200.0,https://chogia.vn/gia-ca-phe-dak-lak-hom-nay/
2025-04-23,Đắk Lắk,Cà phê,129400.0,VND/kg,Chợ Giá,-100.0,https://chogia.vn/gia-ca-phe-dak-lak-hom-nay/
2025-04-24,Đắk Lắk,Cà phê,130500.0,VND/kg,Chợ Giá,1100.0,https://chogia.vn/gia-ca-phe-dak-lak-hom-nay/
2025-04-25,Đắk Lắk,Cà phê,132200.0,VND/kg,Chợ Giá,1700.0,https://chogia.vn/gia-ca-phe-dak-lak-hom-nay/
2025-04-26,Đắk Lắk,Cà phê,130700.0,VND/kg,Chợ Giá,-1500.0,https://chogia.vn/gia-ca-phe-dak-lak-hom-nay/
2025-04-27,Đắk Lắk,Cà phê,130700.0,VND/kg,Chợ Giá,-1500.0,https://chogia.vn/gia-ca-phe-dak-lak-hom-nay/
2025-04-28,Đắk Lắk,Cà phê,130700.0,VND/kg,Chợ Giá,0.0,https://chogia.vn/gia-ca-phe-dak-lak-hom-nay/
2025-04-29,Đắk Lắk,Cà phê,130800.0,VND/kg,Chợ Giá,100.0,https://chogia.vn/gia-ca-phe-dak-lak-hom-nay/
2025-04-30,Đắk Lắk,Cà phê,130800.0,VND/kg,Chợ Giá,100.0,https://chogia.vn/gia-ca-phe-dak-lak-hom-nay/
2025-05-01,Đắk Lắk,Cà phê,131200.0,VND/kg,Chợ Giá,400.0,https://chogia.vn/gia-ca-phe-dak-lak-hom-nay/
2025-05-02,Đắk Lắk,Cà phê,127200.0,VND/kg,Chợ Giá,-4000.0,https://chogia.vn/gia-ca-phe-dak-lak-hom-nay/
2025-05-03,Đắk Lắk,Cà phê,130000.0,VND/kg,Chợ Giá,2800.0,https://chogia.vn/gia-ca-phe-dak-lak-hom-nay/
2025-05-04,Đắk Lắk,Cà phê,130000.0,VND/kg,Chợ Giá,2800.0,https://chogia.vn/gia-ca-phe-dak-lak-hom-nay/
2025-05-05,Đắk Lắk,Cà phê,128500.0,VND/kg,Chợ Giá,-1500.0,https://chogia.vn/gia-ca-phe-dak-lak-hom-nay/
2025-05-06,Đắk Lắk,Cà phê,128500.0,VND/kg,Chợ Giá,0.0,https://chogia.vn/gia-ca-phe-dak-lak-hom-nay/
2025-05-07,Đắk Lắk,Cà phê,128300.0,VND/kg,Chợ Giá,-200.0,https://chogia.vn/gia-ca-phe-dak-lak-hom-nay/
2025-05-08,Đắk Lắk,Cà phê,128000.0,VND/kg,Chợ Giá,-300.0,https://chogia.vn/gia-ca-phe-dak-lak-hom-nay/
2025-05-09,Đắk Lắk,Cà phê,128500.0,VND/kg,Chợ Giá,500.0,https://chogia.vn/gia-ca-phe-dak-lak-hom-nay/
2025-05-10,Đắk Lắk,Cà phê,128200.0,VND/kg,Chợ Giá,-300.0,https://chogia.vn/gia-ca-phe-dak-lak-hom-nay/
2025-05-11,Đắk Lắk,Cà phê,128200.0,VND/kg,Chợ Giá,-300.0,https://chogia.vn/gia-ca-phe-dak-lak-hom-nay/
2025-05-12,Đắk Lắk,Cà phê,127800.0,VND/kg,Chợ Giá,-400.0,https://chogia.vn/gia-ca-phe-dak-lak-hom-nay/
2025-05-13,Đắk Lắk,Cà phê,126000.0,VND/kg,Chợ Giá,-1800.0,https://chogia.vn/gia-ca-phe-dak-lak-hom-nay/
2025-05-14,Đắk Lắk,Cà phê,128500.0,VND/kg,Chợ Giá,2500.0,https://chogia.vn/gia-ca-phe-dak-lak-hom-nay/
2025-05-15,Đắk Lắk,Cà phê,126000.0,VND/kg,Chợ Giá,-2500.0,https://chogia.vn/gia-ca-phe-dak-lak-hom-nay/
2025-05-16,Đắk Lắk,Cà phê,126200.0,VND/kg,Chợ Giá,200.0,https://chogia.vn/gia-ca-phe-dak-lak-hom-nay/
2025-05-17,Đắk Lắk,Cà phê,125000.0,VND/kg,Chợ Giá,-1200.0,https://chogia.vn/gia-ca-phe-dak-lak-hom-nay/
2025-05-18,Đắk Lắk,Cà phê,125000.0,VND/kg,Chợ Giá,-1200.0,https://chogia.vn/gia-ca-phe-dak-lak-hom-nay/
2025-05-19,Đắk Lắk,Cà phê,124500.0,VND/kg,Chợ Giá,-500.0,https://chogia.vn/gia-ca-phe-dak-lak-hom-nay/
2025-05-20,Đắk Lắk,Cà phê,126500.0,VND/kg,Chợ Giá,2000.0,https://chogia.vn/gia-ca-phe-dak-lak-hom-nay/
2025-05-21,Đắk Lắk,Cà phê,125000.0,VND/kg,Chợ Giá,-1500.0,https://chogia.vn/gia-ca-phe-dak-lak-hom-nay/
2025-05-22,Đắk Lắk,Cà phê,125200.0,VND/kg,Chợ Giá,200.0,https://chogia.vn/gia-ca-phe-dak-lak-hom-nay/
2025-05-23,Đắk Lắk,Cà phê,122500.0,VND/kg,Chợ Giá,-2700.0,https://chogia.vn/gia-ca-phe-dak-lak-hom-nay/
2025-05-24,Đắk Lắk,Cà phê,122500.0,VND/kg,Chợ Giá,-2700.0,https://chogia.vn/gia-ca-phe-dak-lak-hom-nay/
2025-05-25,Đắk Lắk,Cà phê,122500.0,VND/kg,Chợ Giá,-2700.0,https://chogia.vn/gia-ca-phe-dak-lak-hom-nay/
2025-05-26,Đắk Lắk,Cà phê,122500.0,VND/kg,Chợ Giá,-2700.0,https://chogia.vn/gia-ca-phe-dak-lak-hom-nay/
2025-05-27,Đắk Lắk,Cà phê,123700.0,VND/kg,Chợ Giá,1200.0,https://chogia.vn/gia-ca-phe-dak-lak-hom-nay/
2025-05-28,Đắk Lắk,Cà phê,122200.0,VND/kg,Chợ Giá,-1500.0,https://chogia.vn/gia-ca-phe-dak-lak-hom-nay/
2025-05-29,Đắk Lắk,Cà phê,120000.0,VND/kg,Chợ Giá,-2200.0,https://chogia.vn/gia-ca-phe-dak-lak-hom-nay/
2025-05-30,Đắk Lắk,Cà phê,118500.0,VND/kg,Chợ Giá,-1500.0,https://chogia.vn/gia-ca-phe-dak-lak-hom-nay/
2025-05-31,Đắk Lắk,Cà phê,117500.0,VND/kg,Chợ Giá,-1000.0,https://chogia.vn/gia-ca-phe-dak-lak-hom-nay/
2025-06-01,Đắk Lắk,Cà phê,117500.0,VND/kg,Chợ Giá,-1000.0,https://chogia.vn/gia-ca-phe-dak-lak-hom-nay/
2025-06-02,Đắk Lắk,Cà phê,117500.0,VND/kg,Chợ Giá,0.0,https://chogia.vn/gia-ca-phe-dak-lak-hom-nay/
2025-06-03,Đắk Lắk,Cà phê,116500.0,VND/kg,Chợ Giá,-1000.0,https://chogia.vn/gia-ca-phe-dak-lak-hom-nay/
2025-06-04,Đắk Lắk,Cà phê,114000.0,VND/kg,Chợ Giá,-2500.0,https://chogia.vn/gia-ca-phe-dak-lak-hom-nay/
2025-06-05,Đắk Lắk,Cà phê,114100.0,VND/kg,Chợ Giá,100.0,https://chogia.vn/gia-ca-phe-dak-lak-hom-nay/
2025-06-06,Đắk Lắk,Cà phê,115700.0,VND/kg,Chợ Giá,1600.0,https://chogia.vn/gia-ca-phe-dak-lak-hom-nay/
2025-06-07,Đắk Lắk,Cà phê,114000.0,VND/kg,Chợ Giá,-1700.0,https://chogia.vn/gia-ca-phe-dak-lak-hom-nay/
2025-06-08,Đắk Lắk,Cà phê,114000.0,VND/kg,Chợ Giá,-1700.0,https://chogia.vn/gia-ca-phe-dak-lak-hom-nay/
2025-06-09,Đắk Lắk,Cà phê,113800.0,VND/kg,Chợ Giá,-200.0,https://chogia.vn/gia-ca-phe-dak-lak-hom-nay/
2025-06-10,Đắk Lắk,Cà phê,115500.0,VND/kg,Chợ Giá,1700.0,https://chogia.vn/gia-ca-phe-dak-lak-hom-nay/
2025-06-11,Đắk Lắk,Cà phê,112500.0,VND/kg,Chợ Giá,-3000.0,https://chogia.vn/gia-ca-phe-dak-lak-hom-nay/
2025-06-12,Đắk Lắk,Cà phê,112000.0,VND/kg,Chợ Giá,-500.0,https://chogia.vn/gia-ca-phe-dak-lak-hom-nay/
2025-06-13,Đắk Lắk,Cà phê,112800.0,VND/kg,Chợ Giá,800.0,https://chogia.vn/gia-ca-phe-dak-lak-hom-nay/
2025-06-14,Đắk Lắk,Cà phê,112500.0,VND/kg,Chợ Giá,-300.0,https://chogia.vn/gia-ca-phe-dak-lak-hom-nay/
2025-06-15,Đắk Lắk,Cà phê,112500.0,VND/kg,Chợ Giá,-300.0,https://chogia.vn/gia-ca-phe-dak-lak-hom-nay/
2025-06-16,Đắk Lắk,Cà phê,112000.0,VND/kg,Chợ Giá,-500.0,https://chogia.vn/gia-ca-phe-dak-lak-hom-nay/
2025-06-17,Đắk Lắk,Cà phê,110600.0,VND/kg,Chợ Giá,-1400.0,https://chogia.vn/gia-ca-phe-dak-lak-hom-nay/
2025-06-18,Đắk Lắk,Cà phê,109700.0,VND/kg,Chợ Giá,-900.0,https://chogia.vn/gia-ca-phe-dak-lak-hom-nay/
2025-06-19,Đắk Lắk,Cà phê,103500.0,VND/kg,Chợ Giá,-6200.0,https://chogia.vn/gia-ca-phe-dak-lak-hom-nay/
2025-06-20,Đắk Lắk,Cà phê,101000.0,VND/kg,Chợ Giá,-2500.0,https://chogia.vn/gia-ca-phe-dak-lak-hom-nay/
2025-06-21,Đắk Lắk,Cà phê,96000.0,VND/kg,Chợ Giá,-5000.0,https://chogia.vn/gia-ca-phe-dak-lak-hom-nay/
2025-06-22,Đắk Lắk,Cà phê,96000.0,VND/kg,Chợ Giá,-5000.0,https://chogia.vn/gia-ca-phe-dak-lak-hom-nay/
2025-06-23,Đắk Lắk,Cà phê,96000.0,VND/kg,Chợ Giá,-5000.0,https://chogia.vn/gia-ca-phe-dak-lak-hom-nay/
2025-06-24,Đắk Lắk,Cà phê,99200.0,VND/kg,Chợ Giá,3200.0,https://chogia.vn/gia-ca-phe-dak-lak-hom-nay/
2025-06-25,Đắk Lắk,Cà phê,95000.0,VND/kg,Chợ Giá,-4200.0,https://chogia.vn/gia-ca-phe-dak-lak-hom-nay/
2025-06-26,Đắk Lắk,Cà phê,91000.0,VND/kg,Chợ Giá,-4000.0,https://chogia.vn/gia-ca-phe-dak-lak-hom-nay/
2025-06-27,Đắk Lắk,Cà phê,93800.0,VND/kg,Chợ Giá,2800.0,https://chogia.vn/gia-ca-phe-dak-lak-hom-nay/
2025-06-28,Đắk Lắk,Cà phê,94200.0,VND/kg,Chợ Giá,400.0,https://chogia.vn/gia-ca-phe-dak-lak-hom-nay/
2025-06-29,Đắk Lắk,Cà phê,94200.0,VND/kg,Chợ Giá,400.0,https://chogia.vn/gia-ca-phe-dak-lak-hom-nay/
2025-06-30,Đắk Lắk,Cà phê,94500.0,VND/kg,Chợ Giá,300.0,https://chogia.vn/gia-ca-phe-dak-lak-hom-nay/
2025-07-01,Đắk Lắk,Cà phê,94700.0,VND/kg,Chợ Giá,200.0,https://chogia.vn/gia-ca-phe-dak-lak-hom-nay/
2025-07-02,Đắk Lắk,Cà phê,95500.0,VND/kg,Chợ Giá,800.0,https://chogia.vn/gia-ca-phe-dak-lak-hom-nay/
2025-07-03,Đắk Lắk,Cà phê,95200.0,VND/kg,Chợ Giá,-300.0,https://chogia.vn/gia-ca-phe-dak-lak-hom-nay/
2025-07-04,Đắk Lắk,Cà phê,95500.0,VND/kg,Chợ Giá,300.0,https://chogia.vn/gia-ca-phe-dak-lak-hom-nay/
2025-07-05,Đắk Lắk,Cà phê,96300.0,VND/kg,Chợ Giá,800.0,https://chogia.vn/gia-ca-phe-dak-lak-hom-nay/
2025-07-06,Đắk Lắk,Cà phê,96300.0,VND/kg,Chợ Giá,800.0,https://chogia.vn/gia-ca-phe-dak-lak-hom-nay/
2025-07-07,Đắk Lắk,Cà phê,96500.0,VND/kg,Chợ Giá,200.0,https://chogia.vn/gia-ca-phe-dak-lak-hom-nay/
2025-07-08,Đắk Lắk,Cà phê,92800.0,VND/kg,Chợ Giá,-3700.0,https://chogia.vn/gia-ca-phe-dak-lak-hom-nay/
2025-07-09,Đắk Lắk,Cà phê,93800.0,VND/kg,Chợ Giá,1000.0,https://chogia.vn/gia-ca-phe-dak-lak-hom-nay/
2025-07-10,Đắk Lắk,Cà phê,92600.0,VND/kg,Chợ Giá,-1200.0,https://chogia.vn/gia-ca-phe-dak-lak-hom-nay/
2025-07-11,Đắk Lắk,Cà phê,90300.0,VND/kg,Chợ Giá,-2300.0,https://chogia.vn/gia-ca-phe-dak-lak-hom-nay/
2025-07-12,Đắk Lắk,Cà phê,90300.0,VND/kg,Chợ Giá,-2300.0,https://chogia.vn/gia-ca-phe-dak-lak-hom-nay/
2025-07-13,Đắk Lắk,Cà phê,90300.0,VND/kg,Chợ Giá,-2300.0,https://chogia.vn/gia-ca-phe-dak-lak-hom-nay/
2025-07-14,Đắk Lắk,Cà phê,88300.0,VND/kg,Chợ Giá,-2000.0,https://chogia.vn/gia-ca-phe-dak-lak-hom-nay/
2025-07-15,Đắk Lắk,Cà phê,94600.0,VND/kg,Chợ Giá,6300.0,https://chogia.vn/gia-ca-phe-dak-lak-hom-nay/
2025-07-16,Đắk Lắk,Cà phê,91600.0,VND/kg,Chợ Giá,-3000.0,https://chogia.vn/gia-ca-phe-dak-lak-hom-nay/
2025-07-17,Đắk Lắk,Cà phê,92500.0,VND/kg,Chợ Giá,900.0,https://chogia.vn/gia-ca-phe-dak-lak-hom-nay/
2025-07-18,Đắk Lắk,Cà phê,92000.0,VND/kg,Chợ Giá,-500.0,https://chogia.vn/gia-ca-phe-dak-lak-hom-nay/
2025-07-19,Đắk Lắk,Cà phê,93800.0,VND/kg,Chợ Giá,1800.0,https://chogia.vn/gia-ca-phe-dak-lak-hom-nay/
2025-07-20,Đắk Lắk,Cà phê,93800.0,VND/kg,Chợ Giá,1800.0,https://chogia.vn/gia-ca-phe-dak-lak-hom-nay/
2025-07-21,Đắk Lắk,Cà phê,93800.0,VND/kg,Chợ Giá,0.0,https://chogia.vn/gia-ca-phe-dak-lak-hom-nay/
2025-07-22,Đắk Lắk,Cà phê,92300.0,VND/kg,Chợ Giá,-1500.0,https://chogia.vn/gia-ca-phe-dak-lak-hom-nay/
2025-07-23,Đắk Lắk,Cà phê,95500.0,VND/kg,Chợ Giá,3200.0,https://chogia.vn/gia-ca-phe-dak-lak-hom-nay/
2025-07-24,Đắk Lắk,Cà phê,96000.0,VND/kg,Chợ Giá,500.0,https://chogia.vn/gia-ca-phe-dak-lak-hom-nay/
2025-07-25,Đắk Lắk,Cà phê,97500.0,VND/kg,Chợ Giá,1500.0,https://chogia.vn/gia-ca-phe-dak-lak-hom-nay/
2025-07-26,Đắk Lắk,Cà phê,95500.0,VND/kg,Chợ Giá,-2000.0,https://chogia.vn/gia-ca-phe-dak-lak-hom-nay/
2025-07-27,Đắk Lắk,Cà phê,95500.0,VND/kg,Chợ Giá,-2000.0,https://chogia.vn/gia-ca-phe-dak-lak-hom-nay/
2025-07-28,Đắk Lắk,Cà phê,96500.0,VND/kg,Chợ Giá,1000.0,https://chogia.vn/gia-ca-phe-dak-lak-hom-nay/
2025-07-29,Đắk Lắk,Cà phê,97300.0,VND/kg,Chợ Giá,800.0,https://chogia.vn/gia-ca-phe-dak-lak-hom-nay/
2025-07-30,Đắk Lắk,Cà phê,98000.0,VND/kg,Chợ Giá,700.0,https://chogia.vn/gia-ca-phe-dak-lak-hom-nay/
2025-07-31,Đắk Lắk,Cà phê,99700.0,VND/kg,Chợ Giá,1700.0,https://chogia.vn/gia-ca-phe-dak-lak-hom-nay/
2025-08-01,Đắk Lắk,Cà phê,100000.0,VND/kg,Chợ Giá,300.0,https://chogia.vn/gia-ca-phe-dak-lak-hom-nay/
2025-08-02,Đắk Lắk,Cà phê,99500.0,VND/kg,Chợ Giá,-500.0,https://chogia.vn/gia-ca-phe-dak-lak-hom-nay/
2025-08-03,Đắk Lắk,Cà phê,99500.0,VND/kg,Chợ Giá,-500.0,https://chogia.vn/gia-ca-phe-dak-lak-hom-nay/
2025-08-04,Đắk Lắk,Cà phê,99000.0,VND/kg,Chợ Giá,-500.0,https://chogia.vn/gia-ca-phe-dak-lak-hom-nay/
2025-08-05,Đắk Lắk,Cà phê,100000.0,VND/kg,Chợ Giá,1000.0,https://chogia.vn/gia-ca-phe-dak-lak-hom-nay/
2025-08-06,Đắk Lắk,Cà phê,101000.0,VND/kg,Chợ Giá,1000.0,https://chogia.vn/gia-ca-phe-dak-lak-hom-nay/
2025-08-07,Đắk Lắk,Cà phê,100500.0,VND/kg,Chợ Giá,-500.0,https://chogia.vn/gia-ca-phe-dak-lak-hom-nay/
2025-08-08,Đắk Lắk,Cà phê,101500.0,VND/kg,Chợ Giá,1000.0,https://chogia.vn/gia-ca-phe-dak-lak-hom-nay/
2025-08-09,Đắk Lắk,Cà phê,103800.0,VND/kg,Chợ Giá,2300.0,https://chogia.vn/gia-ca-phe-dak-lak-hom-nay/
2025-08-10,Đắk Lắk,Cà phê,103800.0,VND/kg,Chợ Giá,2300.0,https://chogia.vn/gia-ca-phe-dak-lak-hom-nay/
2025-08-11,Đắk Lắk,Cà phê,104000.0,VND/kg,Chợ Giá,200.0,https://chogia.vn/gia-ca-phe-dak-lak-hom-nay/
2025-08-12,Đắk Lắk,Cà phê,107300.0,VND/kg,Chợ Giá,3300.0,https://chogia.vn/gia-ca-phe-dak-lak-hom-nay/
2025-08-13,Đắk Lắk,Cà phê,108000.0,VND/kg,Chợ Giá,700.0,https://chogia.vn/gia-ca-phe-dak-lak-hom-nay/
2025-08-14,Đắk Lắk,Cà phê,111500.0,VND/kg,Chợ Giá,3500.0,https://chogia.vn/gia-ca-phe-dak-lak-hom-nay/
2025-08-15,Đắk Lắk,Cà phê,114800.0,VND/kg,Chợ Giá,3300.0,https://chogia.vn/gia-ca-phe-dak-lak-hom-nay/
2025-08-16,Đắk Lắk,Cà phê,117300.0,VND/kg,Chợ Giá,2500.0,https://chogia.vn/gia-ca-phe-dak-lak-hom-nay/
2025-08-17,Đắk Lắk,Cà phê,117300.0,VND/kg,Chợ Giá,2500.0,https://chogia.vn/gia-ca-phe-dak-lak-hom-nay/
2025-08-18,Đắk Lắk,Cà phê,117600.0,VND/kg,Chợ Giá,300.0,https://chogia.vn/gia-ca-phe-dak-lak-hom-nay/
2025-08-19,Đắk Lắk,Cà phê,117100.0,VND/kg,Chợ Giá,-500.0,https://chogia.vn/gia-ca-phe-dak-lak-hom-nay/
2025-08-20,Đắk Lắk,Cà phê,121700.0,VND/kg,Chợ Giá,4600.0,https://chogia.vn/gia-ca-phe-dak-lak-hom-nay/
2025-08-21,Đắk Lắk,Cà phê,123000.0,VND/kg,Chợ Giá,1300.0,https://chogia.vn/gia-ca-phe-dak-lak-hom-nay/
2025-08-22,Đắk Lắk,Cà phê,123200.0,VND/kg,Chợ Giá,200.0,https://chogia.vn/gia-ca-phe-dak-lak-hom-nay/
2025-08-23,Đắk Lắk,Cà phê,124000.0,VND/kg,Chợ Giá,800.0,https://chogia.vn/gia-ca-phe-dak-lak-hom-nay/
2025-08-24,Đắk Lắk,Cà phê,124000.0,VND/kg,Chợ Giá,800.0,https://chogia.vn/gia-ca-phe-dak-lak-hom-nay/
2025-08-25,Đắk Lắk,Cà phê,122000.0,VND/kg,Chợ Giá,-2000.0,https://chogia.vn/gia-ca-phe-dak-lak-hom-nay/
2025-08-26,Đắk Lắk,Cà phê,122000.0,VND/kg,Chợ Giá,0.0,https://chogia.vn/gia-ca-phe-dak-lak-hom-nay/
2025-08-27,Đắk Lắk,Cà phê,122300.0,VND/kg,Chợ Giá,300.0,https://chogia.vn/gia-ca-phe-dak-lak-hom-nay/
2025-08-28,Đắk Lắk,Cà phê,123700.0,VND/kg,Chợ Giá,1400.0,https://chogia.vn/gia-ca-phe-dak-lak-hom-nay/
2025-08-29,Đắk Lắk,Cà phê,122300.0,VND/kg,Chợ Giá,-1400.0,https://chogia.vn/gia-ca-phe-dak-lak-hom-nay/
2025-08-30,Đắk Lắk,Cà phê,122400.0,VND/kg,Chợ Giá,100.0,https://chogia.vn/gia-ca-phe-dak-lak-hom-nay/
2025-08-31,Đắk Lắk,Cà phê,122400.0,VND/kg,Chợ Giá,100.0,https://chogia.vn/gia-ca-phe-dak-lak-hom-nay/
2025-09-01,Đắk Lắk,Cà phê,122500.0,VND/kg,Chợ Giá,100.0,https://chogia.vn/gia-ca-phe-dak-lak-hom-nay/
2025-09-02,Đắk Lắk,Cà phê,121300.0,VND/kg,Chợ Giá,-1200.0,https://chogia.vn/gia-ca-phe-dak-lak-hom-nay/
2025-09-03,Đắk Lắk,Cà phê,115000.0,VND/kg,Chợ Giá,-6300.0,https://chogia.vn/gia-ca-phe-dak-lak-hom-nay/
2025-09-04,Đắk Lắk,Cà phê,115300.0,VND/kg,Chợ Giá,300.0,https://chogia.vn/gia-ca-phe-dak-lak-hom-nay/
2025-09-05,Đắk Lắk,Cà phê,115000.0,VND/kg,Chợ Giá,-300.0,https://chogia.vn/gia-ca-phe-dak-lak-hom-nay/
2025-09-06,Đắk Lắk,Cà phê,113200.0,VND/kg,Chợ Giá,-1800.0,https://chogia.vn/gia-ca-phe-dak-lak-hom-nay/
2025-09-07,Đắk Lắk,Cà phê,113200.0,VND/kg,Chợ Giá,-1800.0,https://chogia.vn/gia-ca-phe-dak-lak-hom-nay/
2025-09-08,Đắk Lắk,Cà phê,113200.0,VND/kg,Chợ Giá,0.0,https://chogia.vn/gia-ca-phe-dak-lak-hom-nay/
2025-09-09,Đắk Lắk,Cà phê,115500.0,VND/kg,Chợ Giá,2300.0,https://chogia.vn/gia-ca-phe-dak-lak-hom-nay/
2025-09-10,Đắk Lắk,Cà phê,114500.0,VND/kg,Chợ Giá,-1000.0,https://chogia.vn/gia-ca-phe-dak-lak-hom-nay/
2025-09-11,Đắk Lắk,Cà phê,116800.0,VND/kg,Chợ Giá,2300.0,https://chogia.vn/gia-ca-phe-dak-lak-hom-nay/
2025-09-12,Đắk Lắk,Cà phê,118200.0,VND/kg,Chợ Giá,1400.0,https://chogia.vn/gia-ca-phe-dak-lak-hom-nay/
2025-09-13,Đắk Lắk,Cà phê,120200.0,VND/kg,Chợ Giá,2000.0,https://chogia.vn/gia-ca-phe-dak-lak-hom-nay/
2025-09-14,Đắk Lắk,Cà phê,120200.0,VND/kg,Chợ Giá,2000.0,https://chogia.vn/gia-ca-phe-dak-lak-hom-nay/
2025-09-15,Đắk Lắk,Cà phê,120000.0,VND/kg,Chợ Giá,-200.0,https://chogia.vn/gia-ca-phe-dak-lak-hom-nay/
2025-09-16,Đắk Lắk,Cà phê,122700.0,VND/kg,Chợ Giá,2700.0,https://chogia.vn/gia-ca-phe-dak-lak-hom-nay/
2025-09-17,Đắk Lắk,Cà phê,121200.0,VND/kg,Chợ Giá,-1500.0,https://chogia.vn/gia-ca-phe-dak-lak-hom-nay/
2025-09-18,Đắk Lắk,Cà phê,116500.0,VND/kg,Chợ Giá,-4700.0,https://chogia.vn/gia-ca-phe-dak-lak-hom-nay/
2025-09-19,Đắk Lắk,Cà phê,116500.0,VND/kg,Chợ Giá,0.0,https://chogia.vn/gia-ca-phe-dak-lak-hom-nay/
2025-09-20,Đắk Lắk,Cà phê,111500.0,VND/kg,Chợ Giá,-5000.0,https://chogia.vn/gia-ca-phe-dak-lak-hom-nay/
2025-09-21,Đắk Lắk,Cà phê,111500.0,VND/kg,Chợ Giá,-5000.0,https://chogia.vn/gia-ca-phe-dak-lak-hom-nay/
2025-09-22,Đắk Lắk,Cà phê,112000.0,VND/kg,Chợ Giá,500.0,https://chogia.vn/gia-ca-phe-dak-lak-hom-nay/
2025-09-23,Đắk Lắk,Cà phê,114500.0,VND/kg,Chợ Giá,2500.0,https://chogia.vn/gia-ca-phe-dak-lak-hom-nay/
2025-09-24,Đắk Lắk,Cà phê,111500.0,VND/kg,Chợ Giá,-3000.0,https://chogia.vn/gia-ca-phe-dak-lak-hom-nay/
2025-09-25,Đắk Lắk,Cà phê,114500.0,VND/kg,Chợ Giá,3000.0,https://chogia.vn/gia-ca-phe-dak-lak-hom-nay/
2025-09-26,Đắk Lắk,Cà phê,113000.0,VND/kg,Chợ Giá,-1500.0,https://chogia.vn/gia-ca-phe-dak-lak-hom-nay/
2025-09-27,Đắk Lắk,Cà phê,115500.0,VND/kg,Chợ Giá,2500.0,https://chogia.vn/gia-ca-phe-dak-lak-hom-nay/
2025-09-28,Đắk Lắk,Cà phê,115500.0,VND/kg,Chợ Giá,2500.0,https://chogia.vn/gia-ca-phe-dak-lak-hom-nay/
2025-09-29,Đắk Lắk,Cà phê,116500.0,VND/kg,Chợ Giá,1000.0,https://chogia.vn/gia-ca-phe-dak-lak-hom-nay/
2025-09-30,Đắk Lắk,Cà phê,116000.0,VND/kg,Chợ Giá,-500.0,https://chogia.vn/gia-ca-phe-dak-lak-hom-nay/
2025-10-01,Đắk Lắk,Cà phê,116000.0,VND/kg,Chợ Giá,0.0,https://chogia.vn/gia-ca-phe-dak-lak-hom-nay/
2025-10-02,Đắk Lắk,Cà phê,117700.0,VND/kg,Chợ Giá,1700.0,https://chogia.vn/gia-ca-phe-dak-lak-hom-nay/
2025-10-03,Đắk Lắk,Cà phê,115500.0,VND/kg,Chợ Giá,-2200.0,https://chogia.vn/gia-ca-phe-dak-lak-hom-nay/
2025-10-04,Đắk Lắk,Cà phê,117000.0,VND/kg,Chợ Giá,1500.0,https://chogia.vn/gia-ca-phe-dak-lak-hom-nay/
2025-10-05,Đắk Lắk,Cà phê,117000.0,VND/kg,Chợ Giá,1500.0,https://chogia.vn/gia-ca-phe-dak-lak-hom-nay/
2025-10-06,Đắk Lắk,Cà phê,117000.0,VND/kg,Chợ Giá,0.0,https://chogia.vn/gia-ca-phe-dak-lak-hom-nay/
2025-10-07,Đắk Lắk,Cà phê,115000.0,VND/kg,Chợ Giá,-2000.0,https://chogia.vn/gia-ca-phe-dak-lak-hom-nay/
2025-10-08,Đắk Lắk,Cà phê,114000.0,VND/kg,Chợ Giá,-1000.0,https://chogia.vn/gia-ca-phe-dak-lak-hom-nay/
2025-10-09,Đắk Lắk,Cà phê,115000.0,VND/kg,Chợ Giá,1000.0,https://chogia.vn/gia-ca-phe-dak-lak-hom-nay/
2025-10-10,Đắk Lắk,Cà phê,114500.0,VND/kg,Chợ Giá,-500.0,https://chogia.vn/gia-ca-phe-dak-lak-hom-nay/
2025-10-11,Đắk Lắk,Cà phê,113800.0,VND/kg,Chợ Giá,-700.0,https://chogia.vn/gia-ca-phe-dak-lak-hom-nay/
2025-10-12,Đắk Lắk,Cà phê,113800.0,VND/kg,Chợ Giá,-700.0,https://chogia.vn/gia-ca-phe-dak-lak-hom-nay/
2025-10-13,Đắk Lắk,Cà phê,113800.0,VND/kg,Chợ Giá,0.0,https://chogia.vn/gia-ca-phe-dak-lak-hom-nay/
2025-10-14,Đắk Lắk,Cà phê,114500.0,VND/kg,Chợ Giá,700.0,https://chogia.vn/gia-ca-phe-dak-lak-hom-nay/
2025-10-15,Đắk Lắk,Cà phê,113800.0,VND/kg,Chợ Giá,-700.0,https://chogia.vn/gia-ca-phe-dak-lak-hom-nay/
2025-10-16,Đắk Lắk,Cà phê,114500.0,VND/kg,Chợ Giá,700.0,https://chogia.vn/gia-ca-phe-dak-lak-hom-nay/
2025-10-17,Đắk Lắk,Cà phê,115500.0,VND/kg,Chợ Giá,1000.0,https://chogia.vn/gia-ca-phe-dak-lak-hom-nay/
2025-10-18,Đắk Lắk,Cà phê,114500.0,VND/kg,Chợ Giá,-1000.0,https://chogia.vn/gia-ca-phe-dak-lak-hom-nay/
2025-10-19,Đắk Lắk,Cà phê,114500.0,VND/kg,Chợ Giá,-1000.0,https://chogia.vn/gia-ca-phe-dak-lak-hom-nay/
2025-10-20,Đắk Lắk,Cà phê,114500.0,VND/kg,Chợ Giá,0.0,https://chogia.vn/gia-ca-phe-dak-lak-hom-nay/
2025-10-21,Đắk Lắk,Cà phê,114500.0,VND/kg,Chợ Giá,0.0,https://chogia.vn/gia-ca-phe-dak-lak-hom-nay/
2025-10-22,Đắk Lắk,Cà phê,115600.0,VND/kg,Chợ Giá,1100.0,https://chogia.vn/gia-ca-phe-dak-lak-hom-nay/
2025-10-23,Đắk Lắk,Cà phê,118500.0,VND/kg,Chợ Giá,2900.0,https://chogia.vn/gia-ca-phe-dak-lak-hom-nay/
2025-10-24,Đắk Lắk,Cà phê,118500.0,VND/kg,Chợ Giá,2900.0,https://chogia.vn/gia-ca-phe-dak-lak-hom-nay/
2025-10-25,Đắk Lắk,Cà phê,116500.0,VND/kg,Chợ Giá,500.0,https://chogia.vn/gia-ca-phe-dak-lak-hom-nay/
2025-10-26,Đắk Lắk,Cà phê,116500.0,VND/kg,Chợ Giá,500.0,https://chogia.vn/gia-ca-phe-dak-lak-hom-nay/
2025-10-27,Đắk Lắk,Cà phê,117000.0,VND/kg,Chợ Giá,500.0,https://chogia.vn/gia-ca-phe-dak-lak-hom-nay/
2025-10-28,Đắk Lắk,Cà phê,115700.0,VND/kg,Chợ Giá,-1300.0,https://chogia.vn/gia-ca-phe-dak-lak-hom-nay/
2025-10-29,Đắk Lắk,Cà phê,115800.0,VND/kg,Chợ Giá,100.0,https://chogia.vn/gia-ca-phe-dak-lak-hom-nay/
2025-10-30,Đắk Lắk,Cà phê,116500.0,VND/kg,Chợ Giá,700.0,https://chogia.vn/gia-ca-phe-dak-lak-hom-nay/
2025-10-31,Đắk Lắk,Cà phê,118000.0,VND/kg,Chợ Giá,1500.0,https://chogia.vn/gia-ca-phe-dak-lak-hom-nay/
2025-11-01,Đắk Lắk,Cà phê,116800.0,VND/kg,Chợ Giá,-1200.0,https://chogia.vn/gia-ca-phe-dak-lak-hom-nay/
2025-11-02,Đắk Lắk,Cà phê,116800.0,VND/kg,Chợ Giá,-1200.0,https://chogia.vn/gia-ca-phe-dak-lak-hom-nay/
2025-11-03,Đắk Lắk,Cà phê,117000.0,VND/kg,Chợ Giá,200.0,https://chogia.vn/gia-ca-phe-dak-lak-hom-nay/
2025-11-04,Đắk Lắk,Cà phê,119000.0,VND/kg,Chợ Giá,2000.0,https://chogia.vn/gia-ca-phe-dak-lak-hom-nay/
2025-11-05,Đắk Lắk,Cà phê,118700.0,VND/kg,Chợ Giá,-300.0,https://chogia.vn/gia-ca-phe-dak-lak-hom-nay/
2025-11-06,Đắk Lắk,Cà phê,119000.0,VND/kg,Chợ Giá,300.0,https://chogia.vn/gia-ca-phe-dak-lak-hom-nay/
2025-11-07,Đắk Lắk,Cà phê,116800.0,VND/kg,Chợ Giá,-2200.0,https://chogia.vn/gia-ca-phe-dak-lak-hom-nay/
2025-11-08,Đắk Lắk,Cà phê,119500.0,VND/kg,Chợ Giá,2700.0,https://chogia.vn/gia-ca-phe-dak-lak-hom-nay/
2025-11-09,Đắk Lắk,Cà phê,119500.0,VND/kg,Chợ Giá,2700.0,https://chogia.vn/gia-ca-phe-dak-lak-hom-nay/
2025-11-10,Đắk Lắk,Cà phê,119600.0,VND/kg,Chợ Giá,100.0,https://chogia.vn/gia-ca-phe-dak-lak-hom-nay/
2025-11-11,Đắk Lắk,Cà phê,119000.0,VND/kg,Chợ Giá,-600.0,https://chogia.vn/gia-ca-phe-dak-lak-hom-nay/
2025-11-12,Đắk Lắk,Cà phê,118500.0,VND/kg,Chợ Giá,-500.0,https://chogia.vn/gia-ca-phe-dak-lak-hom-nay/
2025-11-13,Đắk Lắk,Cà phê,113500.0,VND/kg,Chợ Giá,-5000.0,https://chogia.vn/gia-ca-phe-dak-lak-hom-nay/
2025-11-14,Đắk Lắk,Cà phê,113000.0,VND/kg,Chợ Giá,-500.0,https://chogia.vn/gia-ca-phe-dak-lak-hom-nay/
2025-11-15,Đắk Lắk,Cà phê,113000.0,VND/kg,Chợ Giá,0.0,https://chogia.vn/gia-ca-phe-dak-lak-hom-nay/
2025-11-16,Đắk Lắk,Cà phê,113000.0,VND/kg,Chợ Giá,0.0,https://chogia.vn/gia-ca-phe-dak-lak-hom-nay/
2025-11-17,Đắk Lắk,Cà phê,113000.0,VND/kg,Chợ Giá,0.0,https://chogia.vn/gia-ca-phe-dak-lak-hom-nay/
2025-11-18,Đắk Lắk,Cà phê,113700.0,VND/kg,Chợ Giá,3200.0,https://chogia.vn/gia-ca-phe-dak-lak-hom-nay/
2025-11-19,Đắk Lắk,Cà phê,114700.0,VND/kg,Chợ Giá,1000.0,https://chogia.vn/gia-ca-phe-dak-lak-hom-nay/
2025-11-20,Đắk Lắk,Cà phê,113500.0,VND/kg,Chợ Giá,-1200.0,https://chogia.vn/gia-ca-phe-dak-lak-hom-nay/
2025-11-21,Đắk Lắk,Cà phê,114700.0,VND/kg,Chợ Giá,1200.0,https://chogia.vn/gia-ca-phe-dak-lak-hom-nay/
2025-11-22,Đắk Lắk,Cà phê,112500.0,VND/kg,Chợ Giá,-2200.0,https://chogia.vn/gia-ca-phe-dak-lak-hom-nay/
2025-11-23,Đắk Lắk,Cà phê,112500.0,VND/kg,Chợ Giá,-2200.0,https://chogia.vn/gia-ca-phe-dak-lak-hom-nay/
2025-11-24,Đắk Lắk,Cà phê,112000.0,VND/kg,Chợ Giá,-500.0,https://chogia.vn/gia-ca-phe-dak-lak-hom-nay/
2025-11-25,Đắk Lắk,Cà phê,111000.0,VND/kg,Chợ Giá,-1000.0,https://chogia.vn/gia-ca-phe-dak-lak-hom-nay/
2025-11-26,Đắk Lắk,Cà phê,112000.0,VND/kg,Chợ Giá,1000.0,https://chogia.vn/gia-ca-phe-dak-lak-hom-nay/
2025-11-27,Đắk Lắk,Cà phê,111500.0,VND/kg,Chợ Giá,-500.0,https://chogia.vn/gia-ca-phe-dak-lak-hom-nay/
2025-11-28,Đắk Lắk,Cà phê,112000.0,VND/kg,Chợ Giá,500.0,https://chogia.vn/gia-ca-phe-dak-lak-hom-nay/
2025-11-29,Đắk Lắk,Cà phê,112300.0,VND/kg,Chợ Giá,300.0,https://chogia.vn/gia-ca-phe-dak-lak-hom-nay/
2025-11-30,Đắk Lắk,Cà phê,112300.0,VND/kg,Chợ Giá,300.0,https://chogia.vn/gia-ca-phe-dak-lak-hom-nay/
2025-12-01,Đắk Lắk,Cà phê,111000.0,VND/kg,Chợ Giá,-1300.0,https://chogia.vn/gia-ca-phe-dak-lak-hom-nay/
2025-12-02,Đắk Lắk,Cà phê,107000.0,VND/kg,Chợ Giá,-4000.0,https://chogia.vn/gia-ca-phe-dak-lak-hom-nay/
2025-12-03,Đắk Lắk,Cà phê,105500.0,VND/kg,Chợ Giá,-1500.0,https://chogia.vn/gia-ca-phe-dak-lak-hom-nay/
2025-12-04,Đắk Lắk,Cà phê,103600.0,VND/kg,Chợ Giá,-1900.0,https://chogia.vn/gia-ca-phe-dak-lak-hom-nay/
2025-12-05,Đắk Lắk,Cà phê,104000.0,VND/kg,Chợ Giá,400.0,https://chogia.vn/gia-ca-phe-dak-lak-hom-nay/
2025-12-06,Đắk Lắk,Cà phê,103000.0,VND/kg,Chợ Giá,-1000.0,https://chogia.vn/gia-ca-phe-dak-lak-hom-nay/
2025-12-07,Đắk Lắk,Cà phê,103000.0,VND/kg,Chợ Giá,-1000.0,https://chogia.vn/gia-ca-phe-dak-lak-hom-nay/
2025-12-08,Đắk Lắk,Cà phê,103200.0,VND/kg,Chợ Giá,200.0,https://chogia.vn/gia-ca-phe-dak-lak-hom-nay/
2025-12-09,Đắk Lắk,Cà phê,101100.0,VND/kg,Chợ Giá,-2100.0,https://chogia.vn/gia-ca-phe-dak-lak-hom-nay/
2025-12-10,Đắk Lắk,Cà phê,101300.0,VND/kg,Chợ Giá,200.0,https://chogia.vn/gia-ca-phe-dak-lak-hom-nay/
2025-12-11,Đắk Lắk,Cà phê,101800.0,VND/kg,Chợ Giá,500.0,https://chogia.vn/gia-ca-phe-dak-lak-hom-nay/
2025-12-12,Đắk Lắk,Cà phê,101000.0,VND/kg,Chợ Giá,-800.0,https://chogia.vn/gia-ca-phe-dak-lak-hom-nay/
2025-12-13,Đắk Lắk,Cà phê,99200.0,VND/kg,Chợ Giá,-1800.0,https://chogia.vn/gia-ca-phe-dak-lak-hom-nay/
2025-12-14,Đắk Lắk,Cà phê,99200.0,VND/kg,Chợ Giá,-1800.0,https://chogia.vn/gia-ca-phe-dak-lak-hom-nay/
2025-12-15,Đắk Lắk,Cà phê,97300.0,VND/kg,Chợ Giá,-1900.0,https://chogia.vn/gia-ca-phe-dak-lak-hom-nay/
2025-12-16,Đắk Lắk,Cà phê,95300.0,VND/kg,Chợ Giá,-2000.0,https://chogia.vn/gia-ca-phe-dak-lak-hom-nay/
2025-12-17,Đắk Lắk,Cà phê,93300.0,VND/kg,Chợ Giá,-2000.0,https://chogia.vn/gia-ca-phe-dak-lak-hom-nay/
2025-12-18,Đắk Lắk,Cà phê,89800.0,VND/kg,Chợ Giá,-3500.0,https://chogia.vn/gia-ca-phe-dak-lak-hom-nay/
2025-12-19,Đắk Lắk,Cà phê,89300.0,VND/kg,Chợ Giá,-500.0,https://chogia.vn/gia-ca-phe-dak-lak-hom-nay/
2025-12-20,Đắk Lắk,Cà phê,90300.0,VND/kg,Chợ Giá,1000.0,https://chogia.vn/gia-ca-phe-dak-lak-hom-nay/
2025-12-21,Đắk Lắk,Cà phê,90300.0,VND/kg,Chợ Giá,1000.0,https://chogia.vn/gia-ca-phe-dak-lak-hom-nay/
2025-12-22,Đắk Lắk,Cà phê,91500.0,VND/kg,Chợ Giá,1200.0,https://chogia.vn/gia-ca-phe-dak-lak-hom-nay/
2025-12-23,Đắk Lắk,Cà phê,92500.0,VND/kg,Chợ Giá,1000.0,https://chogia.vn/gia-ca-phe-dak-lak-hom-nay/
2025-12-24,Đắk Lắk,Cà phê,95000.0,VND/kg,Chợ Giá,2500.0,https://chogia.vn/gia-ca-phe-dak-lak-hom-nay/
2025-12-25,Đắk Lắk,Cà phê,96700.0,VND/kg,Chợ Giá,1700.0,https://chogia.vn/gia-ca-phe-dak-lak-hom-nay/
2025-12-26,Đắk Lắk,Cà phê,96700.0,VND/kg,Chợ Giá,0.0,https://chogia.vn/gia-ca-phe-dak-lak-hom-nay/
2025-12-27,Đắk Lắk,Cà phê,98000.0,VND/kg,Chợ Giá,1300.0,https://chogia.vn/gia-ca-phe-dak-lak-hom-nay/
2025-12-28,Đắk Lắk,Cà phê,98000.0,VND/kg,Chợ Giá,1300.0,https://chogia.vn/gia-ca-phe-dak-lak-hom-nay/
2025-12-29,Đắk Lắk,Cà phê,96500.0,VND/kg,Chợ Giá,-1500.0,https://chogia.vn/gia-ca-phe-dak-lak-hom-nay/
2025-12-30,Đắk Lắk,Cà phê,97300.0,VND/kg,Chợ Giá,800.0,https://chogia.vn/gia-ca-phe-dak-lak-hom-nay/
2025-12-31,Đắk Lắk,Cà phê,98000.0,VND/kg,Chợ Giá,700.0,https://chogia.vn/gia-ca-phe-dak-lak-hom-nay/
2026-01-01,Đắk Lắk,Cà phê,98300.0,VND/kg,Chợ Giá,300.0,https://chogia.vn/gia-ca-phe-dak-lak-hom-nay/
2026-01-02,Đắk Lắk,Cà phê,98500.0,VND/kg,Chợ Giá,200.0,https://chogia.vn/gia-ca-phe-dak-lak-hom-nay/
2026-01-03,Đắk Lắk,Cà phê,98500.0,VND/kg,Chợ Giá,0.0,https://chogia.vn/gia-ca-phe-dak-lak-hom-nay/
2026-01-04,Đắk Lắk,Cà phê,98500.0,VND/kg,Chợ Giá,0.0,https://chogia.vn/gia-ca-phe-dak-lak-hom-nay/
2026-01-05,Đắk Lắk,Cà phê,98500.0,VND/kg,Chợ Giá,0.0,https://chogia.vn/gia-ca-phe-dak-lak-hom-nay/
2026-01-06,Đắk Lắk,Cà phê,98000.0,VND/kg,Chợ Giá,-500.0,https://chogia.vn/gia-ca-phe-dak-lak-hom-nay/
2026-01-07,Đắk Lắk,Cà phê,99000.0,VND/kg,Chợ Giá,1000.0,https://chogia.vn/gia-ca-phe-dak-lak-hom-nay/
2026-01-08,Đắk Lắk,Cà phê,98000.0,VND/kg,Chợ Giá,-1000.0,https://chogia.vn/gia-ca-phe-dak-lak-hom-nay/
2026-01-09,Đắk Lắk,Cà phê,97800.0,VND/kg,Chợ Giá,-200.0,https://chogia.vn/gia-ca-phe-dak-lak-hom-nay/
2026-01-10,Đắk Lắk,Cà phê,97500.0,VND/kg,Chợ Giá,-300.0,https://chogia.vn/gia-ca-phe-dak-lak-hom-nay/
2026-01-11,Đắk Lắk,Cà phê,97500.0,VND/kg,Chợ Giá,-300.0,https://chogia.vn/gia-ca-phe-dak-lak-hom-nay/
2026-01-12,Đắk Lắk,Cà phê,97500.0,VND/kg,Chợ Giá,0.0,https://chogia.vn/gia-ca-phe-dak-lak-hom-nay/
2026-01-13,Đắk Lắk,Cà phê,97500.0,VND/kg,Chợ Giá,0.0,https://chogia.vn/gia-ca-phe-dak-lak-hom-nay/
2026-01-14,Đắk Lắk,Cà phê,98400.0,VND/kg,Chợ Giá,900.0,https://chogia.vn/gia-ca-phe-dak-lak-hom-nay/
2026-01-15,Đắk Lắk,Cà phê,98500.0,VND/kg,Chợ Giá,100.0,https://chogia.vn/gia-ca-phe-dak-lak-hom-nay/
2026-01-16,Đắk Lắk,Cà phê,99000.0,VND/kg,Chợ Giá,500.0,https://chogia.vn/gia-ca-phe-dak-lak-hom-nay/
2026-01-17,Đắk Lắk,Cà phê,99000.0,VND/kg,Chợ Giá,0.0,https://chogia.vn/gia-ca-phe-dak-lak-hom-nay/
2026-01-18,Đắk Lắk,Cà phê,99000.0,VND/kg,Chợ Giá,0.0,https://chogia.vn/gia-ca-phe-dak-lak-hom-nay/
2026-01-19,Đắk Lắk,Cà phê,99000.0,VND/kg,Chợ Giá,0.0,https://chogia.vn/gia-ca-phe-dak-lak-hom-nay/
2026-01-20,Đắk Lắk,Cà phê,99600.0,VND/kg,Chợ Giá,600.0,https://chogia.vn/gia-ca-phe-dak-lak-hom-nay/
2026-01-21,Đắk Lắk,Cà phê,98200.0,VND/kg,Chợ Giá,-1400.0,https://chogia.vn/gia-ca-phe-dak-lak-hom-nay/
2026-01-22,Đắk Lắk,Cà phê,100000.0,VND/kg,Chợ Giá,1800.0,https://chogia.vn/gia-ca-phe-dak-lak-hom-nay/
2026-01-23,Đắk Lắk,Cà phê,99200.0,VND/kg,Chợ Giá,-800.0,https://chogia.vn/gia-ca-phe-dak-lak-hom-nay/
2026-01-24,Đắk Lắk,Cà phê,101000.0,VND/kg,Chợ Giá,1800.0,https://chogia.vn/gia-ca-phe-dak-lak-hom-nay/
2026-01-25,Đắk Lắk,Cà phê,101000.0,VND/kg,Chợ Giá,1800.0,https://chogia.vn/gia-ca-phe-dak-lak-hom-nay/
2026-01-26,Đắk Lắk,Cà phê,101000.0,VND/kg,Chợ Giá,0.0,https://chogia.vn/gia-ca-phe-dak-lak-hom-nay/
2026-01-27,Đắk Lắk,Cà phê,101600.0,VND/kg,Chợ Giá,600.0,https://chogia.vn/gia-ca-phe-dak-lak-hom-nay/
2026-01-28,Đắk Lắk,Cà phê,102300.0,VND/kg,Chợ Giá,700.0,https://chogia.vn/gia-ca-phe-dak-lak-hom-nay/
2026-01-29,Đắk Lắk,Cà phê,101300.0,VND/kg,Chợ Giá,-1000.0,https://chogia.vn/gia-ca-phe-dak-lak-hom-nay/
2026-01-30,Đắk Lắk,Cà phê,101800.0,VND/kg,Chợ Giá,500.0,https://chogia.vn/gia-ca-phe-dak-lak-hom-nay/
2026-01-31,Đắk Lắk,Cà phê,100800.0,VND/kg,Chợ Giá,-1000.0,https://chogia.vn/gia-ca-phe-dak-lak-hom-nay/
2026-02-01,Đắk Lắk,Cà phê,100800.0,VND/kg,Chợ Giá,-1000.0,https://chogia.vn/gia-ca-phe-dak-lak-hom-nay/
2026-02-02,Đắk Lắk,Cà phê,101000.0,VND/kg,Chợ Giá,200.0,https://chogia.vn/gia-ca-phe-dak-lak-hom-nay/
2026-02-03,Đắk Lắk,Cà phê,99800.0,VND/kg,Chợ Giá,-1200.0,https://chogia.vn/gia-ca-phe-dak-lak-hom-nay/
2026-02-04,Đắk Lắk,Cà phê,95500.0,VND/kg,Chợ Giá,-4300.0,https://chogia.vn/gia-ca-phe-dak-lak-hom-nay/
2026-02-05,Đắk Lắk,Cà phê,94700.0,VND/kg,Chợ Giá,-800.0,https://chogia.vn/gia-ca-phe-dak-lak-hom-nay/
2026-02-06,Đắk Lắk,Cà phê,95800.0,VND/kg,Chợ Giá,1100.0,https://chogia.vn/gia-ca-phe-dak-lak-hom-nay/
2026-02-07,Đắk Lắk,Cà phê,94800.0,VND/kg,Chợ Giá,-1000.0,https://chogia.vn/gia-ca-phe-dak-lak-hom-nay/
2026-02-08,Đắk Lắk,Cà phê,94800.0,VND/kg,Chợ Giá,-1000.0,https://chogia.vn/gia-ca-phe-dak-lak-hom-nay/
2026-02-09,Đắk Lắk,Cà phê,95800.0,VND/kg,Chợ Giá,1000.0,https://chogia.vn/gia-ca-phe-dak-lak-hom-nay/
2026-02-10,Đắk Lắk,Cà phê,96300.0,VND/kg,Chợ Giá,500.0,https://chogia.vn/gia-ca-phe-dak-lak-hom-nay/
2026-02-11,Đắk Lắk,Cà phê,95300.0,VND/kg,Chợ Giá,-1000.0,https://chogia.vn/gia-ca-phe-dak-lak-hom-nay/
2026-02-12,Đắk Lắk,Cà phê,95500.0,VND/kg,Chợ Giá,200.0,https://chogia.vn/gia-ca-phe-dak-lak-hom-nay/
2026-02-13,Đắk Lắk,Cà phê,97500.0,VND/kg,Chợ Giá,2000.0,https://chogia.vn/gia-ca-phe-dak-lak-hom-nay/
2026-02-14,Đắk Lắk,Cà phê,97700.0,VND/kg,Chợ Giá,200.0,https://chogia.vn/gia-ca-phe-dak-lak-hom-nay/
2026-02-15,Đắk Lắk,Cà phê,97700.0,VND/kg,Chợ Giá,200.0,https://chogia.vn/gia-ca-phe-dak-lak-hom-nay/
2026-02-16,Đắk Lắk,Cà phê,97700.0,VND/kg,Chợ Giá,0.0,https://chogia.vn/gia-ca-phe-dak-lak-hom-nay/
2026-02-17,Đắk Lắk,Cà phê,97700.0,VND/kg,Chợ Giá,0.0,https://chogia.vn/gia-ca-phe-dak-lak-hom-nay/
2026-02-18,Đắk Lắk,Cà phê,97700.0,VND/kg,Chợ Giá,0.0,https://chogia.vn/gia-ca-phe-dak-lak-hom-nay/
2026-02-19,Đắk Lắk,Cà phê,97700.0,VND/kg,Chợ Giá,0.0,https://chogia.vn/gia-ca-phe-dak-lak-hom-nay/
2026-02-20,Đắk Lắk,Cà phê,97700.0,VND/kg,Chợ Giá,0.0,https://chogia.vn/gia-ca-phe-dak-lak-hom-nay/
2026-02-21,Đắk Lắk,Cà phê,97700.0,VND/kg,Chợ Giá,0.0,https://chogia.vn/gia-ca-phe-dak-lak-hom-nay/
2026-02-22,Đắk Lắk,Cà phê,97700.0,VND/kg,Chợ Giá,0.0,https://chogia.vn/gia-ca-phe-dak-lak-hom-nay/
2026-02-23,Đắk Lắk,Cà phê,93700.0,VND/kg,Chợ Giá,-4000.0,https://chogia.vn/gia-ca-phe-dak-lak-hom-nay/
2026-02-24,Đắk Lắk,Cà phê,93400.0,VND/kg,Chợ Giá,-300.0,https://chogia.vn/gia-ca-phe-dak-lak-hom-nay/
2026-02-25,Đắk Lắk,Cà phê,96000.0,VND/kg,Chợ Giá,2600.0,https://chogia.vn/gia-ca-phe-dak-lak-hom-nay/
2026-02-26,Đắk Lắk,Cà phê,97000.0,VND/kg,Chợ Giá,1000.0,https://chogia.vn/gia-ca-phe-dak-lak-hom-nay/
2026-02-27,Đắk Lắk,Cà phê,96000.0,VND/kg,Chợ Giá,-1000.0,https://chogia.vn/gia-ca-phe-dak-lak-hom-nay/
2026-02-28,Đắk Lắk,Cà phê,96000.0,VND/kg,Chợ Giá,0.0,https://chogia.vn/gia-ca-phe-dak-lak-hom-nay/
2026-03-01,Đắk Lắk,Cà phê,96000.0,VND/kg,Chợ Giá,0.0,https://chogia.vn/gia-ca-phe-dak-lak-hom-nay/
2026-03-02,Đắk Lắk,Cà phê,95500.0,VND/kg,Chợ Giá,-500.0,https://chogia.vn/gia-ca-phe-dak-lak-hom-nay/
2026-03-03,Đắk Lắk,Cà phê,96200.0,VND/kg,Chợ Giá,700.0,https://chogia.vn/gia-ca-phe-dak-lak-hom-nay/
2026-03-04,Đắk Lắk,Cà phê,94800.0,VND/kg,Chợ Giá,-1400.0,https://chogia.vn/gia-ca-phe-dak-lak-hom-nay/
2026-03-05,Đắk Lắk,Cà phê,96000.0,VND/kg,Chợ Giá,1200.0,https://chogia.vn/gia-ca-phe-dak-lak-hom-nay/
2026-03-06,Đắk Lắk,Cà phê,96000.0,VND/kg,Chợ Giá,1200.0,https://chogia.vn/gia-ca-phe-dak-lak-hom-nay/
2026-03-07,Đắk Lắk,Cà phê,96500.0,VND/kg,Chợ Giá,500.0,https://chogia.vn/gia-ca-phe-dak-lak-hom-nay/
2026-03-08,Đắk Lắk,Cà phê,96500.0,VND/kg,Chợ Giá,500.0,https://chogia.vn/gia-ca-phe-dak-lak-hom-nay/
2026-03-09,Đắk Lắk,Cà phê,96500.0,VND/kg,Chợ Giá,0.0,https://chogia.vn/gia-ca-phe-dak-lak-hom-nay/
2026-03-10,Đắk Lắk,Cà phê,96500.0,VND/kg,Chợ Giá,0.0,https://chogia.vn/gia-ca-phe-dak-lak-hom-nay/
2026-03-11,Đắk Lắk,Cà phê,95700.0,VND/kg,Chợ Giá,-800.0,https://chogia.vn/gia-ca-phe-dak-lak-hom-nay/
2026-03-12,Đắk Lắk,Cà phê,92700.0,VND/kg,Chợ Giá,-3000.0,https://chogia.vn/gia-ca-phe-dak-lak-hom-nay/
2026-03-13,Đắk Lắk,Cà phê,94000.0,VND/kg,Chợ Giá,1300.0,https://chogia.vn/gia-ca-phe-dak-lak-hom-nay/
2026-03-14,Đắk Lắk,Cà phê,90500.0,VND/kg,Chợ Giá,-3500.0,https://chogia.vn/gia-ca-phe-dak-lak-hom-nay/
2026-03-15,Đắk Lắk,Cà phê,90500.0,VND/kg,Chợ Giá,-3500.0,https://chogia.vn/gia-ca-phe-dak-lak-hom-nay/
2026-03-16,Đắk Lắk,Cà phê,90300.0,VND/kg,Chợ Giá,-200.0,https://chogia.vn/gia-ca-phe-dak-lak-hom-nay/
2026-03-17,Đắk Lắk,Cà phê,90500.0,VND/kg,Chợ Giá,200.0,https://chogia.vn/gia-ca-phe-dak-lak-hom-nay/
2026-03-18,Đắk Lắk,Cà phê,92000.0,VND/kg,Chợ Giá,1500.0,https://chogia.vn/gia-ca-phe-dak-lak-hom-nay/
2026-03-19,Đắk Lắk,Cà phê,92500.0,VND/kg,Chợ Giá,500.0,https://chogia.vn/gia-ca-phe-dak-lak-hom-nay/
2026-03-20,Đắk Lắk,Cà phê,93500.0,VND/kg,Chợ Giá,1000.0,https://chogia.vn/gia-ca-phe-dak-lak-hom-nay/
2026-03-21,Đắk Lắk,Cà phê,94000.0,VND/kg,Chợ Giá,500.0,https://chogia.vn/gia-ca-phe-dak-lak-hom-nay/
2026-03-22,Đắk Lắk,Cà phê,94000.0,VND/kg,Chợ Giá,500.0,https://chogia.vn/gia-ca-phe-dak-lak-hom-nay/
2026-03-23,Đắk Lắk,Cà phê,94000.0,VND/kg,Chợ Giá,0.0,https://chogia.vn/gia-ca-phe-dak-lak-hom-nay/
2026-03-24,Đắk Lắk,Cà phê,93500.0,VND/kg,Chợ Giá,-500.0,https://chogia.vn/gia-ca-phe-dak-lak-hom-nay/
2026-03-25,Đắk Lắk,Cà phê,94000.0,VND/kg,Chợ Giá,500.0,https://chogia.vn/gia-ca-phe-dak-lak-hom-nay/
2026-03-26,Đắk Lắk,Cà phê,93200.0,VND/kg,Chợ Giá,-800.0,https://chogia.vn/gia-ca-phe-dak-lak-hom-nay/
2026-03-27,Đắk Lắk,Cà phê,92500.0,VND/kg,Chợ Giá,-700.0,https://chogia.vn/gia-ca-phe-dak-lak-hom-nay/
2026-03-28,Đắk Lắk,Cà phê,92300.0,VND/kg,Chợ Giá,-200.0,https://chogia.vn/gia-ca-phe-dak-lak-hom-nay/
2026-03-29,Đắk Lắk,Cà phê,92300.0,VND/kg,Chợ Giá,-200.0,https://chogia.vn/gia-ca-phe-dak-lak-hom-nay/
2026-03-30,Đắk Lắk,Cà phê,92300.0,VND/kg,Chợ Giá,0.0,https://chogia.vn/gia-ca-phe-dak-lak-hom-nay/
2026-03-31,Đắk Lắk,Cà phê,87500.0,VND/kg,Chợ Giá,-4800.0,https://chogia.vn/gia-ca-phe-dak-lak-hom-nay/
2026-04-01,Đắk Lắk,Cà phê,89200.0,VND/kg,Chợ Giá,1700.0,https://chogia.vn/gia-ca-phe-dak-lak-hom-nay/
2026-04-02,Đắk Lắk,Cà phê,90000.0,VND/kg,Chợ Giá,800.0,https://chogia.vn/gia-ca-phe-dak-lak-hom-nay/
2026-04-03,Đắk Lắk,Cà phê,89200.0,VND/kg,Chợ Giá,-800.0,https://chogia.vn/gia-ca-phe-dak-lak-hom-nay/
2026-04-04,Đắk Lắk,Cà phê,89200.0,VND/kg,Chợ Giá,-800.0,https://chogia.vn/gia-ca-phe-dak-lak-hom-nay/
2026-04-05,Đắk Lắk,Cà phê,89200.0,VND/kg,Chợ Giá,-800.0,https://chogia.vn/gia-ca-phe-dak-lak-hom-nay/
2026-04-06,Đắk Lắk,Cà phê,89200.0,VND/kg,Chợ Giá,0.0,https://chogia.vn/gia-ca-phe-dak-lak-hom-nay/
2026-04-07,Đắk Lắk,Cà phê,89200.0,VND/kg,Chợ Giá,0.0,https://chogia.vn/gia-ca-phe-dak-lak-hom-nay/
2026-04-08,Đắk Lắk,Cà phê,85200.0,VND/kg,Chợ Giá,-4000.0,https://chogia.vn/gia-ca-phe-dak-lak-hom-nay/
2026-04-09,Đắk Lắk,Cà phê,85800.0,VND/kg,Chợ Giá,600.0,https://chogia.vn/gia-ca-phe-dak-lak-hom-nay/
2026-04-10,Đắk Lắk,Cà phê,85500.0,VND/kg,Chợ Giá,-300.0,https://chogia.vn/gia-ca-phe-dak-lak-hom-nay/
2026-04-11,Đắk Lắk,Cà phê,85700.0,VND/kg,Chợ Giá,200.0,https://chogia.vn/gia-ca-phe-dak-lak-hom-nay/
2026-04-12,Đắk Lắk,Cà phê,85700.0,VND/kg,Chợ Giá,200.0,https://chogia.vn/gia-ca-phe-dak-lak-hom-nay/
2026-04-13,Đắk Lắk,Cà phê,86000.0,VND/kg,Chợ Giá,300.0,https://chogia.vn/gia-ca-phe-dak-lak-hom-nay/
2026-04-14,Đắk Lắk,Cà phê,86500.0,VND/kg,Chợ Giá,500.0,https://chogia.vn/gia-ca-phe-dak-lak-hom-nay/
2026-04-15,Đắk Lắk,Cà phê,87100.0,VND/kg,Chợ Giá,600.0,https://chogia.vn/gia-ca-phe-dak-lak-hom-nay/
2026-04-16,Đắk Lắk,Cà phê,88300.0,VND/kg,Chợ Giá,1200.0,https://chogia.vn/gia-ca-phe-dak-lak-hom-nay/
2026-04-17,Đắk Lắk,Cà phê,87000.0,VND/kg,Chợ Giá,-1300.0,https://chogia.vn/gia-ca-phe-dak-lak-hom-nay/
2026-04-18,Đắk Lắk,Cà phê,85000.0,VND/kg,Chợ Giá,-2000.0,https://chogia.vn/gia-ca-phe-dak-lak-hom-nay/
2026-04-19,Đắk Lắk,Cà phê,85000.0,VND/kg,Chợ Giá,-2000.0,https://chogia.vn/gia-ca-phe-dak-lak-hom-nay/
2026-04-20,Đắk Lắk,Cà phê,85300.0,VND/kg,Chợ Giá,300.0,https://chogia.vn/gia-ca-phe-dak-lak-hom-nay/
2026-04-21,Đắk Lắk,Cà phê,87300.0,VND/kg,Chợ Giá,2000.0,https://chogia.vn/gia-ca-phe-dak-lak-hom-nay/
2026-04-22,Đắk Lắk,Cà phê,86800.0,VND/kg,Chợ Giá,-500.0,https://chogia.vn/gia-ca-phe-dak-lak-hom-nay/
2026-04-23,Đắk Lắk,Cà phê,87800.0,VND/kg,Chợ Giá,1000.0,https://chogia.vn/gia-ca-phe-dak-lak-hom-nay/
2026-04-24,Đắk Lắk,Cà phê,89300.0,VND/kg,Chợ Giá,1500.0,https://chogia.vn/gia-ca-phe-dak-lak-hom-nay/
2026-04-25,Đắk Lắk,Cà phê,88000.0,VND/kg,Chợ Giá,-1300.0,https://chogia.vn/gia-ca-phe-dak-lak-hom-nay/
2026-04-26,Đắk Lắk,Cà phê,88000.0,VND/kg,Chợ Giá,-1300.0,https://chogia.vn/gia-ca-phe-dak-lak-hom-nay/
2026-04-27,Đắk Lắk,Cà phê,88000.0,VND/kg,Chợ Giá,0.0,https://chogia.vn/gia-ca-phe-dak-lak-hom-nay/
2026-04-28,Đắk Lắk,Cà phê,87000.0,VND/kg,Chợ Giá,-1000.0,https://chogia.vn/gia-ca-phe-dak-lak-hom-nay/
2026-04-29,Đắk Lắk,Cà phê,88600.0,VND/kg,Chợ Giá,1600.0,https://chogia.vn/gia-ca-phe-dak-lak-hom-nay/
2026-04-30,Đắk Lắk,Cà phê,87600.0,VND/kg,Chợ Giá,-1000.0,https://chogia.vn/gia-ca-phe-dak-lak-hom-nay/
2026-05-01,Đắk Lắk,Cà phê,86400.0,VND/kg,Chợ Giá,-1200.0,https://chogia.vn/gia-ca-phe-dak-lak-hom-nay/
2026-05-02,Đắk Lắk,Cà phê,86500.0,VND/kg,Chợ Giá,100.0,https://chogia.vn/gia-ca-phe-dak-lak-hom-nay/
2026-05-03,Đắk Lắk,Cà phê,86500.0,VND/kg,Chợ Giá,100.0,https://chogia.vn/gia-ca-phe-dak-lak-hom-nay/
2026-05-04,Đắk Lắk,Cà phê,85600.0,VND/kg,Chợ Giá,-900.0,https://chogia.vn/gia-ca-phe-dak-lak-hom-nay/
2026-05-05,Đắk Lắk,Cà phê,85600.0,VND/kg,Chợ Giá,0.0,https://chogia.vn/gia-ca-phe-dak-lak-hom-nay/
2026-05-06,Đắk Lắk,Cà phê,86000.0,VND/kg,Chợ Giá,400.0,https://chogia.vn/gia-ca-phe-dak-lak-hom-nay/
2026-05-07,Đắk Lắk,Cà phê,87000.0,VND/kg,Chợ Giá,1000.0,https://chogia.vn/gia-ca-phe-dak-lak-hom-nay/
2026-05-08,Đắk Lắk,Cà phê,87500.0,VND/kg,Chợ Giá,500.0,https://chogia.vn/gia-ca-phe-dak-lak-hom-nay/
2026-05-09,Đắk Lắk,Cà phê,87100.0,VND/kg,Chợ Giá,-400.0,https://chogia.vn/gia-ca-phe-dak-lak-hom-nay/
2026-05-10,Đắk Lắk,Cà phê,87100.0,VND/kg,Chợ Giá,-400.0,https://chogia.vn/gia-ca-phe-dak-lak-hom-nay/
2026-05-11,Đắk Lắk,Cà phê,87000.0,VND/kg,Chợ Giá,-100.0,https://chogia.vn/gia-ca-phe-dak-lak-hom-nay/
2026-05-12,Đắk Lắk,Cà phê,88000.0,VND/kg,Chợ Giá,1000.0,https://chogia.vn/gia-ca-phe-dak-lak-hom-nay/
2026-05-13,Đắk Lắk,Cà phê,87900.0,VND/kg,Chợ Giá,-100.0,https://chogia.vn/gia-ca-phe-dak-lak-hom-nay/
2026-05-14,Đắk Lắk,Cà phê,88900.0,VND/kg,Chợ Giá,1000.0,https://chogia.vn/gia-ca-phe-dak-lak-hom-nay/
2026-05-15,Đắk Lắk,Cà phê,87700.0,VND/kg,Chợ Giá,-1200.0,https://chogia.vn/gia-ca-phe-dak-lak-hom-nay/
2026-05-16,Đắk Lắk,Cà phê,87700.0,VND/kg,Chợ Giá,-1200.0,https://chogia.vn/gia-ca-phe-dak-lak-hom-nay/
2026-05-17,Đắk Lắk,Cà phê,87700.0,VND/kg,Chợ Giá,-1200.0,https://chogia.vn/gia-ca-phe-dak-lak-hom-nay/
2026-05-18,Đắk Lắk,Cà phê,87000.0,VND/kg,Chợ Giá,-700.0,https://chogia.vn/gia-ca-phe-dak-lak-hom-nay/
2026-05-19,Đắk Lắk,Cà phê,85300.0,VND/kg,Chợ Giá,-1700.0,https://chogia.vn/gia-ca-phe-dak-lak-hom-nay/
2026-05-20,Đắk Lắk,Cà phê,86100.0,VND/kg,Chợ Giá,800.0,https://chogia.vn/gia-ca-phe-dak-lak-hom-nay/
2026-05-21,Đắk Lắk,Cà phê,86000.0,VND/kg,Chợ Giá,-100.0,https://chogia.vn/gia-ca-phe-dak-lak-hom-nay/
2026-05-22,Đắk Lắk,Cà phê,86700.0,VND/kg,Chợ Giá,700.0,https://chogia.vn/gia-ca-phe-dak-lak-hom-nay/
2026-05-23,Đắk Lắk,Cà phê,88000.0,VND/kg,Chợ Giá,1300.0,https://chogia.vn/gia-ca-phe-dak-lak-hom-nay/
2026-05-24,Đắk Lắk,Cà phê,88000.0,VND/kg,Chợ Giá,1300.0,https://chogia.vn/gia-ca-phe-dak-lak-hom-nay/
2026-05-25,Đắk Lắk,Cà phê,87600.0,VND/kg,Chợ Giá,-400.0,https://chogia.vn/gia-ca-phe-dak-lak-hom-nay/
2026-05-26,Đắk Lắk,Cà phê,87800.0,VND/kg,Chợ Giá,200.0,https://chogia.vn/gia-ca-phe-dak-lak-hom-nay/
2026-05-27,Đắk Lắk,Cà phê,88500.0,VND/kg,Chợ Giá,700.0,https://chogia.vn/gia-ca-phe-dak-lak-hom-nay/
2026-05-28,Đắk Lắk,Cà phê,87700.0,VND/kg,Chợ Giá,-800.0,https://chogia.vn/gia-ca-phe-dak-lak-hom-nay/
2026-05-29,Đắk Lắk,Cà phê,89100.0,VND/kg,Chợ Giá,1400.0,https://chogia.vn/gia-ca-phe-dak-lak-hom-nay/
2026-05-30,Đắk Lắk,Cà phê,87300.0,VND/kg,Chợ Giá,-1800.0,https://chogia.vn/gia-ca-phe-dak-lak-hom-nay/
2026-05-31,Đắk Lắk,Cà phê,87300.0,VND/kg,Chợ Giá,-1800.0,https://chogia.vn/gia-ca-phe-dak-lak-hom-nay/
2026-06-01,Đắk Lắk,Cà phê,87300.0,VND/kg,Chợ Giá,0.0,https://chogia.vn/gia-ca-phe-dak-lak-hom-nay/
2026-06-02,Đắk Lắk,Cà phê,86700.0,VND/kg,Chợ Giá,-600.0,https://chogia.vn/gia-ca-phe-dak-lak-hom-nay/
2026-06-03,Đắk Lắk,Cà phê,87200.0,VND/kg,Chợ Giá,500.0,https://chogia.vn/gia-ca-phe-dak-lak-hom-nay/
2026-06-04,Đắk Lắk,Cà phê,86000.0,VND/kg,Chợ Giá,-1200.0,https://chogia.vn/gia-ca-phe-dak-lak-hom-nay/
2026-06-05,Đắk Lắk,Cà phê,85800.0,VND/kg,Chợ Giá,-200.0,https://chogia.vn/gia-ca-phe-dak-lak-hom-nay/
2026-06-06,Đắk Lắk,Cà phê,85200.0,VND/kg,Chợ Giá,-600.0,https://chogia.vn/gia-ca-phe-dak-lak-hom-nay/
2026-06-07,Đắk Lắk,Cà phê,85200.0,VND/kg,Chợ Giá,-600.0,https://chogia.vn/gia-ca-phe-dak-lak-hom-nay/
2026-06-08,Đắk Lắk,Cà phê,85100.0,VND/kg,Chợ Giá,-100.0,https://chogia.vn/gia-ca-phe-dak-lak-hom-nay/
2026-06-09,Đắk Lắk,Cà phê,85500.0,VND/kg,Chợ Giá,400.0,https://chogia.vn/gia-ca-phe-dak-lak-hom-nay/
2026-06-10,Đắk Lắk,Cà phê,84800.0,VND/kg,Chợ Giá,-700.0,https://chogia.vn/gia-ca-phe-dak-lak-hom-nay/
2026-06-11,Đắk Lắk,Cà phê,85300.0,VND/kg,Chợ Giá,500.0,https://chogia.vn/gia-ca-phe-dak-lak-hom-nay/
2026-06-12,Đắk Lắk,Cà phê,87500.0,VND/kg,Chợ Giá,2200.0,https://chogia.vn/gia-ca-phe-dak-lak-hom-nay/
2026-06-13,Đắk Lắk,Cà phê,89500.0,VND/kg,Chợ Giá,2000.0,https://chogia.vn/gia-ca-phe-dak-lak-hom-nay/
2026-06-14,Đắk Lắk,Cà phê,89500.0,VND/kg,Chợ Giá,2000.0,https://chogia.vn/gia-ca-phe-dak-lak-hom-nay/
2026-06-15,Đắk Lắk,Cà phê,89500.0,VND/kg,Chợ Giá,0.0,https://chogia.vn/gia-ca-phe-dak-lak-hom-nay/
2026-06-16,Đắk Lắk,Cà phê,89300.0,VND/kg,Chợ Giá,-200.0,https://chogia.vn/gia-ca-phe-dak-lak-hom-nay/
2026-06-17,Đắk Lắk,Cà phê,89300.0,VND/kg,Chợ Giá,0.0,https://chogia.vn/gia-ca-phe-dak-lak-hom-nay/
2026-06-18,Đắk Lắk,Cà phê,89600.0,VND/kg,Chợ Giá,300.0,https://chogia.vn/gia-ca-phe-dak-lak-hom-nay/
2026-06-19,Đắk Lắk,Cà phê,89900.0,VND/kg,Chợ Giá,300.0,https://chogia.vn/gia-ca-phe-dak-lak-hom-nay/
2026-06-20,Đắk Lắk,Cà phê,89200.0,VND/kg,Chợ Giá,-700.0,https://chogia.vn/gia-ca-phe-dak-lak-hom-nay/
2026-06-21,Đắk Lắk,Cà phê,89200.0,VND/kg,Chợ Giá,-700.0,https://chogia.vn/gia-ca-phe-dak-lak-hom-nay/
2026-06-22,Đắk Lắk,Cà phê,89300.0,VND/kg,Chợ Giá,100.0,https://chogia.vn/gia-ca-phe-dak-lak-hom-nay/
2026-06-23,Đắk Lắk,Cà phê,88500.0,VND/kg,Chợ Giá,-800.0,https://chogia.vn/gia-ca-phe-dak-lak-hom-nay/
2026-06-24,Đắk Lắk,Cà phê,88700.0,VND/kg,Chợ Giá,200.0,https://chogia.vn/gia-ca-phe-dak-lak-hom-nay/
2026-06-25,Đắk Lắk,Cà phê,89400.0,VND/kg,Chợ Giá,700.0,https://chogia.vn/gia-ca-phe-dak-lak-hom-nay/
2026-06-26,Đắk Lắk,Cà phê,90400.0,VND/kg,Chợ Giá,1000.0,https://chogia.vn/gia-ca-phe-dak-lak-hom-nay/
2026-06-27,Đắk Lắk,Cà phê,89800.0,VND/kg,Chợ Giá,-600.0,https://chogia.vn/gia-ca-phe-dak-lak-hom-nay/
2026-06-28,Đắk Lắk,Cà phê,89800.0,VND/kg,Chợ Giá,-600.0,https://chogia.vn/gia-ca-phe-dak-lak-hom-nay/
2026-06-29,Đắk Lắk,Cà phê,89800.0,VND/kg,Chợ Giá,0.0,https://chogia.vn/gia-ca-phe-dak-lak-hom-nay/
2026-06-30,Đắk Lắk,Cà phê,89200.0,VND/kg,Chợ Giá,-600.0,https://chogia.vn/gia-ca-phe-dak-lak-hom-nay/
2026-07-01,Đắk Lắk,Cà phê,90400.0,VND/kg,Chợ Giá,1200.0,https://chogia.vn/gia-ca-phe-dak-lak-hom-nay/
2026-07-02,Đắk Lắk,Cà phê,92000.0,VND/kg,Chợ Giá,1600.0,https://chogia.vn/gia-ca-phe-dak-lak-hom-nay/
2026-07-03,Đắk Lắk,Cà phê,93000.0,VND/kg,Chợ Giá,1000.0,https://chogia.vn/gia-ca-phe-dak-lak-hom-nay/
2026-07-04,Đắk Lắk,Cà phê,92800.0,VND/kg,Chợ Giá,-200.0,https://chogia.vn/gia-ca-phe-dak-lak-hom-nay/
2026-07-05,Đắk Lắk,Cà phê,92800.0,VND/kg,Chợ Giá,-200.0,https://chogia.vn/gia-ca-phe-dak-lak-hom-nay/
2026-07-06,Đắk Lắk,Cà phê,92800.0,VND/kg,Chợ Giá,0.0,https://chogia.vn/gia-ca-phe-dak-lak-hom-nay/
2026-07-07,Đắk Lắk,Cà phê,96700.0,VND/kg,Chợ Giá,3900.0,https://chogia.vn/gia-ca-phe-dak-lak-hom-nay/
2026-07-08,Đắk Lắk,Cà phê,94700.0,VND/kg,Chợ Giá,-2000.0,https://chogia.vn/gia-ca-phe-dak-lak-hom-nay/
2026-07-09,Đắk Lắk,Cà phê,92200.0,VND/kg,Chợ Giá,-2500.0,https://chogia.vn/gia-ca-phe-dak-lak-hom-nay/
2026-07-10,Đắk Lắk,Cà phê,98200.0,VND/kg,Chợ Giá,6000.0,https://chogia.vn/gia-ca-phe-dak-lak-hom-nay/
2026-07-11,Đắk Lắk,Cà phê,95200.0,VND/kg,Chợ Giá,-3000.0,https://chogia.vn/gia-ca-phe-dak-lak-hom-nay/
2026-07-12,Đắk Lắk,Cà phê,95200.0,VND/kg,Chợ Giá,-3000.0,https://chogia.vn/gia-ca-phe-dak-lak-hom-nay/
2026-07-13,Đắk Lắk,Cà phê,95200.0,VND/kg,Chợ Giá,0.0,https://chogia.vn/gia-ca-phe-dak-lak-hom-nay/
2026-07-14,Đắk Lắk,Cà phê,96000.0,VND/kg,Chợ Giá,-200.0,https://chogia.vn/gia-ca-phe-dak-lak-hom-nay/
2026-07-15,Đắk Lắk,Cà phê,97200.0,VND/kg,Chợ Giá,1200.0,https://chogia.vn/gia-ca-phe-dak-lak-hom-nay/
2026-07-16,Đắk Lắk,Cà phê,98400.0,VND/kg,Chợ Giá,1200.0,https://chogia.vn/gia-ca-phe-dak-lak-hom-nay/
2026-07-17,Đắk Lắk,Cà phê,96200.0,VND/kg,Chợ Giá,-2200.0,https://chogia.vn/gia-ca-phe-dak-lak-hom-nay/
2026-07-18,Đắk Lắk,Cà phê,97700.0,VND/kg,Chợ Giá,1500.0,https://chogia.vn/gia-ca-phe-dak-lak-hom-nay/
2026-07-19,Đắk Lắk,Cà phê,97700.0,VND/kg,Chợ Giá,1500.0,https://chogia.vn/gia-ca-phe-dak-lak-hom-nay/
2026-07-20,Đắk Lắk,Cà phê,98000.0,VND/kg,Chợ Giá,300.0,https://chogia.vn/gia-ca-phe-dak-lak-hom-nay/
2026-07-21,Đắk Lắk,Cà phê,98500.0,VND/kg,Chợ Giá,500.0,https://chogia.vn/gia-ca-phe-dak-lak-hom-nay/
2026-07-22,Đắk Lắk,Cà phê,96600.0,VND/kg,Chợ Giá,-1900.0,https://chogia.vn/gia-ca-phe-dak-lak-hom-nay/
2026-07-23,Đắk Lắk,Cà phê,96400.0,VND/kg,Chợ Giá,-200.0,https://chogia.vn/gia-ca-phe-dak-lak-hom-nay/
2026-07-24,Đắk Lắk,Cà phê,94600.0,VND/kg,Chợ Giá,-1800.0,https://chogia.vn/gia-ca-phe-dak-lak-hom-nay/
2026-07-25,Đắk Lắk,Cà phê,95800.0,VND/kg,Chợ Giá,1200.0,https://chogia.vn/gia-ca-phe-dak-lak-hom-nay/
2026-07-26,Đắk Lắk,Cà phê,95800.0,VND/kg,Chợ Giá,1200.0,https://chogia.vn/gia-ca-phe-dak-lak-hom-nay/
2026-07-27,Đắk Lắk,Cà phê,96000.0,VND/kg,Chợ Giá,200.0,https://chogia.vn/gia-ca-phe-dak-lak-hom-nay/
2026-07-28,Đắk Lắk,Cà phê,96500.0,VND/kg,Chợ Giá,500.0,https://chogia.vn/gia-ca-phe-dak-lak-hom-nay/
2026-07-29,Đắk Lắk,Cà phê,98300.0,VND/kg,Chợ Giá,1800.0,https://chogia.vn/gia-ca-phe-dak-lak-hom-nay/
2026-07-30,Đắk Lắk,Cà phê,96500.0,VND/kg,Chợ Giá,-1800.0,https://chogia.vn/gia-ca-phe-dak-lak-hom-nay/
2026-07-31,Đắk Lắk,Cà phê,96500.0,VND/kg,Chợ Giá,-1800.0,https://chogia.vn/gia-ca-phe-dak-lak-hom-nay/
2026-08-01,Đắk Lắk,Cà phê,96700.0,VND/kg,Chợ Giá,200.0,https://chogia.vn/gia-ca-phe-dak-lak-hom-nay/
2026-08-02,Đắk Lắk,Cà phê,96700.0,VND/kg,Chợ Giá,200.0,https://chogia.vn/gia-ca-phe-dak-lak-hom-nay/
2026-08-03,Đắk Lắk,Cà phê,96500.0,VND/kg,Chợ Giá,-200.0,https://chogia.vn/gia-ca-phe-dak-lak-hom-nay/
2026-08-04,Đắk Lắk,Cà phê,96500.0,VND/kg,Chợ Giá,0.0,https://chogia.vn/gia-ca-phe-dak-lak-hom-nay/
2026-08-05,Đắk Lắk,Cà phê,98300.0,VND/kg,Chợ Giá,1800.0,https://chogia.vn/gia-ca-phe-dak-lak-hom-nay/
2026-08-06,Đắk Lắk,Cà phê,98800.0,VND/kg,Chợ Giá,500.0,https://chogia.vn/gia-ca-phe-dak-lak-hom-nay/
2026-08-07,Đắk Lắk,Cà phê,98800.0,VND/kg,Chợ Giá,0.0,https://chogia.vn/gia-ca-phe-dak-lak-hom-nay/
2026-08-08,Đắk Lắk,Cà phê,98800.0,VND/kg,Chợ Giá,0.0,https://chogia.vn/gia-ca-phe-dak-lak-hom-nay/
2026-08-09,Đắk Lắk,Cà phê,98800.0,VND/kg,Chợ Giá,0.0,https://chogia.vn/gia-ca-phe-dak-lak-hom-nay/
2026-08-10,Đắk Lắk,Cà phê,98800.0,VND/kg,Chợ Giá,0.0,https://chogia.vn/gia-ca-phe-dak-lak-hom-nay/
2026-08-11,Đắk Lắk,Cà phê,98800.0,VND/kg,Chợ Giá,0.0,https://chogia.vn/gia-ca-phe-dak-lak-hom-nay/
2026-08-12,Đắk Lắk,Cà phê,98800.0,VND/kg,Chợ Giá,0.0,https://chogia.vn/gia-ca-phe-dak-lak-hom-nay/
2026-08-13,Đắk Lắk,Cà phê,98800.0,VND/kg,Chợ Giá,0.0,https://chogia.vn/gia-ca-phe-dak-lak-hom-nay/
2026-08-14,Đắk Lắk,Cà phê,98800.0,VND/kg,Chợ Giá,0.0,https://chogia.vn/gia-ca-phe-dak-lak-hom-nay/
2026-08-15,Đắk Lắk,Cà phê,94700.0,VND/kg,Chợ Giá,-600.0,https://chogia.vn/gia-ca-phe-dak-lak-hom-nay/
2026-08-16,Đắk Lắk,Cà phê,94700.0,VND/kg,Chợ Giá,-600.0,https://chogia.vn/gia-ca-phe-dak-lak-hom-nay/
2026-08-17,Đắk Lắk,Cà phê,95000.0,VND/kg,Chợ Giá,300.0,https://chogia.vn/gia-ca-phe-dak-lak-hom-nay/
2026-08-18,Đắk Lắk,Cà phê,96800.0,VND/kg,Chợ Giá,1800.0,https://chogia.vn/gia-ca-phe-dak-lak-hom-nay/
2026-08-19,Đắk Lắk,Cà phê,98300.0,VND/kg,Chợ Giá,1500.0,https://chogia.vn/gia-ca-phe-dak-lak-hom-nay/
2026-08-20,Đắk Lắk,Cà phê,97700.0,VND/kg,Chợ Giá,-600.0,https://chogia.vn/gia-ca-phe-dak-lak-hom-nay/
2026-08-21,Đắk Lắk,Cà phê,97900.0,VND/kg,Chợ Giá,200.0,https://chogia.vn/gia-ca-phe-dak-lak-hom-nay/
2026-08-22,Đắk Lắk,Cà phê,96200.0,VND/kg,Chợ Giá,-1700.0,https://chogia.vn/gia-ca-phe-dak-lak-hom-nay/
2026-08-23,Đắk Lắk,Cà phê,96200.0,VND/kg,Chợ Giá,-1700.0,https://chogia.vn/gia-ca-phe-dak-lak-hom-nay/
2026-08-24,Đắk Lắk,Cà phê,96500.0,VND/kg,Chợ Giá,300.0,https://chogia.vn/gia-ca-phe-dak-lak-hom-nay/
2026-08-25,Đắk Lắk,Cà phê,97500.0,VND/kg,Chợ Giá,1000.0,https://chogia.vn/gia-ca-phe-dak-lak-hom-nay/
2026-08-26,Đắk Lắk,Cà phê,97000.0,VND/kg,Chợ Giá,-500.0,https://chogia.vn/gia-ca-phe-dak-lak-hom-nay/
2026-08-27,Đắk Lắk,Cà phê,96200.0,VND/kg,Chợ Giá,-800.0,https://chogia.vn/gia-ca-phe-dak-lak-hom-nay/
2026-08-28,Đắk Lắk,Cà phê,95200.0,VND/kg,Chợ Giá,-1000.0,https://chogia.vn/gia-ca-phe-dak-lak-hom-nay/
2026-08-29,Đắk Lắk,Cà phê,95100.0,VND/kg,Chợ Giá,-100.0,https://chogia.vn/gia-ca-phe-dak-lak-hom-nay/
2026-08-30,Đắk Lắk,Cà phê,95100.0,VND/kg,Chợ Giá,-100.0,https://chogia.vn/gia-ca-phe-dak-lak-hom-nay/
2026-08-31,Đắk Lắk,Cà phê,95500.0,VND/kg,Chợ Giá,400.0,https://chogia.vn/gia-ca-phe-dak-lak-hom-nay/
2026-09-01,Đắk Lắk,Cà phê,95500.0,VND/kg,Chợ Giá,0.0,https://chogia.vn/gia-ca-phe-dak-lak-hom-nay/
2026-09-02,Đắk Lắk,Cà phê,94800.0,VND/kg,Chợ Giá,-700.0,https://chogia.vn/gia-ca-phe-dak-lak-hom-nay/
2026-09-03,Đắk Lắk,Cà phê,94200.0,VND/kg,Chợ Giá,-600.0,https://chogia.vn/gia-ca-phe-dak-lak-hom-nay/
2026-09-04,Đắk Lắk,Cà phê,93700.0,VND/kg,Chợ Giá,-500.0,https://chogia.vn/gia-ca-phe-dak-lak-hom-nay/
2026-09-05,Đắk Lắk,Cà phê,94700.0,VND/kg,Chợ Giá,1000.0,https://chogia.vn/gia-ca-phe-dak-lak-hom-nay/
2026-09-06,Đắk Lắk,Cà phê,94700.0,VND/kg,Chợ Giá,1000.0,https://chogia.vn/gia-ca-phe-dak-lak-hom-nay/
2026-09-07,Đắk Lắk,Cà phê,94700.0,VND/kg,Chợ Giá,0.0,https://chogia.vn/gia-ca-phe-dak-lak-hom-nay/
2026-09-08,Đắk Lắk,Cà phê,94200.0,VND/kg,Chợ Giá,-500.0,https://chogia.vn/gia-ca-phe-dak-lak-hom-nay/
2026-09-09,Đắk Lắk,Cà phê,95500.0,VND/kg,Chợ Giá,1300.0,https://chogia.vn/gia-ca-phe-dak-lak-hom-nay/
2026-09-10,Đắk Lắk,Cà phê,95500.0,VND/kg,Chợ Giá,0.0,https://chogia.vn/gia-ca-phe-dak-lak-hom-nay/
2026-09-11,Đắk Lắk,Cà phê,95700.0,VND/kg,Chợ Giá,200.0,https://chogia.vn/gia-ca-phe-dak-lak-hom-nay/
2026-09-12,Đắk Lắk,Cà phê,95200.0,VND/kg,Chợ Giá,-500.0,https://chogia.vn/gia-ca-phe-dak-lak-hom-nay/
2026-09-13,Đắk Lắk,Cà phê,95200.0,VND/kg,Chợ Giá,-500.0,https://chogia.vn/gia-ca-phe-dak-lak-hom-nay/
2026-09-14,Đắk Lắk,Cà phê,95200.0,VND/kg,Chợ Giá,0.0,https://chogia.vn/gia-ca-phe-dak-lak-hom-nay/
2026-09-15,Đắk Lắk,Cà phê,95400.0,VND/kg,Chợ Giá,200.0,https://chogia.vn/gia-ca-phe-dak-lak-hom-nay/
2026-09-16,Đắk Lắk,Cà phê,94500.0,VND/kg,Chợ Giá,-900.0,https://chogia.vn/gia-ca-phe-dak-lak-hom-nay/
2026-09-17,Đắk Lắk,Cà phê,94200.0,VND/kg,Chợ Giá,-300.0,https://chogia.vn/gia-ca-phe-dak-lak-hom-nay/
2026-09-18,Đắk Lắk,Cà phê,93600.0,VND/kg,Chợ Giá,-600.0,https://chogia.vn/gia-ca-phe-dak-lak-hom-nay/
2026-09-19,Đắk Lắk,Cà phê,93600.0,VND/kg,Chợ Giá,-600.0,https://chogia.vn/gia-ca-phe-dak-lak-hom-nay/
2026-09-20,Đắk Lắk,Cà phê,93600.0,VND/kg,Chợ Giá,-600.0,https://chogia.vn/gia-ca-phe-dak-lak-hom-nay/
