date,province,product,coffee_price,unit,source,source_url,temperature_2m_max,temperature_2m_min,temperature_2m_mean,precipitation_sum,rain_sum,precipitation_hours,relative_humidity_2m_mean,soil_moisture_0_to_7cm,soil_moisture_7_to_28cm,shortwave_radiation_sum,price_lag_1,price_lag_2,price_lag_3,price_lag_7,price_lag_14,price_lag_30,price_mean_7,price_std_7,price_mean_14,price_mean_30,price_std_30,rain_7d,rain_30d,temperature_mean_7d,temperature_mean_30d,humidity_mean_7d,humidity_mean_30d,day_of_week,day_of_month,month,quarter,sin_month,cos_month,next_day_price,date_gap_days
2024-02-12,Đắk Lắk,Cà phê,78400.0,VND/kg,Chợ Giá,https://chogia.vn/gia-ca-phe-dak-lak-hom-nay/,27.8,18.4,22.3,0.0,0.0,0.0,67,0.259,0.281,21.96,78400.0,78400.0,78400.0,78600.0,77300.0,70600.0,78457.14285714286,97.59000729555555,78478.57142857143,75600.0,3149.384176256552,0.0,0.0,25.22857142857143,23.62,66.57142857142857,68.5,0,12,2,1,0.8660254037844386,0.5000000000000001,78400.0,1.0
2024-02-13,Đắk Lắk,Cà phê,78400.0,VND/kg,Chợ Giá,https://chogia.vn/gia-ca-phe-dak-lak-hom-nay/,28.7,18.8,22.9,0.0,0.0,0.0,71,0.256,0.281,22.4,78400.0,78400.0,78400.0,78600.0,77800.0,70600.0,78428.57142857143,75.59289460274447,78557.14285714286,75860.0,3042.526173632918,0.0,0.0,24.614285714285717,23.62,67.42857142857143,68.36666666666666,1,13,2,1,0.8660254037844386,0.5000000000000001,78400.0,1.0
2024-02-14,Đắk Lắk,Cà phê,78400.0,VND/kg,Chợ Giá,https://chogia.vn/gia-ca-phe-dak-lak-hom-nay/,30.9,20.6,24.4,0.0,0.0,0.0,71,0.255,0.281,21.7,78400.0,78400.0,78400.0,78400.0,79200.0,70600.0,78400.0,0.0003665038765064395,78600.0,76120.0,2907.825351678133,0.0,0.0,24.185714285714287,23.65,68.28571428571429,68.4,2,14,2,1,0.8660254037844386,0.5000000000000001,78400.0,1.0
2024-02-15,Đắk Lắk,Cà phê,78400.0,VND/kg,Chợ Giá,https://chogia.vn/gia-ca-phe-dak-lak-hom-nay/,31.8,20.5,25.0,0.0,0.0,0.0,69,0.253,0.281,23.31,78400.0,78400.0,78400.0,78400.0,79000.0,71400.0,78400.0,0.0003665038765064395,78542.85714285714,76380.0,2741.1802139803267,0.0,0.0,23.914285714285715,23.736666666666668,69.0,68.3,3,15,2,1,0.8660254037844386,0.5000000000000001,78400.0,1.0
2024-02-16,Đắk Lắk,Cà phê,78400.0,VND/kg,Chợ Giá,https://chogia.vn/gia-ca-phe-dak-lak-hom-nay/,29.8,20.3,24.0,0.0,0.0,0.0,69,0.255,0.281,22.69,78400.0,78400.0,78400.0,78400.0,79000.0,72800.0,78400.0,0.0003665038765064395,78500.0,76613.33333333333,2596.7796147952336,0.0,0.0,23.685714285714287,23.82,69.42857142857143,68.3,4,16,2,1,0.8660254037844386,0.5000000000000001,78400.0,1.0
2024-02-17,Đắk Lắk,Cà phê,78400.0,VND/kg,Chợ Giá,https://chogia.vn/gia-ca-phe-dak-lak-hom-nay/,32.0,19.8,24.7,0.0,0.0,0.0,67,0.256,0.28,24.17,78400.0,78400.0,78400.0,78400.0,78600.0,72000.0,78400.0,0.0003665038765064395,78457.14285714286,76800.0,2513.1378929468847,0.0,0.0,23.542857142857144,23.860000000000003,69.42857142857143,68.16666666666667,5,17,2,1,0.8660254037844386,0.5000000000000001,78400.0,1.0
2024-02-18,Đắk Lắk,Cà phê,78400.0,VND/kg,Chợ Giá,https://chogia.vn/gia-ca-phe-dak-lak-hom-nay/,33.1,19.9,26.2,0.0,0.0,0.0,64,0.256,0.28,23.08,78400.0,78400.0,78400.0,78400.0,78600.0,71100.0,78400.0,0.0003665038765064395,78442.85714285714,77013.33333333333,2358.511122009746,0.0,0.0,23.7,23.9,69.0,68.06666666666666,6,18,2,1,0.8660254037844386,0.5000000000000001,78400.0,1.0
2024-02-19,Đắk Lắk,Cà phê,78400.0,VND/kg,Chợ Giá,https://chogia.vn/gia-ca-phe-dak-lak-hom-nay/,35.0,21.4,27.4,0.0,0.0,0.0,59,0.25,0.28,21.87,78400.0,78400.0,78400.0,78400.0,78600.0,72500.0,78400.0,0.0003665038765064395,78428.57142857143,77256.66666666667,2088.5043870465393,0.0,0.0,24.214285714285715,23.990000000000002,68.28571428571429,67.86666666666666,0,19,2,1,0.8660254037844386,0.5000000000000001,78400.0,1.0
2024-02-20,Đắk Lắk,Cà phê,78400.0,VND/kg,Chợ Giá,https://chogia.vn/gia-ca-phe-dak-lak-hom-nay/,34.6,21.6,27.7,0.0,0.0,0.0,58,0.251,0.28,22.09,78400.0,78400.0,78400.0,78400.0,78600.0,72500.0,78400.0,0.0003665038765064395,78414.28571428571,77453.33333333333,1893.8618333125996,0.0,0.0,24.942857142857143,24.123333333333335,67.14285714285714,67.53333333333333,1,20,2,1,0.8660254037844386,0.5000000000000001,78400.0,1.0
2024-02-21,Đắk Lắk,Cà phê,78400.0,VND/kg,Chợ Giá,https://chogia.vn/gia-ca-phe-dak-lak-hom-nay/,34.5,22.1,27.8,0.0,0.0,0.0,61,0.254,0.28,22.96,78400.0,78400.0,78400.0,78400.0,78400.0,72900.0,78400.0,0.0003665038765064395,78400.0,77650.0,1652.7406705644817,0.0,0.0,25.628571428571426,24.28666666666667,65.28571428571429,67.23333333333333,2,21,2,1,0.8660254037844386,0.5000000000000001,78400.0,1.0
2024-02-22,Đắk Lắk,Cà phê,78400.0,VND/kg,Chợ Giá,https://chogia.vn/gia-ca-phe-dak-lak-hom-nay/,34.7,21.9,27.6,0.4,0.4,2.0,60,0.26,0.28,22.91,78400.0,78400.0,78400.0,78400.0,78400.0,74100.0,78400.0,0.0003665038765064395,78400.0,77833.33333333333,1392.1784797719836,0.0,0.0,26.11428571428571,24.44333333333333,63.857142857142854,66.96666666666667,3,22,2,1,0.8660254037844386,0.5000000000000001,78400.0,1.0
2024-02-23,Đắk Lắk,Cà phê,78400.0,VND/kg,Chợ Giá,https://chogia.vn/gia-ca-phe-dak-lak-hom-nay/,34.2,21.3,27.0,0.0,0.0,0.0,62,0.256,0.28,24.35,78400.0,78400.0,78400.0,78400.0,78400.0,74000.0,78400.0,0.0003665038765064395,78400.0,77976.66666666667,1203.0660065399395,0.05714285714285715,0.013333333333333334,26.485714285714284,24.603333333333335,62.57142857142857,66.56666666666666,4,23,2,1,0.8660254037844386,0.5000000000000001,78400.0,1.0
2024-02-24,Đắk Lắk,Cà phê,78400.0,VND/kg,Chợ Giá,https://chogia.vn/gia-ca-phe-dak-lak-hom-nay/,31.8,21.1,25.4,0.0,0.0,0.0,64,0.258,0.279,24.11,78400.0,78400.0,78400.0,78400.0,78400.0,75000.0,78400.0,0.0003665038765064395,78400.0,78123.33333333333,941.2696243622942,0.05714285714285715,0.013333333333333334,26.91428571428571,24.756666666666668,61.57142857142857,66.26666666666667,5,24,2,1,0.8660254037844386,0.5000000000000001,78400.0,1.0
2024-02-25,Đắk Lắk,Cà phê,78400.0,VND/kg,Chợ Giá,https://chogia.vn/gia-ca-phe-dak-lak-hom-nay/,31.2,20.0,24.5,0.0,0.0,0.0,67,0.255,0.279,21.81,78400.0,78400.0,78400.0,78400.0,78400.0,75500.0,78400.0,0.0003665038765064395,78400.0,78236.66666666667,734.1348806510415,0.05714285714285715,0.013333333333333334,27.014285714285712,24.866666666666667,61.142857142857146,66.1,6,25,2,1,0.8660254037844386,0.5000000000000001,78400.0,1.0
2024-02-26,Đắk Lắk,Cà phê,78400.0,VND/kg,Chợ Giá,https://chogia.vn/gia-ca-phe-dak-lak-hom-nay/,31.5,19.6,24.5,0.0,0.0,0.0,69,0.245,0.279,22.68,78400.0,78400.0,78400.0,78400.0,78400.0,76600.0,78400.0,0.0003665038765064395,78400.0,78333.33333333333,521.4921121057575,0.05714285714285715,0.013333333333333334,26.771428571428572,24.95,61.57142857142857,65.96666666666667,0,26,2,1,0.8660254037844386,0.5000000000000001,78400.0,1.0
2024-02-27,Đắk Lắk,Cà phê,78400.0,VND/kg,Chợ Giá,https://chogia.vn/gia-ca-phe-dak-lak-hom-nay/,30.6,21.9,25.1,0.5,0.5,3.0,72,0.251,0.279,19.34,78400.0,78400.0,78400.0,78400.0,78400.0,77100.0,78400.0,0.0003665038765064395,78400.0,78393.33333333333,405.93301072396537,0.05714285714285715,0.013333333333333334,26.357142857142858,25.029999999999998,63.0,65.93333333333334,1,27,2,1,0.8660254037844386,0.5000000000000001,78400.0,1.0
2024-02-28,Đắk Lắk,Cà phê,78400.0,VND/kg,Chợ Giá,https://chogia.vn/gia-ca-phe-dak-lak-hom-nay/,30.8,21.3,24.9,0.0,0.0,0.0,68,0.253,0.279,19.79,78400.0,78400.0,78400.0,78400.0,78400.0,77300.0,78400.0,0.0003665038765064395,78400.0,78436.66666666667,324.2852440988524,0.1285714285714286,0.030000000000000002,25.985714285714288,25.13,65.0,66.03333333333333,2,28,2,1,0.8660254037844386,0.5000000000000001,78400.0,1.0
2024-02-29,Đắk Lắk,Cà phê,78400.0,VND/kg,Chợ Giá,https://chogia.vn/gia-ca-phe-dak-lak-hom-nay/,33.1,21.1,25.8,0.0,0.0,0.0,65,0.248,0.279,23.89,78400.0,78400.0,78400.0,78400.0,78400.0,77800.0,78400.0,0.0003665038765064395,78400.0,78473.33333333333,243.4427403232969,0.1285714285714286,0.030000000000000002,25.571428571428573,25.209999999999997,66.0,65.9,3,29,2,1,0.8660254037844386,0.5000000000000001,78400.0,1.0
2024-03-01,Đắk Lắk,Cà phê,78400.0,VND/kg,Chợ Giá,https://chogia.vn/gia-ca-phe-dak-lak-hom-nay/,31.3,21.2,25.0,0.0,0.0,0.0,69,0.246,0.279,21.36,78400.0,78400.0,78400.0,78400.0,78400.0,79200.0,78400.0,0.0003665038765064395,78400.0,78493.33333333333,208.33218390493505,0.07142857142857142,0.030000000000000002,25.314285714285717,25.306666666666665,66.71428571428571,65.66666666666667,4,1,3,1,1.0,6.123233995736766e-17,78400.0,1.0
2024-03-02,Đắk Lắk,Cà phê,78400.0,VND/kg,Chợ Giá,https://chogia.vn/gia-ca-phe-dak-lak-hom-nay/,30.2,21.0,24.4,0.0,0.0,0.0,68,0.251,0.279,20.26,78400.0,78400.0,78400.0,78400.0,78400.0,79000.0,78400.0,0.0003665038765064395,78400.0,78466.66666666667,160.45911141722559,0.07142857142857142,0.030000000000000002,25.028571428571432,25.333333333333332,67.71428571428571,65.63333333333334,5,2,3,1,1.0,6.123233995736766e-17,78400.0,1.0
2024-03-03,Đắk Lắk,Cà phê,78400.0,VND/kg,Chợ Giá,https://chogia.vn/gia-ca-phe-dak-lak-hom-nay/,30.5,20.8,24.8,0.0,0.0,0.0,69,0.255,0.279,18.95,78400.0,78400.0,78400.0,78400.0,78400.0,79000.0,78400.0,0.0003665038765064395,78400.0,78446.66666666667,125.21246311595284,0.07142857142857142,0.030000000000000002,24.885714285714283,25.313333333333336,68.28571428571429,65.7,6,3,3,1,1.0,6.123233995736766e-17,78400.0,1.0
2024-03-04,Đắk Lắk,Cà phê,78400.0,VND/kg,Chợ Giá,https://chogia.vn/gia-ca-phe-dak-lak-hom-nay/,34.2,20.7,26.9,0.0,0.0,0.0,63,0.253,0.279,24.17,78400.0,78400.0,78400.0,78400.0,78400.0,78600.0,78400.0,0.0003665038765064395,78400.0,78426.66666666667,69.14918072851918,0.07142857142857142,0.030000000000000002,24.928571428571427,25.293333333333333,68.57142857142857,65.93333333333334,0,4,3,1,1.0,6.123233995736766e-17,78400.0,1.0
2024-03-05,Đắk Lắk,Cà phê,78400.0,VND/kg,Chợ Giá,https://chogia.vn/gia-ca-phe-dak-lak-hom-nay/,35.6,21.9,28.5,0.0,0.0,0.0,58,0.254,0.279,24.37,78400.0,78400.0,78400.0,78400.0,78400.0,78600.0,78400.0,0.0003665038765064395,78400.0,78420.0,61.02571532606127,0.07142857142857142,0.030000000000000002,25.271428571428572,25.353333333333335,67.71428571428571,66.06666666666666,1,5,3,1,1.0,6.123233995736766e-17,78400.0,1.0
2024-03-06,Đắk Lắk,Cà phê,78400.0,VND/kg,Chợ Giá,https://chogia.vn/gia-ca-phe-dak-lak-hom-nay/,36.2,23.2,29.4,0.0,0.0,0.0,57,0.252,0.279,24.21,78400.0,78400.0,78400.0,78400.0,78400.0,78600.0,78400.0,0.0003665038765064395,78400.0,78413.33333333333,50.741626340716984,0.0,0.030000000000000002,25.75714285714286,25.446666666666665,65.71428571428571,65.86666666666666,2,6,3,1,1.0,6.123233995736766e-17,78400.0,1.0
2024-03-07,Đắk Lắk,Cà phê,78400.0,VND/kg,Chợ Giá,https://chogia.vn/gia-ca-phe-dak-lak-hom-nay/,36.4,23.3,28.7,0.1,0.1,1.0,59,0.256,0.279,23.86,78400.0,78400.0,78400.0,78400.0,78400.0,78600.0,78400.0,0.0003665038765064395,78400.0,78406.66666666667,36.51483716731918,0.0,0.030000000000000002,26.400000000000002,25.54,64.14285714285714,65.73333333333333,3,7,3,1,1.0,6.123233995736766e-17,78400.0,1.0
2024-03-08,Đắk Lắk,Cà phê,78400.0,VND/kg,Chợ Giá,https://chogia.vn/gia-ca-phe-dak-lak-hom-nay/,32.3,21.2,25.8,0.0,0.0,0.0,63,0.257,0.279,24.95,78400.0,78400.0,78400.0,78400.0,78400.0,78400.0,78400.0,0.0003665038765064395,78400.0,78400.0,0.00014879342910394084,0.014285714285714287,0.03333333333333333,26.814285714285713,25.633333333333333,63.285714285714285,65.53333333333333,4,8,3,1,1.0,6.123233995736766e-17,78400.0,1.0
2024-03-09,Đắk Lắk,Cà phê,78400.0,VND/kg,Chợ Giá,https://chogia.vn/gia-ca-phe-dak-lak-hom-nay/,32.1,20.8,25.6,0.0,0.0,0.0,64,0.266,0.279,23.93,78400.0,78400.0,78400.0,78400.0,78400.0,78400.0,78400.0,0.0003665038765064395,78400.0,78400.0,0.00014879342910394084,0.014285714285714287,0.03333333333333333,26.928571428571427,25.616666666666667,62.42857142857143,65.43333333333334,5,9,3,1,1.0,6.123233995736766e-17,78400.0,1.0
2024-03-10,Đắk Lắk,Cà phê,78400.0,VND/kg,Chợ Giá,https://chogia.vn/gia-ca-phe-dak-lak-hom-nay/,32.5,21.2,25.9,0.0,0.0,0.0,66,0.271,0.279,22.86,78400.0,78400.0,78400.0,78400.0,78400.0,78400.0,78400.0,0.0003665038765064395,78400.0,78400.0,0.00014879342910394084,0.014285714285714287,0.03333333333333333,27.1,25.583333333333332,61.857142857142854,65.36666666666666,6,10,3,1,1.0,6.123233995736766e-17,78400.0,1.0
2024-03-11,Đắk Lắk,Cà phê,78400.0,VND/kg,Chợ Giá,https://chogia.vn/gia-ca-phe-dak-lak-hom-nay/,31.8,21.4,25.7,0.0,0.0,0.0,69,0.27,0.279,21.11,78400.0,78400.0,78400.0,78400.0,78400.0,78400.0,78400.0,0.0003665038765064395,78400.0,78400.0,0.00014879342910394084,0.014285714285714287,0.03333333333333333,27.25714285714286,25.613333333333333,61.42857142857143,65.26666666666667,0,11,3,1,1.0,6.123233995736766e-17,78400.0,1.0
2024-03-12,Đắk Lắk,Cà phê,78400.0,VND/kg,Chợ Giá,https://chogia.vn/gia-ca-phe-dak-lak-hom-nay/,32.0,21.8,25.8,0.0,0.0,0.0,65,0.28,0.279,20.74,78400.0,78400.0,78400.0,78400.0,78400.0,78400.0,78400.0,0.0003665038765064395,78400.0,78400.0,0.00014879342910394084,0.014285714285714287,0.03333333333333333,27.085714285714285,25.683333333333334,62.285714285714285,65.23333333333333,1,12,3,1,1.0,6.123233995736766e-17,78400.0,1.0
2024-03-13,Đắk Lắk,Cà phê,78400.0,VND/kg,Chợ Giá,https://chogia.vn/gia-ca-phe-dak-lak-hom-nay/,33.3,21.0,26.2,0.0,0.0,0.0,64,0.282,0.279,24.77,78400.0,78400.0,78400.0,78400.0,78400.0,78400.0,78400.0,0.0003665038765064395,78400.0,78400.0,0.00014879342910394084,0.014285714285714287,0.03333333333333333,26.7,25.79,63.285714285714285,65.1,2,13,3,1,1.0,6.123233995736766e-17,78400.0,1.0
2024-03-14,Đắk Lắk,Cà phê,78400.0,VND/kg,Chợ Giá,https://chogia.vn/gia-ca-phe-dak-lak-hom-nay/,33.9,20.6,26.7,0.0,0.0,0.0,61,0.283,0.279,25.5,78400.0,78400.0,78400.0,78400.0,78400.0,78400.0,78400.0,0.0003665038765064395,78400.0,78400.0,0.00014879342910394084,0.014285714285714287,0.03333333333333333,26.24285714285714,25.92,64.28571428571429,65.0,3,14,3,1,1.0,6.123233995736766e-17,78400.0,1.0
2024-03-15,Đắk Lắk,Cà phê,78400.0,VND/kg,Chợ Giá,https://chogia.vn/gia-ca-phe-dak-lak-hom-nay/,35.7,20.6,26.9,0.0,0.0,0.0,58,0.276,0.279,26.19,78400.0,78400.0,78400.0,78400.0,78400.0,78400.0,78400.0,0.0003665038765064395,78400.0,78400.0,0.00014879342910394084,0.0,0.03333333333333333,25.957142857142856,26.04666666666667,64.57142857142857,64.66666666666667,4,15,3,1,1.0,6.123233995736766e-17,78400.0,1.0
2024-03-16,Đắk Lắk,Cà phê,78400.0,VND/kg,Chợ Giá,https://chogia.vn/gia-ca-phe-dak-lak-hom-nay/,34.6,21.2,27.1,0.0,0.0,0.0,59,0.272,0.279,25.57,78400.0,78400.0,78400.0,78400.0,78400.0,78400.0,78400.0,0.0003665038765064395,78400.0,78400.0,0.00014879342910394084,0.0,0.03333333333333333,26.11428571428571,26.13,63.857142857142854,64.23333333333333,5,16,3,1,1.0,6.123233995736766e-17,78400.0,1.0
2024-03-17,Đắk Lắk,Cà phê,78400.0,VND/kg,Chợ Giá,https://chogia.vn/gia-ca-phe-dak-lak-hom-nay/,34.6,21.0,27.2,0.0,0.0,0.0,58,0.279,0.279,25.85,78400.0,78400.0,78400.0,78400.0,78400.0,78400.0,78400.0,0.0003665038765064395,78400.0,78400.0,0.00014879342910394084,0.0,0.03333333333333333,26.328571428571426,26.2,63.142857142857146,63.9,6,17,3,1,1.0,6.123233995736766e-17,78400.0,1.0
2024-03-18,Đắk Lắk,Cà phê,78400.0,VND/kg,Chợ Giá,https://chogia.vn/gia-ca-phe-dak-lak-hom-nay/,34.4,21.6,27.3,0.0,0.0,0.0,58,0.273,0.279,25.97,78400.0,78400.0,78400.0,78400.0,78400.0,78400.0,78400.0,0.0003665038765064395,78400.0,78400.0,0.00014879342910394084,0.0,0.03333333333333333,26.514285714285712,26.306666666666665,62.0,63.53333333333333,0,18,3,1,1.0,6.123233995736766e-17,78400.0,1.0
2024-03-19,Đắk Lắk,Cà phê,78400.0,VND/kg,Chợ Giá,https://chogia.vn/gia-ca-phe-dak-lak-hom-nay/,33.1,19.6,26.1,0.0,0.0,0.0,62,0.272,0.279,24.95,78400.0,78400.0,78400.0,78400.0,78400.0,78400.0,78400.0,0.0003665038765064395,78400.0,78400.0,0.00014879342910394084,0.0,0.03333333333333333,26.74285714285714,26.393333333333334,60.42857142857143,63.233333333333334,1,19,3,1,1.0,6.123233995736766e-17,78400.0,1.0
2024-03-20,Đắk Lắk,Cà phê,78400.0,VND/kg,Chợ Giá,https://chogia.vn/gia-ca-phe-dak-lak-hom-nay/,30.8,21.6,25.2,0.1,0.1,1.0,70,0.275,0.279,22.68,78400.0,78400.0,78400.0,78400.0,78400.0,78400.0,78400.0,0.0003665038765064395,78400.0,78400.0,0.00014879342910394084,0.0,0.03333333333333333,26.785714285714285,26.389999999999997,60.0,63.166666666666664,2,20,3,1,1.0,6.123233995736766e-17,78400.0,1.0
2024-03-21,Đắk Lắk,Cà phê,78400.0,VND/kg,Chợ Giá,https://chogia.vn/gia-ca-phe-dak-lak-hom-nay/,31.5,22.1,25.4,0.0,0.0,0.0,68,0.268,0.279,18.61,78400.0,78400.0,78400.0,78400.0,78400.0,78400.0,78400.0,0.0003665038765064395,78400.0,78400.0,0.00014879342910394084,0.014285714285714287,0.03666666666666667,26.642857142857142,26.316666666666666,60.857142857142854,63.53333333333333,3,21,3,1,1.0,6.123233995736766e-17,78400.0,1.0
2024-03-22,Đắk Lắk,Cà phê,78400.0,VND/kg,Chợ Giá,https://chogia.vn/gia-ca-phe-dak-lak-hom-nay/,34.4,20.5,26.8,0.0,0.0,0.0,60,0.267,0.279,26.12,78400.0,78400.0,78400.0,78400.0,78400.0,78400.0,78400.0,0.0003665038765064395,78400.0,78400.0,0.00014879342910394084,0.014285714285714287,0.03666666666666667,26.45714285714286,26.24,61.857142857142854,63.86666666666667,4,22,3,1,1.0,6.123233995736766e-17,78400.0,1.0
2024-03-23,Đắk Lắk,Cà phê,78400.0,VND/kg,Chợ Giá,https://chogia.vn/gia-ca-phe-dak-lak-hom-nay/,35.6,21.1,27.4,0.0,0.0,0.0,61,0.266,0.279,23.9,78400.0,78400.0,78400.0,78400.0,78400.0,78400.0,78400.0,0.0003665038765064395,78400.0,78400.0,0.00014879342910394084,0.014285714285714287,0.03666666666666667,26.442857142857143,26.206666666666667,62.142857142857146,63.833333333333336,5,23,3,1,1.0,6.123233995736766e-17,78400.0,1.0
2024-03-24,Đắk Lắk,Cà phê,78400.0,VND/kg,Chợ Giá,https://chogia.vn/gia-ca-phe-dak-lak-hom-nay/,35.6,21.8,28.2,0.1,0.1,1.0,61,0.268,0.279,24.11,78400.0,78400.0,78400.0,78400.0,78400.0,78400.0,78400.0,0.0003665038765064395,78400.0,78400.0,0.00014879342910394084,0.014285714285714287,0.02333333333333333,26.485714285714288,26.2,62.42857142857143,63.86666666666667,6,24,3,1,1.0,6.123233995736766e-17,78400.0,1.0
2024-03-25,Đắk Lắk,Cà phê,78400.0,VND/kg,Chợ Giá,https://chogia.vn/gia-ca-phe-dak-lak-hom-nay/,35.8,23.2,28.5,0.0,0.0,0.0,61,0.268,0.279,25.38,78400.0,78400.0,78400.0,78400.0,78400.0,78400.0,78400.0,0.0003665038765064395,78400.0,78400.0,0.00014879342910394084,0.028571428571428574,0.02666666666666667,26.628571428571426,26.24,62.857142857142854,63.833333333333336,0,25,3,1,1.0,6.123233995736766e-17,78400.0,1.0
2024-03-26,Đắk Lắk,Cà phê,78400.0,VND/kg,Chợ Giá,https://chogia.vn/gia-ca-phe-dak-lak-hom-nay/,34.5,21.3,27.5,0.0,0.0,0.0,60,0.275,0.279,26.24,78400.0,78400.0,78400.0,78400.0,78400.0,78400.0,78400.0,0.0003665038765064395,78400.0,78400.0,0.00014879342910394084,0.028571428571428574,0.02666666666666667,26.800000000000004,26.34333333333333,63.285714285714285,63.733333333333334,1,26,3,1,1.0,6.123233995736766e-17,78400.0,1.0
2024-03-27,Đắk Lắk,Cà phê,78400.0,VND/kg,Chợ Giá,https://chogia.vn/gia-ca-phe-dak-lak-hom-nay/,34.9,22.9,27.7,1.0,1.0,3.0,65,0.272,0.279,23.47,78400.0,78400.0,78400.0,78400.0,78400.0,78400.0,78400.0,0.0003665038765064395,78400.0,78400.0,0.00014879342910394084,0.028571428571428574,0.02666666666666667,27.0,26.44333333333333,63.0,63.5,2,27,3,1,1.0,6.123233995736766e-17,78400.0,1.0
2024-03-28,Đắk Lắk,Cà phê,78400.0,VND/kg,Chợ Giá,https://chogia.vn/gia-ca-phe-dak-lak-hom-nay/,33.8,23.1,26.9,6.2,6.2,5.0,71,0.296,0.279,17.83,78400.0,78400.0,78400.0,78400.0,78400.0,78400.0,78400.0,0.0003665038765064395,78400.0,78400.0,0.00014879342910394084,0.15714285714285717,0.060000000000000005,27.357142857142858,26.55,62.285714285714285,63.36666666666667,3,28,3,1,1.0,6.123233995736766e-17,78400.0,1.0
2024-03-29,Đắk Lắk,Cà phê,78400.0,VND/kg,Chợ Giá,https://chogia.vn/gia-ca-phe-dak-lak-hom-nay/,35.3,23.5,28.7,0.0,0.0,0.0,61,0.285,0.279,20.98,78400.0,78400.0,78400.0,78400.0,78400.0,78400.0,78400.0,0.0003665038765064395,78400.0,78400.0,0.00014879342910394084,1.042857142857143,0.25,27.571428571428573,26.61,62.714285714285715,63.333333333333336,4,29,3,1,1.0,6.123233995736766e-17,78400.0,1.0
2024-03-30,Đắk Lắk,Cà phê,78400.0,VND/kg,Chợ Giá,https://chogia.vn/gia-ca-phe-dak-lak-hom-nay/,36.0,23.0,28.6,0.3,0.3,2.0,63,0.283,0.279,24.02,78400.0,78400.0,78400.0,78400.0,78400.0,78400.0,78400.0,0.0003665038765064395,78400.0,78400.0,0.00014879342910394084,1.042857142857143,0.25,27.842857142857145,26.736666666666668,62.857142857142854,63.1,5,30,3,1,1.0,6.123233995736766e-17,78400.0,1.0
2024-03-31,Đắk Lắk,Cà phê,78400.0,VND/kg,Chợ Giá,https://chogia.vn/gia-ca-phe-dak-lak-hom-nay/,35.4,24.2,28.6,1.0,1.0,5.0,64,0.278,0.279,21.04,78400.0,78400.0,78400.0,78400.0,78400.0,78400.0,78400.0,0.0003665038765064395,78400.0,78400.0,0.00014879342910394084,1.0857142857142856,0.26,28.014285714285712,26.830000000000002,63.142857142857146,63.03333333333333,6,31,3,1,1.0,6.123233995736766e-17,78400.0,1.0
2024-04-01,Đắk Lắk,Cà phê,78400.0,VND/kg,Chợ Giá,https://chogia.vn/gia-ca-phe-dak-lak-hom-nay/,36.0,24.2,28.6,2.3,2.3,3.0,67,0.279,0.279,22.31,78400.0,78400.0,78400.0,78400.0,78400.0,78400.0,78400.0,0.0003665038765064395,78400.0,78400.0,0.00014879342910394084,1.2142857142857142,0.29333333333333333,28.071428571428573,26.95,63.57142857142857,62.86666666666667,0,1,4,2,0.8660254037844387,-0.4999999999999998,78400.0,1.0
2024-04-02,Đắk Lắk,Cà phê,78400.0,VND/kg,Chợ Giá,https://chogia.vn/gia-ca-phe-dak-lak-hom-nay/,36.0,24.5,28.7,0.9,0.9,3.0,69,0.286,0.273,22.82,78400.0,78400.0,78400.0,78400.0,78400.0,78400.0,78400.0,0.0003665038765064395,78400.0,78400.0,0.00014879342910394084,1.542857142857143,0.37,28.085714285714285,27.089999999999996,64.42857142857143,62.833333333333336,1,2,4,2,0.8660254037844387,-0.4999999999999998,78400.0,1.0
2024-04-03,Đắk Lắk,Cà phê,78400.0,VND/kg,Chợ Giá,https://chogia.vn/gia-ca-phe-dak-lak-hom-nay/,35.7,24.3,29.3,0.2,0.2,2.0,64,0.28,0.27,21.51,78400.0,78400.0,78400.0,78400.0,78400.0,78400.0,78400.0,0.0003665038765064395,78400.0,78400.0,0.00014879342910394084,1.6714285714285713,0.4,28.25714285714286,27.220000000000002,65.71428571428571,62.833333333333336,2,3,4,2,0.8660254037844387,-0.4999999999999998,78400.0,1.0
2024-04-04,Đắk Lắk,Cà phê,78400.0,VND/kg,Chợ Giá,https://chogia.vn/gia-ca-phe-dak-lak-hom-nay/,35.8,24.5,30.1,0.0,0.0,0.0,58,0.28,0.27,23.13,78400.0,78400.0,78400.0,78400.0,78400.0,78400.0,78400.0,0.0003665038765064395,78400.0,78400.0,0.00014879342910394084,1.5571428571428572,0.4066666666666666,28.485714285714288,27.3,65.57142857142857,62.86666666666667,3,4,4,2,0.8660254037844387,-0.4999999999999998,78400.0,1.0
2024-04-05,Đắk Lắk,Cà phê,78400.0,VND/kg,Chợ Giá,https://chogia.vn/gia-ca-phe-dak-lak-hom-nay/,37.8,25.1,30.3,0.1,0.1,1.0,58,0.279,0.27,25.41,78400.0,78400.0,78400.0,78400.0,78400.0,78400.0,78400.0,0.0003665038765064395,78400.0,78400.0,0.00014879342910394084,0.6714285714285712,0.4066666666666666,28.942857142857143,27.353333333333335,63.714285714285715,62.86666666666667,4,5,4,2,0.8660254037844387,-0.4999999999999998,78400.0,1.0
2024-04-06,Đắk Lắk,Cà phê,78400.0,VND/kg,Chợ Giá,https://chogia.vn/gia-ca-phe-dak-lak-hom-nay/,37.8,22.1,29.1,0.0,0.0,0.0,54,0.276,0.27,26.91,78400.0,78400.0,78400.0,78400.0,78400.0,78400.0,78400.0,0.0003665038765064395,78400.0,78400.0,0.00014879342910394084,0.6857142857142856,0.41,29.171428571428574,27.383333333333333,63.285714285714285,62.9,5,6,4,2,0.8660254037844387,-0.4999999999999998,78400.0,1.0
2024-04-07,Đắk Lắk,Cà phê,78400.0,VND/kg,Chợ Giá,https://chogia.vn/gia-ca-phe-dak-lak-hom-nay/,37.1,22.7,29.3,0.0,0.0,0.0,57,0.271,0.27,25.8,78400.0,78400.0,78400.0,78400.0,78400.0,78400.0,78400.0,0.0003665038765064395,78400.0,78400.0,0.00014879342910394084,0.6428571428571427,0.4066666666666666,29.242857142857144,27.396666666666665,62.0,62.733333333333334,6,7,4,2,0.8660254037844387,-0.4999999999999998,78400.0,1.0
2024-04-08,Đắk Lắk,Cà phê,78400.0,VND/kg,Chợ Giá,https://chogia.vn/gia-ca-phe-dak-lak-hom-nay/,39.1,24.1,30.2,0.0,0.0,0.0,55,0.27,0.27,25.88,78400.0,78400.0,78400.0,78400.0,78400.0,78400.0,78400.0,0.0003665038765064395,78400.0,78400.0,0.00014879342910394084,0.4999999999999999,0.4066666666666666,29.34285714285715,27.513333333333335,61.0,62.53333333333333,0,8,4,2,0.8660254037844387,-0.4999999999999998,78400.0,1.0
2024-04-09,Đắk Lắk,Cà phê,78400.0,VND/kg,Chợ Giá,https://chogia.vn/gia-ca-phe-dak-lak-hom-nay/,35.2,22.7,28.0,0.0,0.0,0.0,59,0.263,0.271,26.61,78400.0,78400.0,78400.0,78400.0,78400.0,78400.0,78400.0,0.0003665038765064395,78400.0,78400.0,0.00014879342910394084,0.1714285714285713,0.4066666666666666,29.571428571428573,27.666666666666668,59.285714285714285,62.233333333333334,1,9,4,2,0.8660254037844387,-0.4999999999999998,78400.0,1.0
2024-04-10,Đắk Lắk,Cà phê,78400.0,VND/kg,Chợ Giá,https://chogia.vn/gia-ca-phe-dak-lak-hom-nay/,34.3,22.7,27.5,0.0,0.0,0.0,62,0.259,0.271,26.13,78400.0,78400.0,78400.0,78400.0,78400.0,78400.0,78400.0,0.0003665038765064395,78400.0,78400.0,0.00014879342910394084,0.04285714285714274,0.4066666666666666,29.47142857142857,27.736666666666668,57.857142857142854,62.0,2,10,4,2,0.8660254037844387,-0.4999999999999998,78400.0,1.0
2024-04-11,Đắk Lắk,Cà phê,78400.0,VND/kg,Chợ Giá,https://chogia.vn/gia-ca-phe-dak-lak-hom-nay/,34.6,22.6,27.6,0.0,0.0,0.0,61,0.258,0.271,26.45,78400.0,78400.0,78400.0,78400.0,78400.0,78400.0,78400.0,0.0003665038765064395,78400.0,78400.0,0.00014879342910394084,0.01428571428571416,0.4066666666666666,29.214285714285715,27.796666666666667,57.57142857142857,61.766666666666666,3,11,4,2,0.8660254037844387,-0.4999999999999998,78400.0,1.0
2024-04-12,Đắk Lắk,Cà phê,78400.0,VND/kg,Chợ Giá,https://chogia.vn/gia-ca-phe-dak-lak-hom-nay/,35.0,23.2,28.2,0.1,0.1,1.0,62,0.257,0.271,24.03,78400.0,78400.0,78400.0,78400.0,78400.0,78400.0,78400.0,0.0003665038765064395,78400.0,78400.0,0.00014879342910394084,0.01428571428571416,0.4066666666666666,28.857142857142858,27.85666666666667,58.0,61.63333333333333,4,12,4,2,0.8660254037844387,-0.4999999999999998,78400.0,1.0
2024-04-13,Đắk Lắk,Cà phê,78400.0,VND/kg,Chợ Giá,https://chogia.vn/gia-ca-phe-dak-lak-hom-nay/,36.9,23.6,29.4,0.0,0.0,0.0,57,0.258,0.271,26.49,78400.0,78400.0,78400.0,78400.0,78400.0,78400.0,78400.0,0.0003665038765064395,78400.0,78400.0,0.00014879342910394084,0.01428571428571416,0.41000000000000003,28.557142857142853,27.923333333333336,58.57142857142857,61.56666666666667,5,13,4,2,0.8660254037844387,-0.4999999999999998,78400.0,1.0
2024-04-14,Đắk Lắk,Cà phê,78400.0,VND/kg,Chợ Giá,https://chogia.vn/gia-ca-phe-dak-lak-hom-nay/,37.3,22.8,29.6,0.0,0.0,0.0,52,0.253,0.271,26.2,78400.0,78400.0,78400.0,78400.0,78400.0,78400.0,78400.0,0.0003665038765064395,78400.0,78400.0,0.00014879342910394084,0.01428571428571416,0.41000000000000003,28.599999999999998,28.013333333333332,59.0,61.43333333333333,6,14,4,2,0.8660254037844387,-0.4999999999999998,78400.0,1.0
2024-04-15,Đắk Lắk,Cà phê,78400.0,VND/kg,Chợ Giá,https://chogia.vn/gia-ca-phe-dak-lak-hom-nay/,37.6,23.1,29.7,0.0,0.0,0.0,52,0.255,0.271,26.61,78400.0,78400.0,78400.0,78400.0,78400.0,78400.0,78400.0,0.0003665038765064395,78400.0,78400.0,0.00014879342910394084,0.01428571428571416,0.41000000000000003,28.642857142857142,28.103333333333335,58.285714285714285,61.233333333333334,0,15,4,2,0.8660254037844387,-0.4999999999999998,78400.0,1.0
2024-04-16,Đắk Lắk,Cà phê,78400.0,VND/kg,Chợ Giá,https://chogia.vn/gia-ca-phe-dak-lak-hom-nay/,37.4,22.8,29.3,0.0,0.0,0.0,57,0.25,0.271,26.71,78400.0,78400.0,78400.0,78400.0,78400.0,78400.0,78400.0,0.0003665038765064395,78400.0,78400.0,0.00014879342910394084,0.01428571428571416,0.41000000000000003,28.571428571428573,28.189999999999998,57.857142857142854,61.0,1,16,4,2,0.8660254037844387,-0.4999999999999998,78400.0,1.0
2024-04-17,Đắk Lắk,Cà phê,78400.0,VND/kg,Chợ Giá,https://chogia.vn/gia-ca-phe-dak-lak-hom-nay/,36.5,23.7,29.6,0.0,0.0,0.0,55,0.245,0.271,24.97,78400.0,78400.0,78400.0,78400.0,78400.0,78400.0,78400.0,0.0003665038765064395,78400.0,78400.0,0.00014879342910394084,0.01428571428571416,0.41000000000000003,28.75714285714286,28.26,57.57142857142857,60.96666666666667,2,17,4,2,0.8660254037844387,-0.4999999999999998,122000.0,1.0
2024-04-18,Đắk Lắk,Cà phê,122000.0,VND/kg,Chợ Giá,https://chogia.vn/gia-ca-phe-dak-lak-hom-nay/,35.8,24.4,29.3,0.7,0.7,6.0,60,0.247,0.271,22.62,78400.0,78400.0,78400.0,78400.0,78400.0,78400.0,78400.0,0.0003665038765064395,78400.0,78400.0,0.00014879342910394084,0.01428571428571416,0.41000000000000003,29.057142857142857,28.336666666666662,56.57142857142857,60.86666666666667,3,18,4,2,0.8660254037844387,-0.4999999999999998,121000.0,1.0
2024-04-19,Đắk Lắk,Cà phê,121000.0,VND/kg,Chợ Giá,https://chogia.vn/gia-ca-phe-dak-lak-hom-nay/,36.4,24.5,29.5,0.5,0.5,2.0,61,0.253,0.271,23.75,122000.0,78400.0,78400.0,78400.0,78400.0,78400.0,84628.57142857143,16479.25102320232,81514.28571428571,79853.33333333333,7960.234502408422,0.11428571428571414,0.43333333333333335,29.3,28.443333333333335,56.42857142857143,60.8,4,19,4,2,0.8660254037844387,-0.4999999999999998,123500.0,1.0
2024-04-20,Đắk Lắk,Cà phê,123500.0,VND/kg,Chợ Giá,https://chogia.vn/gia-ca-phe-dak-lak-hom-nay/,35.8,24.6,29.2,0.8,0.8,4.0,62,0.266,0.271,22.42,121000.0,122000.0,78400.0,78400.0,78400.0,78400.0,90714.28571428571,21032.62771437343,84557.14285714286,81273.33333333333,10935.608818437375,0.1714285714285713,0.44666666666666666,29.485714285714284,28.586666666666666,56.285714285714285,60.5,5,20,4,2,0.8660254037844387,-0.4999999999999998,123500.0,1.0
2024-04-21,Đắk Lắk,Cà phê,123500.0,VND/kg,Chợ Giá,https://chogia.vn/gia-ca-phe-dak-lak-hom-nay/,35.6,25.1,29.6,0.9,0.9,3.0,62,0.275,0.271,22.22,123500.0,121000.0,122000.0,78400.0,78400.0,78400.0,97157.14285714286,23405.54472362318,87778.57142857143,82776.66666666667,13358.548427578287,0.2857142857142856,0.4733333333333334,29.45714285714286,28.71333333333333,57.0,60.3,6,21,4,2,0.8660254037844387,-0.4999999999999998,127000.0,1.0
2024-04-22,Đắk Lắk,Cà phê,127000.0,VND/kg,Chợ Giá,https://chogia.vn/gia-ca-phe-dak-lak-hom-nay/,36.2,25.2,30.1,0.0,0.0,0.0,60,0.276,0.271,24.14,123500.0,123500.0,121000.0,78400.0,78400.0,78400.0,103600.0,23588.34457947402,91000.0,84280.0,15252.481991353148,0.41428571428571415,0.5033333333333333,29.45714285714286,28.806666666666665,58.42857142857143,60.36666666666667,0,22,4,2,0.8660254037844387,-0.4999999999999998,129000.0,1.0
2024-04-23,Đắk Lắk,Cà phê,129000.0,VND/kg,Chợ Giá,https://chogia.vn/gia-ca-phe-dak-lak-hom-nay/,36.6,25.3,30.0,1.4,1.4,2.0,62,0.28,0.271,22.51,127000.0,123500.0,123500.0,78400.0,78400.0,78400.0,110542.85714285714,22036.171562747888,94471.42857142857,85900.0,17078.116669162257,0.41428571428571415,0.5033333333333333,29.514285714285712,28.896666666666665,59.57142857142857,60.333333333333336,1,23,4,2,0.8660254037844387,-0.4999999999999998,129300.0,1.0
2024-04-24,Đắk Lắk,Cà phê,129300.0,VND/kg,Chợ Giá,https://chogia.vn/gia-ca-phe-dak-lak-hom-nay/,37.7,25.8,31.2,0.4,0.4,2.0,58,0.28,0.271,24.9,129000.0,127000.0,123500.0,78400.0,78400.0,78400.0,117771.42857142857,17584.53053924716,98085.71428571429,87586.66666666667,18730.589646504664,0.6142857142857141,0.5466666666666666,29.614285714285717,28.956666666666667,60.285714285714285,60.36666666666667,2,24,4,2,0.8660254037844387,-0.4999999999999998,132000.0,1.0
2024-04-25,Đắk Lắk,Cà phê,132000.0,VND/kg,Chợ Giá,https://chogia.vn/gia-ca-phe-dak-lak-hom-nay/,36.5,26.0,30.4,0.5,0.5,1.0,61,0.28,0.271,22.94,129300.0,129000.0,127000.0,122000.0,78400.0,78400.0,125042.85714285714,3365.935799970877,101721.42857142857,89283.33333333333,20123.293816445388,0.6714285714285714,0.56,29.842857142857145,29.04666666666667,60.714285714285715,60.266666666666666,3,25,4,2,0.8660254037844387,-0.4999999999999998,134000.0,1.0
2024-04-26,Đắk Lắk,Cà phê,134000.0,VND/kg,Chợ Giá,https://chogia.vn/gia-ca-phe-dak-lak-hom-nay/,36.5,25.9,30.1,0.2,0.2,1.0,62,0.278,0.271,20.98,132000.0,129300.0,129000.0,121000.0,78400.0,78400.0,126471.42857142857,3933.4947505218224,105550.0,91070.0,21458.832278542588,0.6428571428571427,0.5766666666666667,30.0,29.143333333333334,60.857142857142854,60.3,4,26,4,2,0.8660254037844387,-0.4999999999999998,131500.0,1.0
2024-04-27,Đắk Lắk,Cà phê,131500.0,VND/kg,Chợ Giá,https://chogia.vn/gia-ca-phe-dak-lak-hom-nay/,37.5,25.5,31.3,0.0,0.0,0.0,57,0.274,0.271,24.69,134000.0,132000.0,129300.0,123500.0,78400.0,78400.0,128328.57142857143,3988.1968714841664,109521.42857142857,92923.33333333333,22692.375802022816,0.5999999999999998,0.55,30.08571428571429,29.223333333333336,61.0,60.2,5,27,4,2,0.8660254037844387,-0.4999999999999998,134000.0,1.0
2024-04-28,Đắk Lắk,Cà phê,134000.0,VND/kg,Chợ Giá,https://chogia.vn/gia-ca-phe-dak-lak-hom-nay/,36.6,26.6,31.0,0.3,0.3,1.0,56,0.274,0.272,23.1,131500.0,134000.0,132000.0,123500.0,78400.0,78400.0,129471.42857142857,3488.893943986084,113314.28571428571,94693.33333333333,23574.254415874293,0.4857142857142856,0.3433333333333333,30.385714285714283,29.37,60.285714285714285,59.733333333333334,6,28,4,2,0.8660254037844387,-0.4999999999999998,134000.0,1.0
2024-04-29,Đắk Lắk,Cà phê,134000.0,VND/kg,Chợ Giá,https://chogia.vn/gia-ca-phe-dak-lak-hom-nay/,37.0,26.2,31.4,0.0,0.0,0.0,52,0.274,0.272,24.5,134000.0,131500.0,134000.0,127000.0,78400.0,78400.0,130971.42857142857,2649.977538090238,117285.71428571429,96546.66666666667,24419.54747432015,0.39999999999999986,0.35333333333333333,30.585714285714285,29.446666666666665,59.42857142857143,59.56666666666667,0,29,4,2,0.8660254037844387,-0.4999999999999998,134200.0,1.0
2024-04-30,Đắk Lắk,Cà phê,134200.0,VND/kg,Chợ Giá,https://chogia.vn/gia-ca-phe-dak-lak-hom-nay/,38.1,25.5,31.7,0.0,0.0,0.0,51,0.271,0.272,25.61,134000.0,134000.0,131500.0,129000.0,78400.0,78400.0,131971.42857142858,2180.7600247886435,121257.14285714286,98400.0,25095.34920506465,0.39999999999999986,0.3433333333333333,30.771428571428572,29.54,58.285714285714285,59.2,1,30,4,2,0.8660254037844387,-0.4999999999999998,133000.0,1.0
2024-05-01,Đắk Lắk,Cà phê,133000.0,VND/kg,Chợ Giá,https://chogia.vn/gia-ca-phe-dak-lak-hom-nay/,37.2,26.3,31.0,0.3,0.3,1.0,58,0.272,0.272,23.4,134200.0,134000.0,134000.0,129300.0,78400.0,78400.0,132714.2857142857,1862.2822659567928,125242.85714285714,100260.0,25624.18846486186,0.19999999999999987,0.30999999999999994,31.014285714285712,29.643333333333334,56.714285714285715,58.766666666666666,2,1,5,2,0.49999999999999994,-0.8660254037844387,130500.0,1.0
2024-05-02,Đắk Lắk,Cà phê,130500.0,VND/kg,Chợ Giá,https://chogia.vn/gia-ca-phe-dak-lak-hom-nay/,35.8,25.9,29.7,3.0,3.0,6.0,64,0.302,0.272,22.75,133000.0,134200.0,134000.0,132000.0,122000.0,78400.0,133242.85714285713,1101.2979355556415,129142.85714285714,102080.0,25954.899876250878,0.18571428571428558,0.24333333333333332,30.985714285714284,29.723333333333336,56.714285714285715,58.46666666666667,3,2,5,2,0.49999999999999994,-0.8660254037844387,118000.0,1.0
2024-05-03,Đắk Lắk,Cà phê,118000.0,VND/kg,Chợ Giá,https://chogia.vn/gia-ca-phe-dak-lak-hom-nay/,34.9,24.2,28.2,0.9,0.9,5.0,73,0.355,0.273,20.02,130500.0,133000.0,134200.0,134000.0,121000.0,78400.0,133028.57142857142,1468.2350921144202,129750.0,103816.66666666667,26058.635253296914,0.5428571428571427,0.31333333333333335,30.88571428571429,29.756666666666664,57.142857142857146,58.3,4,3,5,2,0.49999999999999994,-0.8660254037844387,103000.0,1.0
2024-05-04,Đắk Lắk,Cà phê,103000.0,VND/kg,Chợ Giá,https://chogia.vn/gia-ca-phe-dak-lak-hom-nay/,33.9,23.8,27.1,1.4,1.4,4.0,78,0.358,0.274,19.41,118000.0,130500.0,133000.0,131500.0,123500.0,78400.0,130742.85714285714,5791.907326277957,129535.71428571429,105136.66666666667,25727.624806050804,0.6428571428571427,0.3366666666666667,30.61428571428571,29.720000000000002,58.714285714285715,58.6,5,4,5,2,0.49999999999999994,-0.8660254037844387,101000.0,1.0
2024-05-05,Đắk Lắk,Cà phê,101000.0,VND/kg,Chợ Giá,https://chogia.vn/gia-ca-phe-dak-lak-hom-nay/,32.5,23.7,27.3,3.7,3.7,2.0,76,0.407,0.28,18.26,103000.0,118000.0,130500.0,134000.0,123500.0,78400.0,126671.42857142857,11932.688197512289,128071.42857142857,105956.66666666667,25233.361651390926,0.8428571428571426,0.38333333333333336,30.014285714285712,29.62,61.714285714285715,59.266666666666666,6,5,5,2,0.49999999999999994,-0.8660254037844387,100000.0,1.0
2024-05-06,Đắk Lắk,Cà phê,100000.0,VND/kg,Chợ Giá,https://chogia.vn/gia-ca-phe-dak-lak-hom-nay/,34.4,23.8,28.7,0.0,0.0,0.0,64,0.37,0.282,25.97,101000.0,103000.0,118000.0,134000.0,127000.0,78400.0,121957.14285714286,14742.665650288334,126464.28571428571,106710.0,24714.317363799913,1.3285714285714285,0.5033333333333334,29.485714285714288,29.52,64.57142857142857,59.86666666666667,0,6,5,2,0.49999999999999994,-0.8660254037844387,100000.0,1.0
2024-05-07,Đắk Lắk,Cà phê,100000.0,VND/kg,Chợ Giá,https://chogia.vn/gia-ca-phe-dak-lak-hom-nay/,33.4,24.2,28.3,0.6,0.6,5.0,67,0.342,0.283,23.26,100000.0,101000.0,103000.0,134200.0,129000.0,78400.0,117100.0,15684.493403783692,124535.71428571429,107430.0,24169.760959256244,1.3285714285714285,0.5033333333333334,29.099999999999998,29.506666666666668,66.28571428571429,60.2,1,7,5,2,0.49999999999999994,-0.8660254037844387,95000.0,1.0
2024-05-08,Đắk Lắk,Cà phê,95000.0,VND/kg,Chợ Giá,https://chogia.vn/gia-ca-phe-dak-lak-hom-nay/,33.9,23.6,28.2,0.1,0.1,1.0,69,0.324,0.281,24.87,100000.0,100000.0,101000.0,133000.0,129300.0,78400.0,112214.28571428571,14770.063029816847,122464.28571428571,108150.0,23589.926985313352,1.4142857142857141,0.5233333333333333,28.614285714285717,29.473333333333333,68.57142857142857,60.53333333333333,2,8,5,2,0.49999999999999994,-0.8660254037844387,98000.0,1.0
2024-05-09,Đắk Lắk,Cà phê,98000.0,VND/kg,Chợ Giá,https://chogia.vn/gia-ca-phe-dak-lak-hom-nay/,34.2,24.7,28.3,1.8,1.8,3.0,68,0.312,0.279,23.29,95000.0,100000.0,100000.0,130500.0,132000.0,78400.0,106785.71428571429,12694.674548989515,120014.28571428571,108703.33333333333,23056.698979170746,1.3857142857142855,0.5266666666666667,28.214285714285715,29.40666666666667,70.14285714285714,61.0,3,9,5,2,0.49999999999999994,-0.8660254037844387,99000.0,1.0
2024-05-10,Đắk Lắk,Cà phê,99000.0,VND/kg,Chợ Giá,https://chogia.vn/gia-ca-phe-dak-lak-hom-nay/,35.2,24.4,29.2,0.0,0.0,0.0,63,0.299,0.279,26.33,98000.0,95000.0,100000.0,118000.0,134000.0,78400.0,102142.85714285714,7425.823667638297,117585.71428571429,109356.66666666667,22437.801898202724,1.2142857142857142,0.5866666666666667,28.014285714285712,29.416666666666668,70.71428571428571,61.3,4,10,5,2,0.49999999999999994,-0.8660254037844387,99500.0,1.0
2024-05-11,Đắk Lắk,Cà phê,99500.0,VND/kg,Chợ Giá,https://chogia.vn/gia-ca-phe-dak-lak-hom-nay/,36.4,24.9,29.9,0.0,0.0,0.0,60,0.286,0.278,25.43,99000.0,98000.0,95000.0,103000.0,131500.0,78400.0,99428.57142857143,2507.1326821119906,115085.71428571429,110043.33333333333,21762.8231455473,1.0857142857142856,0.5866666666666667,28.157142857142855,29.473333333333336,69.28571428571429,61.333333333333336,5,11,5,2,0.49999999999999994,-0.8660254037844387,101000.0,1.0
2024-05-12,Đắk Lắk,Cà phê,101000.0,VND/kg,Chợ Giá,https://chogia.vn/gia-ca-phe-dak-lak-hom-nay/,36.6,24.8,30.2,0.2,0.2,2.0,61,0.278,0.278,25.25,99500.0,99000.0,98000.0,101000.0,134000.0,78400.0,98928.57142857143,1966.9894811735455,112800.0,110746.66666666667,21033.646827180874,0.8857142857142856,0.5866666666666667,28.557142857142857,29.55,66.71428571428571,61.3,6,12,5,2,0.49999999999999994,-0.8660254037844387,101000.0,1.0
2024-05-13,Đắk Lắk,Cà phê,101000.0,VND/kg,Chợ Giá,https://chogia.vn/gia-ca-phe-dak-lak-hom-nay/,37.7,24.6,30.3,0.1,0.1,1.0,59,0.274,0.278,26.47,101000.0,99500.0,99000.0,100000.0,134000.0,78400.0,98928.57142857143,1966.9894811735455,110442.85714285714,111500.0,20224.328129158293,0.3857142857142856,0.59,28.97142857142857,29.616666666666667,64.57142857142857,61.266666666666666,0,13,5,2,0.49999999999999994,-0.8660254037844387,100800.0,1.0
2024-05-14,Đắk Lắk,Cà phê,100800.0,VND/kg,Chợ Giá,https://chogia.vn/gia-ca-phe-dak-lak-hom-nay/,35.6,24.2,29.1,6.0,6.0,4.0,66,0.279,0.278,23.37,101000.0,101000.0,99500.0,100000.0,134200.0,78400.0,99071.42857142857,2090.2266908274282,108085.71428571429,112253.33333333333,19350.92857672754,0.39999999999999986,0.5933333333333334,29.2,29.646666666666665,63.857142857142854,61.333333333333336,1,14,5,2,0.49999999999999994,-0.8660254037844387,102000.0,1.0
2024-05-15,Đắk Lắk,Cà phê,102000.0,VND/kg,Chợ Giá,https://chogia.vn/gia-ca-phe-dak-lak-hom-nay/,36.0,25.1,28.6,4.9,4.9,9.0,71,0.284,0.278,23.94,100800.0,101000.0,101000.0,95000.0,133000.0,78400.0,99185.71428571429,2169.8145630663944,105700.0,113000.0,18408.86218364821,1.1714285714285713,0.7933333333333333,29.314285714285713,29.63,63.714285714285715,61.8,2,15,5,2,0.49999999999999994,-0.8660254037844387,101500.0,1.0
2024-05-16,Đắk Lắk,Cà phê,101500.0,VND/kg,Chợ Giá,https://chogia.vn/gia-ca-phe-dak-lak-hom-nay/,34.5,24.3,28.4,1.0,1.0,5.0,72,0.345,0.283,23.26,102000.0,100800.0,101000.0,98000.0,130500.0,78400.0,100185.71428571429,1393.3515606006993,103485.71428571429,113786.66666666667,17353.301054014646,1.8571428571428572,0.9566666666666667,29.371428571428574,29.593333333333337,64.0,62.43333333333333,3,16,5,2,0.49999999999999994,-0.8660254037844387,102400.0,1.0
2024-05-17,Đắk Lắk,Cà phê,102400.0,VND/kg,Chợ Giá,https://chogia.vn/gia-ca-phe-dak-lak-hom-nay/,33.4,24.2,27.0,20.3,20.3,11.0,81,0.449,0.325,20.21,101500.0,102000.0,100800.0,99000.0,118000.0,78400.0,100685.71428571429,1068.3766056164056,101414.28571428571,114556.66666666667,16203.377326397442,1.7428571428571427,0.99,29.385714285714283,29.563333333333333,64.57142857142857,62.93333333333333,4,17,5,2,0.49999999999999994,-0.8660254037844387,103900.0,1.0
2024-05-18,Đắk Lắk,Cà phê,103900.0,VND/kg,Chợ Giá,https://chogia.vn/gia-ca-phe-dak-lak-hom-nay/,31.8,24.0,26.6,16.3,16.3,7.0,84,0.459,0.378,21.39,102400.0,101500.0,102000.0,99500.0,103000.0,122000.0,101171.42857142857,939.3513466115002,100300.0,115356.66666666667,14896.439827698141,4.642857142857143,1.6666666666666667,29.071428571428573,29.47666666666667,67.14285714285714,63.8,5,18,5,2,0.49999999999999994,-0.8660254037844387,103900.0,1.0
2024-05-19,Đắk Lắk,Cà phê,103900.0,VND/kg,Chợ Giá,https://chogia.vn/gia-ca-phe-dak-lak-hom-nay/,29.0,24.4,26.1,3.0,3.0,7.0,86,0.473,0.407,10.68,103900.0,102400.0,101500.0,101000.0,101000.0,121000.0,101800.0,1093.9226054280941,100364.28571428571,114753.33333333333,14984.376537910632,6.971428571428571,2.1866666666666665,28.6,29.386666666666667,70.57142857142857,64.6,6,19,5,2,0.49999999999999994,-0.8660254037844387,104000.0,1.0
2024-05-20,Đắk Lắk,Cà phê,104000.0,VND/kg,Chợ Giá,https://chogia.vn/gia-ca-phe-dak-lak-hom-nay/,31.5,24.2,27.0,3.9,3.9,4.0,79,0.461,0.433,19.1,103900.0,103900.0,102400.0,101000.0,100000.0,123500.0,102214.28571428571,1274.6614863413179,100571.42857142857,114183.33333333333,15063.59125870046,7.371428571428571,2.27,28.014285714285712,29.27333333333333,74.14285714285714,65.43333333333334,0,20,5,2,0.49999999999999994,-0.8660254037844387,105600.0,1.0
2024-05-21,Đắk Lắk,Cà phê,105600.0,VND/kg,Chợ Giá,https://chogia.vn/gia-ca-phe-dak-lak-hom-nay/,27.3,24.3,25.7,1.7,1.7,9.0,85,0.445,0.426,10.21,104000.0,103900.0,103900.0,100800.0,100000.0,123500.0,102642.85714285714,1302.3787760058365,100857.14285714286,113533.33333333333,15068.426303511898,7.9142857142857155,2.3733333333333335,27.542857142857144,29.2,77.0,66.0,1,21,5,2,0.49999999999999994,-0.8660254037844387,110000.0,1.0
2024-05-22,Đắk Lắk,Cà phê,110000.0,VND/kg,Chợ Giá,https://chogia.vn/gia-ca-phe-dak-lak-hom-nay/,32.3,24.0,27.0,7.4,7.4,9.0,80,0.417,0.412,22.74,105600.0,104000.0,103900.0,102000.0,95000.0,127000.0,103328.57142857143,1427.9522467672523,101257.14285714286,112936.66666666667,15014.463907738529,7.3,2.4,27.057142857142857,29.07,79.71428571428571,66.76666666666667,2,22,5,2,0.49999999999999994,-0.8660254037844387,117000.0,1.0
2024-05-23,Đắk Lắk,Cà phê,117000.0,VND/kg,Chợ Giá,https://chogia.vn/gia-ca-phe-dak-lak-hom-nay/,30.9,23.4,26.1,15.7,15.7,12.0,85,0.45,0.413,19.55,110000.0,105600.0,104000.0,101500.0,98000.0,129000.0,104471.42857142857,2763.88270717983,102328.57142857143,112370.0,14784.431466684973,7.657142857142857,2.6466666666666665,26.828571428571426,28.966666666666665,81.0,67.43333333333334,3,23,5,2,0.49999999999999994,-0.8660254037844387,114000.0,1.0
2024-05-24,Đắk Lắk,Cà phê,114000.0,VND/kg,Chợ Giá,https://chogia.vn/gia-ca-phe-dak-lak-hom-nay/,32.7,22.8,27.1,3.7,3.7,8.0,79,0.465,0.446,24.48,117000.0,110000.0,105600.0,102400.0,99000.0,129300.0,106685.71428571429,5158.303523261833,103685.71428571429,111970.0,14478.14405137672,9.757142857142856,3.1233333333333335,26.5,28.836666666666666,82.85714285714286,68.2,4,24,5,2,0.49999999999999994,-0.8660254037844387,115500.0,1.0
2024-05-25,Đắk Lắk,Cà phê,115500.0,VND/kg,Chợ Giá,https://chogia.vn/gia-ca-phe-dak-lak-hom-nay/,32.7,23.9,27.9,1.2,1.2,6.0,79,0.434,0.425,23.94,114000.0,117000.0,110000.0,103900.0,99500.0,132000.0,108342.85714285714,5409.207318038762,104757.14285714286,111460.0,14111.467579290982,7.385714285714286,3.2333333333333334,26.514285714285716,28.7,82.57142857142857,68.9,5,25,5,2,0.49999999999999994,-0.8660254037844387,115500.0,1.0
2024-05-26,Đắk Lắk,Cà phê,115500.0,VND/kg,Chợ Giá,https://chogia.vn/gia-ca-phe-dak-lak-hom-nay/,32.8,23.0,27.5,0.6,0.6,3.0,77,0.413,0.411,24.57,115500.0,114000.0,117000.0,103900.0,101000.0,134000.0,110000.0,5594.938188517702,105900.0,110910.0,13595.418853169056,5.228571428571429,3.256666666666667,26.699999999999996,28.616666666666667,81.85714285714286,69.5,6,26,5,2,0.49999999999999994,-0.8660254037844387,116200.0,1.0
2024-05-27,Đắk Lắk,Cà phê,116200.0,VND/kg,Chợ Giá,https://chogia.vn/gia-ca-phe-dak-lak-hom-nay/,33.1,23.9,28.1,1.0,1.0,8.0,76,0.406,0.399,24.31,115500.0,115500.0,114000.0,104000.0,101000.0,131500.0,111657.14285714286,5190.329836294061,106935.71428571429,110293.33333333333,12914.49154841274,4.885714285714285,3.27,26.900000000000002,28.529999999999998,80.57142857142857,70.0,0,27,5,2,0.49999999999999994,-0.8660254037844387,116700.0,1.0
2024-05-28,Đắk Lắk,Cà phê,116700.0,VND/kg,Chợ Giá,https://chogia.vn/gia-ca-phe-dak-lak-hom-nay/,31.6,23.6,26.8,6.6,6.6,9.0,83,0.406,0.39,19.96,116200.0,115500.0,115500.0,105600.0,100800.0,134000.0,113400.0,4130.778780488491,108021.42857142857,109783.33333333333,12337.357995083536,4.4714285714285715,3.3033333333333332,27.057142857142857,28.423333333333336,80.14285714285714,70.63333333333334,1,28,5,2,0.49999999999999994,-0.8660254037844387,120700.0,1.0
2024-05-29,Đắk Lắk,Cà phê,120700.0,VND/kg,Chợ Giá,https://chogia.vn/gia-ca-phe-dak-lak-hom-nay/,30.6,24.6,26.7,7.8,7.8,9.0,83,0.411,0.384,15.78,116700.0,116200.0,115500.0,110000.0,102000.0,134000.0,114985.71428571429,2409.3073495846593,109157.14285714286,109206.66666666667,11545.291123503028,5.171428571428571,3.513333333333333,27.214285714285715,28.283333333333335,79.85714285714286,71.53333333333333,2,29,5,2,0.49999999999999994,-0.8660254037844387,122700.0,1.0
2024-05-30,Đắk Lắk,Cà phê,122700.0,VND/kg,Chợ Giá,https://chogia.vn/gia-ca-phe-dak-lak-hom-nay/,31.1,23.4,26.1,13.5,13.5,12.0,83,0.442,0.384,14.19,120700.0,116700.0,116200.0,117000.0,101500.0,134200.0,116514.28571428571,2092.3898389392134,110492.85714285714,108763.33333333333,10791.135676813783,5.228571428571429,3.7733333333333334,27.171428571428574,28.12666666666667,80.28571428571429,72.56666666666666,3,30,5,2,0.49999999999999994,-0.8660254037844387,123500.0,1.0
2024-05-31,Đắk Lắk,Cà phê,123500.0,VND/kg,Chợ Giá,https://chogia.vn/gia-ca-phe-dak-lak-hom-nay/,31.0,23.3,26.5,0.3,0.3,3.0,79,0.453,0.399,18.71,122700.0,120700.0,116700.0,114000.0,102400.0,133000.0,117328.57142857143,3153.154127596971,112007.14285714286,108380.0,10034.093605441378,4.914285714285714,4.223333333333333,27.171428571428574,27.94,80.0,73.63333333333334,4,31,5,2,0.49999999999999994,-0.8660254037844387,120000.0,1.0
2024-06-01,Đắk Lắk,Cà phê,120000.0,VND/kg,Chợ Giá,https://chogia.vn/gia-ca-phe-dak-lak-hom-nay/,32.5,23.6,26.9,1.8,1.8,7.0,77,0.434,0.397,21.19,123500.0,122700.0,120700.0,115500.0,103900.0,130500.0,118685.71428571429,3506.388726990038,113514.28571428571,108063.33333333333,9357.404714369612,4.428571428571429,4.223333333333334,27.085714285714285,27.790000000000003,80.0,74.33333333333333,5,1,6,2,1.2246467991473532e-16,-1.0,120000.0,1.0
2024-06-02,Đắk Lắk,Cà phê,120000.0,VND/kg,Chợ Giá,https://chogia.vn/gia-ca-phe-dak-lak-hom-nay/,31.6,23.3,26.8,0.4,0.4,4.0,79,0.446,0.402,19.76,120000.0,123500.0,122700.0,115500.0,103900.0,118000.0,119328.57142857143,3226.3055681457927,114664.28571428571,107713.33333333333,8659.606319527247,4.514285714285714,4.183333333333334,26.942857142857143,27.69666666666667,79.71428571428571,74.76666666666667,6,2,6,2,1.2246467991473532e-16,-1.0,120000.0,1.0
2024-06-03,Đắk Lắk,Cà phê,120000.0,VND/kg,Chợ Giá,https://chogia.vn/gia-ca-phe-dak-lak-hom-nay/,32.2,23.7,26.7,6.0,6.0,9.0,79,0.42,0.395,21.2,120000.0,120000.0,123500.0,116200.0,104000.0,103000.0,119971.42857142857,2749.372222717135,115814.28571428571,107780.0,8748.76937158834,4.485714285714286,4.166666666666667,26.842857142857145,27.65,80.0,74.96666666666667,0,3,6,2,1.2246467991473532e-16,-1.0,123000.0,1.0
2024-06-04,Đắk Lắk,Cà phê,123000.0,VND/kg,Chợ Giá,https://chogia.vn/gia-ca-phe-dak-lak-hom-nay/,33.8,23.9,28.0,0.3,0.3,1.0,73,0.393,0.385,24.38,120000.0,120000.0,120000.0,116700.0,105600.0,101000.0,120514.28571428571,2201.081985016199,116957.14285714286,108346.66666666667,8976.088286082148,5.2,4.319999999999999,26.642857142857142,27.636666666666667,80.42857142857143,75.0,1,4,6,2,1.2246467991473532e-16,-1.0,124500.0,1.0
2024-06-05,Đắk Lắk,Cà phê,124500.0,VND/kg,Chợ Giá,https://chogia.vn/gia-ca-phe-dak-lak-hom-nay/,32.1,24.6,26.5,11.5,11.5,6.0,84,0.415,0.376,21.14,123000.0,120000.0,120000.0,120700.0,110000.0,100000.0,121414.28571428571,1582.643960201679,118200.0,109080.0,9249.693377956259,4.3,4.206666666666667,26.814285714285717,27.660000000000004,79.0,74.9,2,5,6,2,1.2246467991473532e-16,-1.0,126000.0,1.0
2024-06-06,Đắk Lắk,Cà phê,126000.0,VND/kg,Chợ Giá,https://chogia.vn/gia-ca-phe-dak-lak-hom-nay/,32.0,23.3,26.3,10.3,10.3,7.0,84,0.456,0.374,22.47,124500.0,123000.0,120000.0,122700.0,117000.0,100000.0,121957.14285714286,1913.859227544726,119235.71428571429,109896.66666666667,9498.583681477152,4.828571428571428,4.59,26.785714285714285,27.586666666666666,79.14285714285714,75.56666666666666,3,6,6,2,1.2246467991473532e-16,-1.0,125400.0,1.0
2024-06-07,Đắk Lắk,Cà phê,125400.0,VND/kg,Chợ Giá,https://chogia.vn/gia-ca-phe-dak-lak-hom-nay/,32.3,23.6,26.7,3.0,3.0,2.0,79,0.432,0.375,23.26,126000.0,124500.0,123000.0,123500.0,114000.0,95000.0,122428.57142857143,2456.7690745601726,119878.57142857143,110763.33333333333,9747.342107514267,4.371428571428572,4.913333333333333,26.814285714285713,27.52,79.28571428571429,76.13333333333334,4,7,6,2,1.2246467991473532e-16,-1.0,123400.0,1.0
2024-06-08,Đắk Lắk,Cà phê,123400.0,VND/kg,Chợ Giá,https://chogia.vn/gia-ca-phe-dak-lak-hom-nay/,31.5,23.5,26.3,4.2,4.2,3.0,79,0.431,0.375,19.76,125400.0,126000.0,124500.0,120000.0,115500.0,98000.0,122700.0,2688.865931949931,120692.85714285714,111776.66666666667,9631.58179200557,4.757142857142857,5.010000000000001,26.842857142857145,27.470000000000002,79.28571428571429,76.46666666666667,5,8,6,2,1.2246467991473532e-16,-1.0,124000.0,1.0
2024-06-09,Đắk Lắk,Cà phê,124000.0,VND/kg,Chợ Giá,https://chogia.vn/gia-ca-phe-dak-lak-hom-nay/,32.0,23.4,26.2,4.9,4.9,9.0,80,0.439,0.376,19.59,123400.0,125400.0,126000.0,120000.0,115500.0,99000.0,123185.71428571429,2412.7636791508526,121257.14285714286,112623.33333333333,9494.197259863351,5.1000000000000005,5.09,26.757142857142856,27.403333333333332,79.57142857142857,76.83333333333333,6,9,6,2,1.2246467991473532e-16,-1.0,124000.0,1.0
2024-06-10,Đắk Lắk,Cà phê,124000.0,VND/kg,Chợ Giá,https://chogia.vn/gia-ca-phe-dak-lak-hom-nay/,31.6,23.4,26.4,2.8,2.8,11.0,76,0.434,0.377,21.49,124000.0,123400.0,125400.0,120000.0,116200.0,99500.0,123757.14285714286,1964.5670794159225,121864.28571428571,113456.66666666667,9353.320757645582,5.742857142857143,5.253333333333333,26.671428571428574,27.303333333333335,79.71428571428571,77.4,0,10,6,2,1.2246467991473532e-16,-1.0,122400.0,1.0
2024-06-11,Đắk Lắk,Cà phê,122400.0,VND/kg,Chợ Giá,https://chogia.vn/gia-ca-phe-dak-lak-hom-nay/,32.1,23.1,27.2,0.8,0.8,4.0,72,0.413,0.373,23.72,124000.0,124000.0,123400.0,123000.0,116700.0,101000.0,124328.57142857143,1065.6989658037996,122421.42857142857,114273.33333333333,9160.294127687639,5.285714285714286,5.346666666666667,26.628571428571426,27.186666666666667,79.28571428571429,77.93333333333334,1,11,6,2,1.2246467991473532e-16,-1.0,121000.0,1.0
2024-06-12,Đắk Lắk,Cà phê,121000.0,VND/kg,Chợ Giá,https://chogia.vn/gia-ca-phe-dak-lak-hom-nay/,32.7,23.8,27.7,0.7,0.7,3.0,71,0.388,0.366,24.16,122400.0,124000.0,124000.0,124500.0,120700.0,101000.0,124242.85714285714,1205.3452380368628,122828.57142857143,114986.66666666667,8921.138528443538,5.3571428571428585,5.366666666666666,26.514285714285712,27.086666666666662,79.14285714285714,78.3,2,12,6,2,1.2246467991473532e-16,-1.0,121400.0,1.0
2024-06-13,Đắk Lắk,Cà phê,121400.0,VND/kg,Chợ Giá,https://chogia.vn/gia-ca-phe-dak-lak-hom-nay/,32.8,23.6,27.8,0.7,0.7,4.0,73,0.368,0.358,23.43,121000.0,122400.0,124000.0,126000.0,122700.0,100800.0,123742.85714285714,1703.7773161003545,122850.0,115653.33333333333,8580.681322250854,3.8142857142857145,5.386666666666667,26.685714285714283,27.0,77.28571428571429,78.7,3,13,6,2,1.2246467991473532e-16,-1.0,121600.0,1.0
2024-06-14,Đắk Lắk,Cà phê,121600.0,VND/kg,Chợ Giá,https://chogia.vn/gia-ca-phe-dak-lak-hom-nay/,32.4,24.7,27.7,4.0,4.0,3.0,75,0.37,0.349,22.1,121400.0,121000.0,122400.0,125400.0,123500.0,102000.0,123085.71428571429,1569.9560200091194,122757.14285714286,116340.0,8165.2586165940775,2.442857142857143,5.209999999999999,26.900000000000002,26.956666666666663,75.71428571428571,78.93333333333334,4,14,6,2,1.2246467991473532e-16,-1.0,120000.0,1.0
2024-06-15,Đắk Lắk,Cà phê,120000.0,VND/kg,Chợ Giá,https://chogia.vn/gia-ca-phe-dak-lak-hom-nay/,32.8,23.3,27.1,2.9,2.9,5.0,79,0.426,0.348,24.01,121600.0,121400.0,121000.0,123400.0,120000.0,101500.0,122542.85714285714,1263.4043201570237,122621.42857142857,116993.33333333333,7751.971199073576,2.585714285714286,5.180000000000001,27.04285714285714,26.926666666666666,75.14285714285714,79.06666666666666,5,15,6,2,1.2246467991473532e-16,-1.0,120000.0,1.0
2024-06-16,Đắk Lắk,Cà phê,120000.0,VND/kg,Chợ Giá,https://chogia.vn/gia-ca-phe-dak-lak-hom-nay/,31.5,22.6,26.0,1.0,1.0,4.0,79,0.436,0.352,20.74,120000.0,121600.0,121400.0,124000.0,120000.0,102400.0,122057.14285714286,1508.7049003007232,122621.42857142857,117610.0,7192.637519210914,2.4,5.243333333333334,27.157142857142862,26.883333333333333,75.14285714285714,79.3,6,16,6,2,1.2246467991473532e-16,-1.0,120000.0,1.0
2024-06-17,Đắk Lắk,Cà phê,120000.0,VND/kg,Chợ Giá,https://chogia.vn/gia-ca-phe-dak-lak-hom-nay/,32.6,23.3,27.2,8.2,8.2,6.0,76,0.408,0.35,23.67,120000.0,120000.0,121600.0,124000.0,120000.0,103900.0,121485.71428571429,1404.0757000352546,122621.42857142857,118196.66666666667,6602.845955544145,1.8428571428571427,4.6,27.128571428571426,26.85,75.0,79.23333333333333,0,17,6,2,1.2246467991473532e-16,-1.0,121000.0,1.0
2024-06-18,Đắk Lắk,Cà phê,121000.0,VND/kg,Chợ Giá,https://chogia.vn/gia-ca-phe-dak-lak-hom-nay/,31.6,23.6,27.1,3.3,3.3,10.0,75,0.385,0.346,23.26,120000.0,120000.0,120000.0,122400.0,123000.0,103900.0,120914.28571428571,951.1897312118188,122621.42857142857,118733.33333333333,6030.230357202086,2.614285714285714,4.33,27.242857142857144,26.869999999999997,75.0,78.96666666666667,1,18,6,2,1.2246467991473532e-16,-1.0,119800.0,1.0
2024-06-19,Đắk Lắk,Cà phê,119800.0,VND/kg,Chợ Giá,https://chogia.vn/gia-ca-phe-dak-lak-hom-nay/,31.4,23.5,26.4,14.5,14.5,11.0,82,0.419,0.345,20.57,121000.0,120000.0,120000.0,121000.0,124500.0,104000.0,120714.28571428571,701.0196655083763,122478.57142857143,119303.33333333333,5349.539672966808,2.971428571428571,4.34,27.228571428571428,26.903333333333332,75.42857142857143,78.6,2,19,6,2,1.2246467991473532e-16,-1.0,121000.0,1.0
2024-06-20,Đắk Lắk,Cà phê,121000.0,VND/kg,Chợ Giá,https://chogia.vn/gia-ca-phe-dak-lak-hom-nay/,29.8,22.9,25.0,23.7,23.7,19.0,91,0.487,0.393,13.56,119800.0,121000.0,120000.0,121400.0,126000.0,105600.0,120542.85714285714,763.450812337012,122142.85714285714,119830.0,4501.505495291563,4.942857142857142,4.693333333333333,27.042857142857144,26.883333333333333,77.0,78.7,3,20,6,2,1.2246467991473532e-16,-1.0,123000.0,1.0
2024-06-21,Đắk Lắk,Cà phê,123000.0,VND/kg,Chợ Giá,https://chogia.vn/gia-ca-phe-dak-lak-hom-nay/,26.2,22.9,24.1,22.1,22.1,18.0,92,0.506,0.489,9.36,121000.0,119800.0,121000.0,121600.0,125400.0,110000.0,120485.71428571429,701.0196655083723,121785.71428571429,120343.33333333333,3613.259425804244,8.228571428571428,5.426666666666667,26.642857142857142,26.86,79.57142857142857,78.9,4,21,6,2,1.2246467991473532e-16,-1.0,121500.0,1.0
2024-06-22,Đắk Lắk,Cà phê,121500.0,VND/kg,Chợ Giá,https://chogia.vn/gia-ca-phe-dak-lak-hom-nay/,27.9,22.5,24.4,13.7,13.7,17.0,91,0.505,0.498,16.4,123000.0,121000.0,119800.0,120000.0,123400.0,117000.0,120685.71428571429,1136.410388649046,121614.28571428571,120776.66666666667,3068.4920854001384,10.814285714285713,5.916666666666667,26.12857142857143,26.763333333333332,82.0,79.3,5,22,6,2,1.2246467991473532e-16,-1.0,121500.0,1.0
2024-06-23,Đắk Lắk,Cà phê,121500.0,VND/kg,Chợ Giá,https://chogia.vn/gia-ca-phe-dak-lak-hom-nay/,29.5,22.6,24.6,23.3,23.3,17.0,89,0.503,0.502,16.02,121500.0,123000.0,121000.0,120000.0,124000.0,114000.0,120900.0,1126.9427669588683,121478.57142857143,120926.66666666667,2986.398284329482,12.357142857142858,5.85,25.742857142857144,26.706666666666663,83.71428571428571,79.5,6,23,6,2,1.2246467991473532e-16,-1.0,121300.0,1.0
2024-06-24,Đắk Lắk,Cà phê,121300.0,VND/kg,Chợ Giá,https://chogia.vn/gia-ca-phe-dak-lak-hom-nay/,29.8,22.2,24.9,19.5,19.5,19.0,86,0.503,0.498,19.89,121500.0,121500.0,123000.0,120000.0,124000.0,115500.0,121114.28571428571,1068.3766056169,121300.0,121176.66666666667,2685.29627638301,15.542857142857144,6.503333333333333,25.54285714285714,26.62333333333333,85.14285714285714,79.83333333333333,0,24,6,2,1.2246467991473532e-16,-1.0,124300.0,1.0
2024-06-25,Đắk Lắk,Cà phê,124300.0,VND/kg,Chợ Giá,https://chogia.vn/gia-ca-phe-dak-lak-hom-nay/,28.7,22.7,25.2,5.0,5.0,8.0,84,0.492,0.49,16.19,121300.0,121500.0,121500.0,121000.0,122400.0,115500.0,121300.0,948.6832980510023,121107.14285714286,121370.0,2462.0078713568646,17.157142857142855,7.113333333333333,25.214285714285715,26.52333333333333,86.57142857142857,80.06666666666666,1,25,6,2,1.2246467991473532e-16,-1.0,121300.0,1.0
2024-06-26,Đắk Lắk,Cà phê,121300.0,VND/kg,Chợ Giá,https://chogia.vn/gia-ca-phe-dak-lak-hom-nay/,29.1,22.5,25.4,4.8,4.8,11.0,85,0.472,0.47,19.72,124300.0,121300.0,121500.0,119800.0,121000.0,116200.0,121771.42857142857,1457.982951105821,121242.85714285714,121663.33333333333,2253.959479080281,17.400000000000002,7.26,24.942857142857143,26.446666666666665,87.85714285714286,80.3,2,26,6,2,1.2246467991473532e-16,-1.0,120000.0,1.0
2024-06-27,Đắk Lắk,Cà phê,120000.0,VND/kg,Chợ Giá,https://chogia.vn/gia-ca-phe-dak-lak-hom-nay/,30.7,22.8,25.9,10.7,10.7,12.0,85,0.469,0.459,22.28,121300.0,124300.0,121300.0,121000.0,121400.0,116700.0,121985.71428571429,1208.8955998884003,121264.28571428571,121833.33333333333,2006.4264567731677,16.014285714285716,7.386666666666667,24.8,26.356666666666666,88.28571428571429,80.6,3,27,6,2,1.2246467991473532e-16,-1.0,119800.0,1.0
2024-06-28,Đắk Lắk,Cà phê,119800.0,VND/kg,Chợ Giá,https://chogia.vn/gia-ca-phe-dak-lak-hom-nay/,30.6,23.1,25.7,17.5,17.5,6.0,88,0.49,0.481,22.62,120000.0,121300.0,124300.0,123000.0,121600.0,120700.0,121842.85714285714,1390.2723268691273,121164.28571428571,121943.33333333333,1794.5671523713957,14.157142857142857,7.5233333333333325,24.928571428571427,26.326666666666664,87.42857142857143,80.66666666666667,4,28,6,2,1.2246467991473532e-16,-1.0,119200.0,1.0
2024-06-29,Đắk Lắk,Cà phê,119200.0,VND/kg,Chợ Giá,https://chogia.vn/gia-ca-phe-dak-lak-hom-nay/,32.1,22.0,26.5,0.6,0.6,4.0,81,0.47,0.471,24.35,119800.0,120000.0,121300.0,121500.0,120000.0,122700.0,121385.71428571429,1470.1797752076102,121035.71428571429,121913.33333333333,1823.360545301855,13.5,7.846666666666667,25.157142857142855,26.293333333333333,86.85714285714286,80.83333333333333,5,29,6,2,1.2246467991473532e-16,-1.0,119200.0,1.0
2024-06-30,Đắk Lắk,Cà phê,119200.0,VND/kg,Chợ Giá,https://chogia.vn/gia-ca-phe-dak-lak-hom-nay/,31.2,22.7,25.9,15.7,15.7,11.0,83,0.455,0.454,22.87,119200.0,119800.0,120000.0,121500.0,120000.0,123500.0,121057.14285714286,1682.118845243915,120978.57142857143,121796.66666666667,1882.310270392617,11.62857142857143,7.416666666666667,25.457142857142856,26.30666666666667,85.42857142857143,80.76666666666667,6,30,6,2,1.2246467991473532e-16,-1.0,120000.0,1.0
2024-07-01,Đắk Lắk,Cà phê,120000.0,VND/kg,Chợ Giá,https://chogia.vn/gia-ca-phe-dak-lak-hom-nay/,31.5,22.7,26.0,6.8,6.8,6.0,82,0.444,0.437,24.46,119200.0,119200.0,119800.0,121300.0,120000.0,120000.0,120728.57142857143,1801.5866023356145,120921.42857142857,121653.33333333333,1911.6220470001974,10.542857142857143,7.930000000000001,25.642857142857142,26.28666666666667,84.57142857142857,80.9,0,1,7,3,-0.4999999999999997,-0.8660254037844388,121200.0,1.0
2024-07-02,Đắk Lắk,Cà phê,121200.0,VND/kg,Chợ Giá,https://chogia.vn/gia-ca-phe-dak-lak-hom-nay/,31.3,22.5,25.9,11.3,11.3,5.0,82,0.458,0.428,23.36,120000.0,119200.0,119200.0,124300.0,121000.0,120000.0,120542.85714285714,1799.8677200074176,120921.42857142857,121653.33333333333,1911.6220470001974,8.72857142857143,8.096666666666668,25.8,26.256666666666664,84.0,81.06666666666666,1,2,7,3,-0.4999999999999997,-0.8660254037844388,121700.0,1.0
2024-07-03,Đắk Lắk,Cà phê,121700.0,VND/kg,Chợ Giá,https://chogia.vn/gia-ca-phe-dak-lak-hom-nay/,29.3,22.1,24.6,12.0,12.0,10.0,88,0.478,0.436,19.49,121200.0,120000.0,119200.0,121300.0,119800.0,120000.0,120100.0,854.4003745322682,120935.71428571429,121693.33333333333,1888.2455519265327,9.62857142857143,8.46,25.900000000000002,26.226666666666667,83.71428571428571,81.16666666666667,2,3,7,3,-0.4999999999999997,-0.8660254037844388,121000.0,1.0
2024-07-04,Đắk Lắk,Cà phê,121000.0,VND/kg,Chợ Giá,https://chogia.vn/gia-ca-phe-dak-lak-hom-nay/,28.6,22.2,24.5,8.3,8.3,15.0,90,0.489,0.471,16.64,121700.0,121200.0,120000.0,120000.0,121000.0,123000.0,120157.14285714286,955.4355775550883,121071.42857142857,121750.0,1860.9878726288077,10.657142857142857,8.66,25.785714285714285,26.156666666666663,84.14285714285714,81.46666666666667,3,4,7,3,-0.4999999999999997,-0.8660254037844388,123000.0,1.0
2024-07-05,Đắk Lắk,Cà phê,123000.0,VND/kg,Chợ Giá,https://chogia.vn/gia-ca-phe-dak-lak-hom-nay/,29.9,21.8,25.2,4.8,4.8,4.0,85,0.485,0.474,20.87,121000.0,121700.0,121200.0,119800.0,123000.0,124500.0,120300.0,1001.6652800882244,121071.42857142857,121683.33333333333,1850.4581601055909,10.314285714285715,8.926666666666668,25.585714285714285,26.04,84.85714285714286,82.03333333333333,4,5,7,3,-0.4999999999999997,-0.8660254037844388,123600.0,1.0
2024-07-06,Đắk Lắk,Cà phê,123600.0,VND/kg,Chợ Giá,https://chogia.vn/gia-ca-phe-dak-lak-hom-nay/,30.8,22.2,26.0,1.6,1.6,2.0,80,0.462,0.458,19.98,123000.0,121000.0,121700.0,119200.0,121500.0,126000.0,120757.14285714286,1390.2723268691095,121071.42857142857,121633.33333333333,1791.0377137169755,8.5,8.703333333333335,25.514285714285712,25.996666666666666,84.42857142857143,82.06666666666666,5,6,7,3,-0.4999999999999997,-0.8660254037844388,123600.0,1.0
2024-07-07,Đắk Lắk,Cà phê,123600.0,VND/kg,Chợ Giá,https://chogia.vn/gia-ca-phe-dak-lak-hom-nay/,30.8,23.4,25.7,19.8,19.8,9.0,84,0.462,0.455,20.82,123600.0,123000.0,121000.0,119200.0,121500.0,125400.0,121385.71428571429,1553.9504190169137,121221.42857142857,121553.33333333333,1636.1715897994504,8.642857142857142,8.413333333333332,25.442857142857143,25.986666666666668,84.28571428571429,81.93333333333334,6,7,7,3,-0.4999999999999997,-0.8660254037844388,124100.0,1.0
2024-07-08,Đắk Lắk,Cà phê,124100.0,VND/kg,Chợ Giá,https://chogia.vn/gia-ca-phe-dak-lak-hom-nay/,30.4,23.0,25.6,4.4,4.4,11.0,84,0.481,0.475,21.74,123600.0,123600.0,123000.0,120000.0,121300.0,123400.0,122014.28571428571,1405.26221921849,121371.42857142857,121493.33333333333,1519.0589948673946,9.228571428571428,8.973333333333333,25.414285714285715,25.95333333333333,84.42857142857143,82.1,0,8,7,3,-0.4999999999999997,-0.8660254037844388,125700.0,1.0
2024-07-09,Đắk Lắk,Cà phê,125700.0,VND/kg,Chợ Giá,https://chogia.vn/gia-ca-phe-dak-lak-hom-nay/,29.1,22.3,24.7,21.9,21.9,16.0,90,0.492,0.483,18.91,124100.0,123600.0,123600.0,121200.0,124300.0,124000.0,122600.0,1274.1009902414867,121571.42857142857,121516.66666666667,1554.3228558547191,8.885714285714284,8.979999999999999,25.357142857142858,25.93,84.71428571428571,82.26666666666667,1,9,7,3,-0.4999999999999997,-0.8660254037844388,127700.0,1.0
2024-07-10,Đắk Lắk,Cà phê,127700.0,VND/kg,Chợ Giá,https://chogia.vn/gia-ca-phe-dak-lak-hom-nay/,29.9,22.2,25.2,8.8,8.8,9.0,85,0.496,0.499,22.14,125700.0,124100.0,123600.0,121700.0,121300.0,124000.0,123242.85714285714,1554.4100090360723,121671.42857142857,121573.33333333333,1674.3363756584483,10.4,9.546666666666669,25.185714285714283,25.88,85.85714285714286,82.6,2,10,7,3,-0.4999999999999997,-0.8660254037844388,126200.0,1.0
2024-07-11,Đắk Lắk,Cà phê,126200.0,VND/kg,Chợ Giá,https://chogia.vn/gia-ca-phe-dak-lak-hom-nay/,29.4,21.6,24.6,17.8,17.8,9.0,86,0.497,0.494,21.65,127700.0,125700.0,124100.0,121000.0,120000.0,122400.0,124100.0,2115.025610562301,122128.57142857143,121696.66666666667,1969.5060352766175,9.942857142857141,9.746666666666668,25.271428571428572,25.839999999999996,85.42857142857143,82.9,3,11,7,3,-0.4999999999999997,-0.8660254037844388,128000.0,1.0
2024-07-12,Đắk Lắk,Cà phê,128000.0,VND/kg,Chợ Giá,https://chogia.vn/gia-ca-phe-dak-lak-hom-nay/,29.3,22.4,24.8,11.7,11.7,14.0,86,0.495,0.49,21.77,126200.0,127700.0,125700.0,123000.0,119800.0,121000.0,124842.85714285714,1721.29519341056,122571.42857142857,121823.33333333333,2131.8089021778746,11.299999999999999,10.313333333333333,25.285714285714285,25.753333333333334,84.85714285714286,83.36666666666666,4,12,7,3,-0.4999999999999997,-0.8660254037844388,128500.0,1.0
2024-07-13,Đắk Lắk,Cà phê,128500.0,VND/kg,Chợ Giá,https://chogia.vn/gia-ca-phe-dak-lak-hom-nay/,27.3,21.9,23.7,17.0,17.0,21.0,93,0.507,0.502,15.35,128000.0,126200.0,127700.0,123600.0,119200.0,121400.0,125557.14285714286,1860.8753700498971,123157.14285714286,122056.66666666667,2404.2610641048095,12.285714285714286,10.680000000000001,25.22857142857143,25.65666666666667,85.0,83.86666666666666,5,13,7,3,-0.4999999999999997,-0.8660254037844388,128500.0,1.0
2024-07-14,Đắk Lắk,Cà phê,128500.0,VND/kg,Chợ Giá,https://chogia.vn/gia-ca-phe-dak-lak-hom-nay/,26.7,21.6,23.0,45.8,45.8,24.0,96,0.511,0.513,11.47,128500.0,128000.0,126200.0,123600.0,119200.0,121600.0,126257.14285714286,1922.5479125867641,123821.42857142857,122293.33333333333,2671.94018791939,14.485714285714284,11.223333333333334,24.900000000000002,25.52,86.85714285714286,84.53333333333333,6,14,7,3,-0.4999999999999997,-0.8660254037844388,128500.0,1.0
2024-07-15,Đắk Lắk,Cà phê,128500.0,VND/kg,Chợ Giá,https://chogia.vn/gia-ca-phe-dak-lak-hom-nay/,24.3,21.4,23.1,18.2,18.2,21.0,96,0.51,0.511,5.41,128500.0,128500.0,128000.0,124100.0,120000.0,120000.0,126957.14285714286,1669.1885681946694,124485.71428571429,122523.33333333333,2897.6427200978355,18.2,12.616666666666667,24.514285714285712,25.363333333333333,88.57142857142857,85.23333333333333,0,15,7,3,-0.4999999999999997,-0.8660254037844388,127800.0,1.0
2024-07-16,Đắk Lắk,Cà phê,127800.0,VND/kg,Chợ Giá,https://chogia.vn/gia-ca-phe-dak-lak-hom-nay/,28.5,22.4,24.6,15.8,15.8,16.0,86,0.498,0.502,17.91,128500.0,128500.0,128500.0,125700.0,121200.0,120000.0,127585.71428571429,1166.802713156731,125092.85714285714,122806.66666666667,3053.763459138659,20.17142857142857,13.126666666666665,24.157142857142855,25.23,90.28571428571429,85.8,1,16,7,3,-0.4999999999999997,-0.8660254037844388,127500.0,1.0
2024-07-17,Đắk Lắk,Cà phê,127500.0,VND/kg,Chợ Giá,https://chogia.vn/gia-ca-phe-dak-lak-hom-nay/,29.3,22.6,24.8,15.5,15.5,18.0,88,0.502,0.505,17.17,127800.0,128500.0,128500.0,127700.0,121700.0,120000.0,127885.71428571429,819.4074514122544,125564.28571428571,123066.66666666667,3137.4636509324328,19.3,13.62,24.142857142857142,25.183333333333334,89.71428571428571,86.03333333333333,2,17,7,3,-0.4999999999999997,-0.8660254037844388,127600.0,1.0
2024-07-18,Đắk Lắk,Cà phê,127600.0,VND/kg,Chợ Giá,https://chogia.vn/gia-ca-phe-dak-lak-hom-nay/,28.5,22.7,24.6,33.1,33.1,12.0,88,0.503,0.512,17.18,127500.0,127800.0,128500.0,126200.0,121000.0,121000.0,127857.14285714286,830.3757038384272,125978.57142857143,123316.66666666667,3183.154294779092,20.25714285714286,13.863333333333333,24.085714285714285,25.103333333333335,90.14285714285714,86.43333333333334,3,18,7,3,-0.4999999999999997,-0.8660254037844388,125600.0,1.0
2024-07-19,Đắk Lắk,Cà phê,125600.0,VND/kg,Chợ Giá,https://chogia.vn/gia-ca-phe-dak-lak-hom-nay/,28.5,22.9,25.0,4.4,4.4,10.0,86,0.495,0.501,17.91,127600.0,127500.0,127800.0,128000.0,123000.0,119800.0,128057.14285714286,442.9339411151935,126450.0,123536.66666666667,3244.9943768441144,22.442857142857143,14.856666666666666,24.085714285714285,25.02,90.42857142857143,86.86666666666666,4,19,7,3,-0.4999999999999997,-0.8660254037844388,126600.0,1.0
2024-07-20,Đắk Lắk,Cà phê,126600.0,VND/kg,Chợ Giá,https://chogia.vn/gia-ca-phe-dak-lak-hom-nay/,25.6,22.5,23.7,31.3,31.3,23.0,95,0.505,0.505,7.4,125600.0,127600.0,127500.0,128500.0,123600.0,121000.0,127714.28571428571,1031.8730080602218,126635.71428571429,123730.0,3186.950764040231,21.400000000000002,14.52,24.114285714285717,24.973333333333336,90.42857142857143,87.0,5,20,7,3,-0.4999999999999997,-0.8660254037844388,126600.0,1.0
2024-07-21,Đắk Lắk,Cà phê,126600.0,VND/kg,Chợ Giá,https://chogia.vn/gia-ca-phe-dak-lak-hom-nay/,27.4,22.5,23.9,23.8,23.8,22.0,95,0.507,0.506,11.28,126600.0,125600.0,127600.0,128500.0,123600.0,123000.0,127442.85714285714,1040.604220084888,126850.0,123916.66666666667,3185.536638961129,23.442857142857143,14.773333333333333,24.114285714285717,24.930000000000003,90.71428571428571,87.13333333333334,6,21,7,3,-0.4999999999999997,-0.8660254037844388,127000.0,1.0
2024-07-22,Đắk Lắk,Cà phê,127000.0,VND/kg,Chợ Giá,https://chogia.vn/gia-ca-phe-dak-lak-hom-nay/,27.7,22.4,24.4,34.7,34.7,17.0,91,0.5,0.498,18.39,126600.0,126600.0,125600.0,128500.0,124100.0,121500.0,127171.42857142857,963.8711630964734,127064.28571428571,124036.66666666667,3217.4613395140013,20.3,14.83,24.24285714285714,24.923333333333336,90.57142857142857,87.23333333333333,0,22,7,3,-0.4999999999999997,-0.8660254037844388,128000.0,1.0
2024-07-23,Đắk Lắk,Cà phê,128000.0,VND/kg,Chợ Giá,https://chogia.vn/gia-ca-phe-dak-lak-hom-nay/,29.7,22.0,25.2,23.0,23.0,14.0,85,0.496,0.488,21.65,127000.0,126600.0,126600.0,127800.0,125700.0,121500.0,126957.14285714286,765.6307701443328,127271.42857142857,124220.0,3224.625078447821,22.657142857142862,15.53,24.428571428571427,24.923333333333336,89.85714285714286,87.23333333333333,1,23,7,3,-0.4999999999999997,-0.8660254037844388,126500.0,1.0
2024-07-24,Đắk Lắk,Cà phê,126500.0,VND/kg,Chợ Giá,https://chogia.vn/gia-ca-phe-dak-lak-hom-nay/,29.4,23.3,26.0,0.7,0.7,5.0,80,0.472,0.475,23.17,128000.0,127000.0,126600.0,127500.0,127700.0,121300.0,126985.71428571429,805.0436249648636,127435.71428571429,124436.66666666667,3253.8023733872337,23.685714285714287,15.52,24.514285714285716,24.943333333333335,89.71428571428571,87.1,2,24,7,3,-0.4999999999999997,-0.8660254037844388,124500.0,1.0
2024-07-25,Đắk Lắk,Cà phê,124500.0,VND/kg,Chợ Giá,https://chogia.vn/gia-ca-phe-dak-lak-hom-nay/,29.7,22.9,25.5,8.9,8.9,11.0,82,0.473,0.467,22.4,126500.0,128000.0,127000.0,127600.0,126200.0,124300.0,126842.85714285714,787.0983480640367,127350.0,124610.0,3219.2684969066127,21.571428571428573,14.893333333333333,24.685714285714287,24.980000000000004,88.57142857142857,86.9,3,25,7,3,-0.4999999999999997,-0.8660254037844388,125300.0,1.0
2024-07-26,Đắk Lắk,Cà phê,125300.0,VND/kg,Chợ Giá,https://chogia.vn/gia-ca-phe-dak-lak-hom-nay/,28.8,23.2,25.0,4.2,4.2,14.0,84,0.488,0.476,15.08,124500.0,126500.0,128000.0,125600.0,128000.0,121300.0,126400.0,1100.0000000005973,127228.57142857143,124616.66666666667,3218.8114462390818,18.114285714285714,15.023333333333333,24.814285714285713,24.990000000000002,87.71428571428571,86.83333333333333,4,26,7,3,-0.4999999999999997,-0.8660254037844388,123800.0,1.0
2024-07-27,Đắk Lắk,Cà phê,123800.0,VND/kg,Chợ Giá,https://chogia.vn/gia-ca-phe-dak-lak-hom-nay/,28.2,23.5,25.4,2.1,2.1,9.0,84,0.486,0.484,15.37,125300.0,124500.0,126500.0,126600.0,128500.0,120000.0,126357.14285714286,1141.4276774541852,127035.71428571429,124750.0,3158.9773552587317,18.085714285714285,15.003333333333334,24.814285714285713,24.97666666666667,87.42857142857143,86.8,5,27,7,3,-0.4999999999999997,-0.8660254037844388,123800.0,1.0
2024-07-28,Đắk Lắk,Cà phê,123800.0,VND/kg,Chợ Giá,https://chogia.vn/gia-ca-phe-dak-lak-hom-nay/,27.4,23.1,24.7,21.4,21.4,13.0,89,0.497,0.498,11.16,123800.0,125300.0,124500.0,126600.0,128500.0,119800.0,125957.14285714286,1481.9549507970107,126700.0,124876.66666666667,3035.727866289057,13.914285714285716,14.716666666666667,25.057142857142853,24.96,85.85714285714286,86.76666666666667,6,28,7,3,-0.4999999999999997,-0.8660254037844388,123900.0,1.0
2024-07-29,Đắk Lắk,Cà phê,123900.0,VND/kg,Chợ Giá,https://chogia.vn/gia-ca-phe-dak-lak-hom-nay/,29.3,22.4,25.2,4.8,4.8,8.0,85,0.496,0.497,21.51,123800.0,123800.0,125300.0,127000.0,128500.0,119200.0,125557.14285714286,1648.086914028431,126364.28571428571,125010.0,2889.38007907965,13.571428571428571,14.846666666666666,25.171428571428574,24.926666666666666,85.0,86.8,0,29,7,3,-0.4999999999999997,-0.8660254037844388,123400.0,1.0
2024-07-30,Đắk Lắk,Cà phê,123400.0,VND/kg,Chợ Giá,https://chogia.vn/gia-ca-phe-dak-lak-hom-nay/,30.7,22.4,25.2,12.2,12.2,9.0,85,0.489,0.492,21.5,123900.0,123800.0,123800.0,128000.0,127800.0,119200.0,125114.28571428571,1611.8607998510602,126035.71428571429,125166.66666666667,2683.5814121068393,9.299999999999999,14.986666666666668,25.285714285714285,24.883333333333333,84.14285714285714,86.93333333333334,1,30,7,3,-0.4999999999999997,-0.8660254037844388,123500.0,1.0
2024-07-31,Đắk Lắk,Cà phê,123500.0,VND/kg,Chợ Giá,https://chogia.vn/gia-ca-phe-dak-lak-hom-nay/,30.7,22.8,25.6,37.1,37.1,12.0,84,0.494,0.5,23.47,123400.0,123900.0,123800.0,126500.0,127500.0,120000.0,124457.14285714286,1093.7049310448,125721.42857142857,125306.66666666667,2461.9775249454233,7.757142857142857,14.870000000000001,25.285714285714285,24.860000000000003,84.14285714285714,87.0,2,31,7,3,-0.4999999999999997,-0.8660254037844388,123400.0,1.0
2024-08-01,Đắk Lắk,Cà phê,123400.0,VND/kg,Chợ Giá,https://chogia.vn/gia-ca-phe-dak-lak-hom-nay/,30.6,22.7,25.7,7.9,7.9,8.0,83,0.493,0.5,23.95,123500.0,123400.0,123900.0,124500.0,127600.0,121200.0,124028.57142857143,662.6066850318026,125435.71428571429,125423.33333333333,2277.8821581547754,12.957142857142856,15.88,25.22857142857143,24.846666666666668,84.71428571428571,87.06666666666666,3,1,8,3,-0.8660254037844385,-0.5000000000000004,123000.0,1.0
2024-08-02,Đắk Lắk,Cà phê,123000.0,VND/kg,Chợ Giá,https://chogia.vn/gia-ca-phe-dak-lak-hom-nay/,30.4,22.4,25.2,6.3,6.3,7.0,87,0.491,0.49,21.96,123400.0,123500.0,123400.0,125300.0,125600.0,121700.0,123871.42857142857,662.6066850317961,125135.71428571429,125496.66666666667,2170.091899108837,12.814285714285715,15.766666666666667,25.25714285714286,24.84,84.85714285714286,87.1,4,2,8,3,-0.8660254037844385,-0.5000000000000004,123000.0,1.0
2024-08-03,Đắk Lắk,Cà phê,123000.0,VND/kg,Chợ Giá,https://chogia.vn/gia-ca-phe-dak-lak-hom-nay/,30.2,21.8,25.3,19.0,19.0,7.0,85,0.487,0.491,24.59,123000.0,123400.0,123500.0,123800.0,126600.0,121000.0,123542.85714285714,315.473944288594,124950.0,125540.0,2103.625769787354,13.114285714285714,15.576666666666666,25.285714285714285,24.860000000000003,85.28571428571429,87.06666666666666,5,3,8,3,-0.8660254037844385,-0.5000000000000004,123000.0,1.0
2024-08-04,Đắk Lắk,Cà phê,123000.0,VND/kg,Chợ Giá,https://chogia.vn/gia-ca-phe-dak-lak-hom-nay/,29.4,21.0,24.6,5.2,5.2,9.0,87,0.489,0.486,20.41,123000.0,123000.0,123400.0,123800.0,126600.0,123000.0,123428.57142857143,349.82989063563855,124692.85714285714,125606.66666666667,1983.0198728442067,15.528571428571427,15.933333333333334,25.271428571428572,24.886666666666667,85.42857142857143,86.9,6,4,8,3,-0.8660254037844385,-0.5000000000000004,122500.0,1.0
2024-08-05,Đắk Lắk,Cà phê,122500.0,VND/kg,Chợ Giá,https://chogia.vn/gia-ca-phe-dak-lak-hom-nay/,29.1,21.7,24.8,5.7,5.7,11.0,87,0.483,0.476,20.58,123000.0,123000.0,123000.0,123900.0,127000.0,123600.0,123314.28571428571,338.76526498903814,124435.71428571429,125606.66666666667,1983.0198728442067,13.214285714285714,15.946666666666665,25.257142857142856,24.866666666666667,85.14285714285714,86.96666666666667,0,5,8,3,-0.8660254037844385,-0.5000000000000004,120500.0,1.0
2024-08-06,Đắk Lắk,Cà phê,120500.0,VND/kg,Chợ Giá,https://chogia.vn/gia-ca-phe-dak-lak-hom-nay/,30.3,21.6,25.1,3.9,3.9,6.0,86,0.474,0.469,22.2,122500.0,123000.0,123000.0,123400.0,128000.0,123600.0,123114.28571428571,348.4660262202859,124114.28571428571,125570.0,2030.9926229521006,13.342857142857143,16.083333333333332,25.2,24.826666666666664,85.42857142857143,87.2,1,6,8,3,-0.8660254037844385,-0.5000000000000004,121000.0,1.0
2024-08-07,Đắk Lắk,Cà phê,121000.0,VND/kg,Chợ Giá,https://chogia.vn/gia-ca-phe-dak-lak-hom-nay/,29.8,22.2,25.5,4.1,4.1,3.0,85,0.454,0.459,22.79,120500.0,122500.0,123000.0,123500.0,126500.0,124100.0,122700.0,1023.0672835487615,123578.57142857143,125466.66666666667,2206.0001771559937,12.157142857142857,15.553333333333335,25.185714285714287,24.80666666666667,85.57142857142857,87.26666666666667,2,7,8,3,-0.8660254037844385,-0.5000000000000004,122800.0,1.0
2024-08-08,Đắk Lắk,Cà phê,122800.0,VND/kg,Chợ Giá,https://chogia.vn/gia-ca-phe-dak-lak-hom-nay/,30.0,22.2,25.6,2.8,2.8,10.0,85,0.45,0.447,20.93,121000.0,120500.0,122500.0,123400.0,124500.0,125700.0,122342.85714285714,1128.2097069509325,123185.71428571429,125363.33333333333,2340.7165618655263,7.442857142857143,15.543333333333333,25.17142857142857,24.803333333333335,85.71428571428571,87.3,3,8,8,3,-0.8660254037844385,-0.5000000000000004,121800.0,1.0
2024-08-09,Đắk Lắk,Cà phê,121800.0,VND/kg,Chợ Giá,https://chogia.vn/gia-ca-phe-dak-lak-hom-nay/,31.1,23.0,26.5,3.6,3.6,10.0,81,0.445,0.44,23.74,122800.0,121000.0,120500.0,123000.0,125300.0,127700.0,122257.14285714286,1054.920443852666,123064.28571428571,125266.66666666667,2385.781637742976,6.714285714285714,14.906666666666666,25.157142857142855,24.833333333333332,86.0,87.13333333333334,4,9,8,3,-0.8660254037844385,-0.5000000000000004,119300.0,1.0
2024-08-10,Đắk Lắk,Cà phê,119300.0,VND/kg,Chợ Giá,https://chogia.vn/gia-ca-phe-dak-lak-hom-nay/,30.4,23.6,26.0,3.7,3.7,10.0,85,0.446,0.432,21.75,121800.0,122800.0,121000.0,123000.0,123800.0,126200.0,122085.71428571429,1010.6574946190884,122814.28571428571,125070.0,2421.1923537373314,6.328571428571428,14.733333333333333,25.342857142857145,24.87666666666667,85.14285714285714,87.0,5,10,8,3,-0.8660254037844385,-0.5000000000000004,119300.0,1.0
2024-08-11,Đắk Lắk,Cà phê,119300.0,VND/kg,Chợ Giá,https://chogia.vn/gia-ca-phe-dak-lak-hom-nay/,31.1,23.4,25.9,6.1,6.1,12.0,85,0.468,0.435,22.34,119300.0,121800.0,122800.0,123000.0,123800.0,128000.0,121557.14285714286,1359.971988507466,122492.85714285714,124840.0,2628.963346238407,4.142857142857143,14.263333333333334,25.442857142857143,24.923333333333336,85.14285714285714,86.96666666666667,6,11,8,3,-0.8660254037844385,-0.5000000000000004,118500.0,1.0
2024-08-12,Đắk Lắk,Cà phê,118500.0,VND/kg,Chợ Giá,https://chogia.vn/gia-ca-phe-dak-lak-hom-nay/,30.5,22.9,26.0,3.0,3.0,12.0,82,0.47,0.454,23.33,119300.0,119300.0,121800.0,122500.0,123900.0,128500.0,121028.57142857143,1423.2758993657565,122171.42857142857,124550.0,2745.6234767107076,4.271428571428571,14.076666666666664,25.62857142857143,24.959999999999997,84.85714285714286,86.93333333333334,0,12,8,3,-0.8660254037844385,-0.5000000000000004,119500.0,1.0
2024-08-13,Đắk Lắk,Cà phê,119500.0,VND/kg,Chợ Giá,https://chogia.vn/gia-ca-phe-dak-lak-hom-nay/,30.9,23.0,26.3,1.8,1.8,9.0,82,0.445,0.451,23.44,118500.0,119300.0,119300.0,120500.0,123400.0,128500.0,120457.14285714286,1532.815647599183,121785.71428571429,124216.66666666667,2854.407763120712,3.8857142857142852,13.609999999999998,25.8,25.03666666666667,84.14285714285714,86.56666666666666,1,13,8,3,-0.8660254037844385,-0.5000000000000004,117300.0,1.0
2024-08-14,Đắk Lắk,Cà phê,117300.0,VND/kg,Chợ Giá,https://chogia.vn/gia-ca-phe-dak-lak-hom-nay/,31.1,23.6,26.5,5.2,5.2,11.0,84,0.433,0.44,22.73,119500.0,118500.0,119300.0,121000.0,123500.0,128500.0,120314.28571428571,1574.1966961267344,121507.14285714286,123916.66666666667,2861.6469014378,3.5857142857142854,12.143333333333334,25.97142857142857,25.146666666666665,83.57142857142857,86.1,2,14,8,3,-0.8660254037844385,-0.5000000000000004,117600.0,1.0
2024-08-15,Đắk Lắk,Cà phê,117600.0,VND/kg,Chợ Giá,https://chogia.vn/gia-ca-phe-dak-lak-hom-nay/,31.8,23.0,26.4,3.9,3.9,7.0,83,0.413,0.43,23.32,117300.0,119500.0,118500.0,122800.0,123400.0,127800.0,119785.71428571429,1894.2268180173926,121064.28571428571,123543.33333333333,2971.5528662274146,3.7428571428571433,11.71,26.114285714285717,25.259999999999998,83.42857142857143,85.7,3,15,8,3,-0.8660254037844385,-0.5000000000000004,117800.0,1.0
2024-08-16,Đắk Lắk,Cà phê,117800.0,VND/kg,Chợ Giá,https://chogia.vn/gia-ca-phe-dak-lak-hom-nay/,31.1,22.8,26.0,5.0,5.0,6.0,84,0.411,0.419,22.01,117600.0,117300.0,119500.0,121800.0,123000.0,127500.0,119042.85714285714,1492.0423841806528,120650.0,123203.33333333333,3050.2100926326534,3.9,11.313333333333334,26.22857142857143,25.32,83.14285714285714,85.6,4,16,8,3,-0.8660254037844385,-0.5000000000000004,118100.0,1.0
2024-08-17,Đắk Lắk,Cà phê,118100.0,VND/kg,Chợ Giá,https://chogia.vn/gia-ca-phe-dak-lak-hom-nay/,31.3,21.9,26.1,1.1,1.1,6.0,82,0.388,0.412,23.35,117800.0,117600.0,117300.0,119300.0,123000.0,127600.0,118471.42857142857,914.1741003305978,120278.57142857143,122880.0,3092.86163664832,4.1,10.963333333333335,26.157142857142862,25.360000000000003,83.57142857142857,85.46666666666667,5,17,8,3,-0.8660254037844385,-0.5000000000000004,118100.0,1.0
2024-08-18,Đắk Lắk,Cà phê,118100.0,VND/kg,Chợ Giá,https://chogia.vn/gia-ca-phe-dak-lak-hom-nay/,31.0,22.6,26.9,0.0,0.0,0.0,77,0.375,0.404,24.36,118100.0,117800.0,117600.0,119300.0,123000.0,125600.0,118300.0,842.6149773182034,119928.57142857143,122563.33333333333,3079.2389715124036,3.7285714285714286,9.896666666666667,26.171428571428574,25.41,83.14285714285714,85.26666666666667,6,18,8,3,-0.8660254037844385,-0.5000000000000004,118000.0,1.0
2024-08-19,Đắk Lắk,Cà phê,118000.0,VND/kg,Chợ Giá,https://chogia.vn/gia-ca-phe-dak-lak-hom-nay/,31.7,23.3,26.7,2.6,2.6,3.0,78,0.367,0.395,23.47,118100.0,118100.0,117800.0,118500.0,122500.0,126600.0,118128.57142857143,718.1324987181857,119578.57142857143,122313.33333333333,3128.261975683673,2.857142857142857,9.75,26.314285714285713,25.473333333333336,82.0,84.96666666666667,0,19,8,3,-0.8660254037844385,-0.5000000000000004,118100.0,1.0
2024-08-20,Đắk Lắk,Cà phê,118100.0,VND/kg,Chợ Giá,https://chogia.vn/gia-ca-phe-dak-lak-hom-nay/,31.5,22.7,26.3,0.4,0.4,1.0,79,0.351,0.388,23.25,118000.0,118100.0,118100.0,119500.0,120500.0,126600.0,118057.14285714286,699.6597812685412,119257.14285714286,122026.66666666667,3115.913917333471,2.8,8.793333333333333,26.414285714285715,25.57333333333333,81.42857142857143,84.4,1,20,8,3,-0.8660254037844385,-0.5000000000000004,119200.0,1.0
2024-08-21,Đắk Lắk,Cà phê,119200.0,VND/kg,Chợ Giá,https://chogia.vn/gia-ca-phe-dak-lak-hom-nay/,31.7,23.0,26.9,0.0,0.0,0.0,78,0.344,0.381,23.52,118100.0,118000.0,118100.0,117300.0,121000.0,127000.0,117857.14285714286,310.1458950097431,119085.71428571429,121743.33333333333,3071.861542019077,2.6000000000000005,8.013333333333334,26.41428571428571,25.653333333333332,81.0,83.86666666666666,2,21,8,3,-0.8660254037844385,-0.5000000000000004,119300.0,1.0
2024-08-22,Đắk Lắk,Cà phê,119300.0,VND/kg,Chợ Giá,https://chogia.vn/gia-ca-phe-dak-lak-hom-nay/,31.8,22.6,26.5,1.9,1.9,5.0,80,0.356,0.375,24.61,119200.0,118100.0,118000.0,117600.0,122800.0,128000.0,118128.57142857143,508.96720822519944,118957.14285714286,121483.33333333333,2938.8108471633122,1.8571428571428572,6.8566666666666665,26.471428571428568,25.736666666666668,80.14285714285714,83.43333333333334,3,22,8,3,-0.8660254037844385,-0.5000000000000004,118300.0,1.0
2024-08-23,Đắk Lắk,Cà phê,118300.0,VND/kg,Chợ Giá,https://chogia.vn/gia-ca-phe-dak-lak-hom-nay/,30.5,22.2,25.6,4.6,4.6,8.0,83,0.383,0.37,23.92,119300.0,119200.0,118100.0,117800.0,121800.0,126500.0,118371.42857142857,610.230245384395,118707.14285714286,121193.33333333333,2692.509831997777,1.5714285714285714,6.153333333333333,26.485714285714284,25.779999999999998,79.71428571428571,83.26666666666667,4,23,8,3,-0.8660254037844385,-0.5000000000000004,119800.0,1.0
2024-08-24,Đắk Lắk,Cà phê,119800.0,VND/kg,Chợ Giá,https://chogia.vn/gia-ca-phe-dak-lak-hom-nay/,30.9,21.1,25.6,8.6,8.6,4.0,83,0.436,0.376,23.49,118300.0,119300.0,119200.0,118100.0,119300.0,124500.0,118442.85714285714,559.3363414423317,118457.14285714286,120920.0,2547.5343048691448,1.5142857142857142,6.283333333333333,26.428571428571427,25.766666666666666,79.57142857142857,83.36666666666666,5,24,8,3,-0.8660254037844385,-0.5000000000000004,119800.0,1.0
2024-08-25,Đắk Lắk,Cà phê,119800.0,VND/kg,Chợ Giá,https://chogia.vn/gia-ca-phe-dak-lak-hom-nay/,30.8,21.8,25.3,14.6,14.6,10.0,84,0.432,0.379,23.78,119800.0,118300.0,119300.0,118100.0,119300.0,125300.0,118685.71428571429,728.9914755534082,118492.85714285714,120763.33333333333,2462.8947551032256,2.585714285714286,6.2733333333333325,26.357142857142858,25.769999999999996,79.71428571428571,83.4,6,25,8,3,-0.8660254037844385,-0.5000000000000004,120000.0,1.0
2024-08-26,Đắk Lắk,Cà phê,120000.0,VND/kg,Chợ Giá,https://chogia.vn/gia-ca-phe-dak-lak-hom-nay/,29.1,22.3,24.9,8.4,8.4,14.0,86,0.451,0.388,18.17,119800.0,119800.0,118300.0,118000.0,118500.0,123800.0,118928.57142857143,782.5477316956017,118528.57142857143,120580.0,2313.7370875592437,4.671428571428572,6.62,26.12857142857143,25.779999999999998,80.71428571428571,83.4,0,26,8,3,-0.8660254037844385,-0.5000000000000004,120200.0,1.0
2024-08-27,Đắk Lắk,Cà phê,120200.0,VND/kg,Chợ Giá,https://chogia.vn/gia-ca-phe-dak-lak-hom-nay/,29.2,22.0,24.8,5.4,5.4,7.0,87,0.467,0.407,19.04,120000.0,119800.0,119800.0,118100.0,119500.0,123800.0,119214.28571428571,751.5064236338211,118635.71428571429,120453.33333333333,2234.0211670248177,5.5,6.83,25.87142857142857,25.763333333333332,81.85714285714286,83.46666666666667,1,27,8,3,-0.8660254037844385,-0.5000000000000004,121400.0,1.0
2024-08-28,Đắk Lắk,Cà phê,121400.0,VND/kg,Chợ Giá,https://chogia.vn/gia-ca-phe-dak-lak-hom-nay/,29.2,22.6,25.2,8.1,8.1,6.0,83,0.449,0.413,19.77,120200.0,120000.0,119800.0,119200.0,117300.0,123900.0,119514.28571428571,644.0201120795153,118685.71428571429,120333.33333333333,2142.884509951661,6.214285714285714,6.296666666666667,25.657142857142862,25.766666666666666,83.0,83.4,2,28,8,3,-0.8660254037844385,-0.5000000000000004,121800.0,1.0
2024-08-29,Đắk Lắk,Cà phê,121800.0,VND/kg,Chợ Giá,https://chogia.vn/gia-ca-phe-dak-lak-hom-nay/,28.8,21.8,24.2,23.3,23.3,19.0,91,0.468,0.43,18.75,121400.0,120200.0,120000.0,119300.0,117600.0,123400.0,119828.57142857143,935.7960705812503,118978.57142857143,120250.0,2045.8115327635776,7.371428571428572,6.406666666666666,25.414285714285715,25.766666666666666,83.71428571428571,83.33333333333333,3,29,8,3,-0.8660254037844385,-0.5000000000000004,121400.0,1.0
2024-08-30,Đắk Lắk,Cà phê,121400.0,VND/kg,Chợ Giá,https://chogia.vn/gia-ca-phe-dak-lak-hom-nay/,26.8,21.9,23.8,20.7,20.7,17.0,92,0.503,0.501,16.88,121800.0,121400.0,120200.0,118300.0,117800.0,123500.0,120185.71428571429,1152.4301445624717,119278.57142857143,120196.66666666667,1980.679669715735,10.428571428571429,6.776666666666667,25.08571428571429,25.733333333333334,85.28571428571429,83.53333333333333,4,30,8,3,-0.8660254037844385,-0.5000000000000004,121900.0,1.0
2024-08-31,Đắk Lắk,Cà phê,121900.0,VND/kg,Chợ Giá,https://chogia.vn/gia-ca-phe-dak-lak-hom-nay/,26.8,21.5,23.7,19.0,19.0,19.0,92,0.505,0.505,15.83,121400.0,121800.0,121400.0,119800.0,118100.0,123400.0,120628.57142857143,867.3989580245178,119535.71428571429,120126.66666666667,1895.1723301382842,12.72857142857143,6.23,24.828571428571426,25.673333333333336,86.57142857142857,83.8,5,31,8,3,-0.8660254037844385,-0.5000000000000004,121900.0,1.0
2024-09-01,Đắk Lắk,Cà phê,121900.0,VND/kg,Chợ Giá,https://chogia.vn/gia-ca-phe-dak-lak-hom-nay/,29.6,21.4,24.4,30.1,30.1,10.0,89,0.497,0.502,17.4,121900.0,121400.0,121800.0,119800.0,118100.0,123000.0,120928.57142857143,895.7571949931713,119807.14285714286,120076.66666666667,1824.2964318516315,14.214285714285714,6.6,24.557142857142853,25.60666666666667,87.85714285714286,84.1,6,1,9,3,-1.0,-1.8369701987210297e-16,121900.0,1.0
2024-09-02,Đắk Lắk,Cà phê,121900.0,VND/kg,Chợ Giá,https://chogia.vn/gia-ca-phe-dak-lak-hom-nay/,30.0,22.3,25.1,1.4,1.4,7.0,84,0.485,0.487,21.43,121900.0,121900.0,121400.0,120000.0,118000.0,123000.0,121228.57142857143,801.4867137900974,120078.57142857143,120040.0,1773.8716666256876,16.428571428571427,7.393333333333333,24.428571428571427,25.58,88.57142857142857,84.16666666666667,0,2,9,3,-1.0,-1.8369701987210297e-16,117900.0,1.0
2024-09-03,Đắk Lắk,Cà phê,117900.0,VND/kg,Chợ Giá,https://chogia.vn/gia-ca-phe-dak-lak-hom-nay/,29.1,22.8,25.2,7.9,7.9,7.0,85,0.494,0.486,18.51,121900.0,121900.0,121900.0,120200.0,118100.0,123000.0,121500.0,616.4414002977971,120357.14285714286,120003.33333333333,1721.1630657357227,15.428571428571429,6.806666666666667,24.457142857142856,25.573333333333334,88.28571428571429,84.13333333333334,1,3,9,3,-1.0,-1.8369701987210297e-16,118100.0,1.0
2024-09-04,Đắk Lắk,Cà phê,118100.0,VND/kg,Chợ Giá,https://chogia.vn/gia-ca-phe-dak-lak-hom-nay/,29.1,22.4,24.6,32.5,32.5,14.0,89,0.496,0.497,18.77,117900.0,121900.0,121900.0,121400.0,119200.0,122500.0,121171.42857142857,1460.267424954093,120342.85714285714,119833.33333333333,1665.9538705656778,15.785714285714286,6.8966666666666665,24.514285714285712,25.59333333333333,88.0,84.06666666666666,2,4,9,3,-1.0,-1.8369701987210297e-16,120200.0,1.0
2024-09-05,Đắk Lắk,Cà phê,120200.0,VND/kg,Chợ Giá,https://chogia.vn/gia-ca-phe-dak-lak-hom-nay/,27.2,22.0,23.6,31.7,31.7,24.0,94,0.507,0.514,12.68,118100.0,117900.0,121900.0,121800.0,119300.0,120500.0,120700.0,1853.824874864875,120264.28571428571,119686.66666666667,1616.0260610173414,19.271428571428572,7.790000000000001,24.428571428571427,25.586666666666666,88.85714285714286,84.13333333333334,3,5,9,3,-1.0,-1.8369701987210297e-16,120500.0,1.0
2024-09-06,Đắk Lắk,Cà phê,120500.0,VND/kg,Chợ Giá,https://chogia.vn/gia-ca-phe-dak-lak-hom-nay/,27.0,22.2,24.0,28.6,28.6,19.0,92,0.508,0.513,14.25,120200.0,118100.0,117900.0,121400.0,118300.0,121000.0,120471.42857142857,1793.2412792804514,120328.57142857143,119676.66666666667,1611.7421145084984,20.47142857142857,8.716666666666667,24.342857142857145,25.53666666666667,89.28571428571429,84.4,4,6,9,3,-1.0,-1.8369701987210297e-16,118500.0,1.0
2024-09-07,Đắk Lắk,Cà phê,118500.0,VND/kg,Chợ Giá,https://chogia.vn/gia-ca-phe-dak-lak-hom-nay/,31.0,23.3,26.3,2.0,2.0,9.0,80,0.49,0.499,22.53,120500.0,120200.0,118100.0,121900.0,119800.0,122800.0,120342.85714285714,1747.242725799209,120485.71428571429,119660.0,1600.1293051205616,21.599999999999998,9.533333333333333,24.37142857142857,25.486666666666668,89.28571428571429,84.63333333333334,5,7,9,3,-1.0,-1.8369701987210297e-16,118500.0,1.0
2024-09-08,Đắk Lắk,Cà phê,118500.0,VND/kg,Chợ Giá,https://chogia.vn/gia-ca-phe-dak-lak-hom-nay/,30.1,23.4,25.8,4.5,4.5,15.0,85,0.483,0.487,22.04,118500.0,120500.0,120200.0,121900.0,119800.0,121800.0,119857.14285714286,1714.5039543625803,120392.85714285714,119516.66666666667,1498.5241781986097,19.17142857142857,9.506666666666666,24.74285714285714,25.509999999999998,87.57142857142857,84.46666666666667,6,8,9,3,-1.0,-1.8369701987210297e-16,118200.0,1.0
2024-09-09,Đắk Lắk,Cà phê,118200.0,VND/kg,Chợ Giá,https://chogia.vn/gia-ca-phe-dak-lak-hom-nay/,29.4,22.9,25.2,14.0,14.0,13.0,88,0.494,0.492,18.69,118500.0,118500.0,120500.0,121900.0,120000.0,119300.0,119371.42857142857,1508.5470777259222,120300.0,119406.66666666667,1445.3094963474107,15.514285714285716,9.536666666666667,24.942857142857147,25.486666666666668,87.0,84.6,0,9,9,3,-1.0,-1.8369701987210297e-16,120200.0,1.0
2024-09-10,Đắk Lắk,Cà phê,120200.0,VND/kg,Chợ Giá,https://chogia.vn/gia-ca-phe-dak-lak-hom-nay/,28.2,22.6,24.8,9.0,9.0,13.0,89,0.497,0.502,16.75,118200.0,118500.0,118500.0,117900.0,120200.0,119300.0,118842.85714285714,1054.9204438526665,120171.42857142857,119370.0,1461.9660829131162,17.314285714285713,9.88,24.957142857142856,25.459999999999997,87.57142857142857,84.7,1,10,9,3,-1.0,-1.8369701987210297e-16,120300.0,1.0
2024-09-11,Đắk Lắk,Cà phê,120300.0,VND/kg,Chợ Giá,https://chogia.vn/gia-ca-phe-dak-lak-hom-nay/,29.0,21.9,25.0,4.9,4.9,6.0,87,0.495,0.502,17.92,120200.0,118200.0,118500.0,118100.0,121400.0,118500.0,119171.42857142857,1070.380439710774,120171.42857142857,119400.0,1469.6938456706278,17.47142857142857,9.976666666666667,24.900000000000002,25.423333333333336,88.14285714285714,84.83333333333333,2,11,9,3,-1.0,-1.8369701987210297e-16,121500.0,1.0
2024-09-12,Đắk Lắk,Cà phê,121500.0,VND/kg,Chợ Giá,https://chogia.vn/gia-ca-phe-dak-lak-hom-nay/,30.1,21.7,25.2,4.8,4.8,5.0,86,0.496,0.496,22.51,120300.0,120200.0,118200.0,120200.0,121800.0,119500.0,119485.71428571429,1025.3919111391988,120092.85714285714,119460.0,1468.4263216352037,13.528571428571428,10.04,24.95714285714286,25.39,87.85714285714286,85.0,3,12,9,3,-1.0,-1.8369701987210297e-16,122000.0,1.0
2024-09-13,Đắk Lắk,Cà phê,122000.0,VND/kg,Chợ Giá,https://chogia.vn/gia-ca-phe-dak-lak-hom-nay/,27.5,22.5,24.4,18.6,18.6,17.0,90,0.502,0.509,14.13,121500.0,120300.0,120200.0,120500.0,121400.0,117300.0,119671.42857142857,1265.8518682618717,120071.42857142857,119526.66666666667,1514.9674705364964,9.685714285714287,10.139999999999999,25.185714285714287,25.353333333333335,86.71428571428571,85.13333333333334,4,13,9,3,-1.0,-1.8369701987210297e-16,124000.0,1.0
2024-09-14,Đắk Lắk,Cà phê,124000.0,VND/kg,Chợ Giá,https://chogia.vn/gia-ca-phe-dak-lak-hom-nay/,27.3,21.4,23.7,22.2,22.2,17.0,93,0.507,0.511,13.35,122000.0,121500.0,120300.0,118500.0,121900.0,117600.0,119885.71428571429,1529.0831364240294,120114.28571428571,119683.33333333333,1519.773879128184,8.257142857142856,10.586666666666668,25.242857142857144,25.283333333333335,86.42857142857143,85.33333333333333,5,14,9,3,-1.0,-1.8369701987210297e-16,124000.0,1.0
2024-09-15,Đắk Lắk,Cà phê,124000.0,VND/kg,Chợ Giá,https://chogia.vn/gia-ca-phe-dak-lak-hom-nay/,25.6,22.3,23.4,14.0,14.0,21.0,95,0.507,0.512,11.38,124000.0,122000.0,121500.0,118500.0,121900.0,117800.0,120671.42857142857,2029.5436972503678,120264.28571428571,119896.66666666667,1659.9716103381513,11.142857142857142,11.196666666666667,24.87142857142857,25.19333333333333,88.28571428571429,85.66666666666667,6,15,9,3,-1.0,-1.8369701987210297e-16,123800.0,1.0
2024-09-16,Đắk Lắk,Cà phê,123800.0,VND/kg,Chợ Giá,https://chogia.vn/gia-ca-phe-dak-lak-hom-nay/,26.8,21.6,23.7,22.1,22.1,18.0,94,0.505,0.513,10.51,124000.0,124000.0,122000.0,118200.0,121900.0,118100.0,121457.14285714286,2111.758463822234,120414.28571428571,120103.33333333333,1772.0985676128637,12.5,11.496666666666668,24.52857142857143,25.106666666666666,89.71428571428571,86.03333333333333,0,16,9,3,-1.0,-1.8369701987210297e-16,123200.0,1.0
2024-09-17,Đắk Lắk,Cà phê,123200.0,VND/kg,Chợ Giá,https://chogia.vn/gia-ca-phe-dak-lak-hom-nay/,27.7,22.2,24.3,32.7,32.7,17.0,92,0.505,0.508,13.33,123800.0,124000.0,124000.0,120200.0,117900.0,118100.0,122257.14285714286,1691.0126580025333,120550.0,120293.33333333333,1853.5954499178845,13.657142857142857,12.196666666666665,24.314285714285713,25.026666666666667,90.57142857142857,86.43333333333334,1,17,9,3,-1.0,-1.8369701987210297e-16,123400.0,1.0
2024-09-18,Đắk Lắk,Cà phê,123400.0,VND/kg,Chợ Giá,https://chogia.vn/gia-ca-phe-dak-lak-hom-nay/,26.5,22.0,23.6,10.3,10.3,17.0,94,0.504,0.502,10.28,123200.0,123800.0,124000.0,120300.0,118100.0,118000.0,122685.71428571429,1445.0243036351312,120928.57142857143,120463.33333333333,1879.1933950751961,17.04285714285714,13.286666666666667,24.24285714285714,24.939999999999998,91.0,86.93333333333334,2,18,9,3,-1.0,-1.8369701987210297e-16,123600.0,1.0
2024-09-19,Đắk Lắk,Cà phê,123600.0,VND/kg,Chợ Giá,https://chogia.vn/gia-ca-phe-dak-lak-hom-nay/,29.3,22.7,24.8,9.3,9.3,15.0,87,0.502,0.504,18.94,123400.0,123200.0,123800.0,121500.0,120200.0,118100.0,123128.57142857143,997.8548420062025,121307.14285714286,120643.33333333333,1893.670643419664,17.814285714285713,13.543333333333333,24.04285714285714,24.836666666666666,92.0,87.46666666666667,3,19,9,3,-1.0,-1.8369701987210297e-16,122100.0,1.0
2024-09-20,Đắk Lắk,Cà phê,122100.0,VND/kg,Chợ Giá,https://chogia.vn/gia-ca-phe-dak-lak-hom-nay/,29.7,22.8,25.0,22.3,22.3,17.0,89,0.499,0.5,15.36,123600.0,123400.0,123200.0,122000.0,120500.0,119200.0,123428.57142857143,696.9320524378307,121550.0,120826.66666666667,1905.1533259569023,18.457142857142856,13.84,23.985714285714288,24.786666666666665,92.14285714285714,87.73333333333333,4,20,9,3,-1.0,-1.8369701987210297e-16,120000.0,1.0
2024-09-21,Đắk Lắk,Cà phê,120000.0,VND/kg,Chợ Giá,https://chogia.vn/gia-ca-phe-dak-lak-hom-nay/,27.0,22.3,24.2,31.5,31.5,19.0,93,0.506,0.504,12.06,122100.0,123600.0,123400.0,124000.0,118500.0,119300.0,123442.85714285714,662.9659188259449,121664.28571428571,120923.33333333333,1893.3064187829355,18.985714285714288,14.583333333333334,24.071428571428573,24.723333333333333,92.0,88.1,5,21,9,3,-1.0,-1.8369701987210297e-16,120000.0,1.0
2024-09-22,Đắk Lắk,Cà phê,120000.0,VND/kg,Chợ Giá,https://chogia.vn/gia-ca-phe-dak-lak-hom-nay/,26.1,22.2,24.0,15.6,15.6,23.0,92,0.504,0.499,8.5,120000.0,122100.0,123600.0,124000.0,118500.0,118300.0,122871.42857142857,1407.9705083494778,121771.42857142857,120946.66666666667,1876.8523417269798,20.314285714285713,15.57,24.142857142857142,24.646666666666665,92.0,88.53333333333333,6,22,9,3,-1.0,-1.8369701987210297e-16,119500.0,1.0
2024-09-23,Đắk Lắk,Cà phê,119500.0,VND/kg,Chợ Giá,https://chogia.vn/gia-ca-phe-dak-lak-hom-nay/,28.4,22.6,24.6,26.2,26.2,11.0,88,0.5,0.502,16.42,120000.0,120000.0,122100.0,123800.0,118200.0,119800.0,122300.0,1662.327685305843,121878.57142857143,121003.33333333333,1818.9582720350347,20.542857142857144,15.936666666666667,24.228571428571428,24.59333333333333,91.57142857142857,88.83333333333333,0,23,9,3,-1.0,-1.8369701987210297e-16,120700.0,1.0
2024-09-24,Đắk Lắk,Cà phê,120700.0,VND/kg,Chợ Giá,https://chogia.vn/gia-ca-phe-dak-lak-hom-nay/,27.9,22.7,24.7,1.4,1.4,6.0,87,0.494,0.502,14.17,119500.0,120000.0,120000.0,123200.0,120200.0,119800.0,121685.71428571429,1804.095869060975,121971.42857142857,120993.33333333333,1826.6104530328341,21.12857142857143,16.523333333333333,24.357142857142858,24.560000000000002,90.71428571428571,89.0,1,24,9,3,-1.0,-1.8369701987210297e-16,120800.0,1.0
2024-09-25,Đắk Lắk,Cà phê,120800.0,VND/kg,Chợ Giá,https://chogia.vn/gia-ca-phe-dak-lak-hom-nay/,30.8,22.0,25.2,2.5,2.5,5.0,86,0.485,0.49,22.09,120700.0,119500.0,120000.0,123400.0,120300.0,120000.0,121328.57142857143,1698.739028136833,122007.14285714286,121023.33333333333,1813.680451902038,16.65714285714286,16.083333333333332,24.414285714285715,24.54,90.0,89.1,2,25,9,3,-1.0,-1.8369701987210297e-16,122000.0,1.0
2024-09-26,Đắk Lắk,Cà phê,122000.0,VND/kg,Chợ Giá,https://chogia.vn/gia-ca-phe-dak-lak-hom-nay/,30.3,21.8,25.3,1.6,1.6,2.0,81,0.466,0.474,23.29,120800.0,120700.0,119500.0,123600.0,121500.0,120200.0,120957.14285714286,1433.942284818842,122042.85714285714,121050.0,1803.970716178613,15.542857142857144,15.886666666666667,24.642857142857142,24.55,88.85714285714286,89.1,3,26,9,3,-1.0,-1.8369701987210297e-16,122600.0,1.0
2024-09-27,Đắk Lắk,Cà phê,122600.0,VND/kg,Chợ Giá,https://chogia.vn/gia-ca-phe-dak-lak-hom-nay/,30.0,21.9,25.4,8.1,8.1,7.0,84,0.475,0.457,21.05,122000.0,120800.0,120700.0,122100.0,122000.0,121400.0,120728.57142857143,1006.1714328989716,122078.57142857143,121110.0,1804.6587221551563,14.442857142857141,15.76,24.714285714285715,24.566666666666666,88.0,88.9,4,27,9,3,-1.0,-1.8369701987210297e-16,122100.0,1.0
2024-09-28,Đắk Lắk,Cà phê,122100.0,VND/kg,Chợ Giá,https://chogia.vn/gia-ca-phe-dak-lak-hom-nay/,30.2,21.9,25.9,1.0,1.0,6.0,83,0.462,0.454,21.81,122600.0,122000.0,120800.0,120000.0,124000.0,121800.0,120800.0,1129.8967504456657,122121.42857142857,121150.0,1824.49804150366,12.414285714285713,15.760000000000002,24.77142857142857,24.573333333333334,87.28571428571429,88.93333333333334,5,28,9,3,-1.0,-1.8369701987210297e-16,122100.0,1.0
2024-09-29,Đắk Lắk,Cà phê,122100.0,VND/kg,Chợ Giá,https://chogia.vn/gia-ca-phe-dak-lak-hom-nay/,28.7,23.1,25.3,1.6,1.6,8.0,87,0.445,0.449,17.16,122100.0,122600.0,122000.0,120000.0,124000.0,121400.0,121100.0,1160.4596790357016,121985.71428571429,121160.0,1829.000103694027,8.057142857142857,15.01666666666667,25.014285714285712,24.63,85.85714285714286,88.66666666666667,6,29,9,3,-1.0,-1.8369701987210297e-16,122000.0,1.0
2024-09-30,Đắk Lắk,Cà phê,122000.0,VND/kg,Chợ Giá,https://chogia.vn/gia-ca-phe-dak-lak-hom-nay/,30.0,22.9,25.1,9.0,9.0,5.0,88,0.448,0.436,20.74,122100.0,122100.0,122600.0,119500.0,123800.0,121900.0,121400.0,1098.4838035527025,121850.0,121183.33333333333,1836.6167045800962,6.057142857142858,14.38,25.2,24.68,85.14285714285714,88.5,0,30,9,3,-1.0,-1.8369701987210297e-16,122100.0,1.0
2024-10-01,Đắk Lắk,Cà phê,122100.0,VND/kg,Chợ Giá,https://chogia.vn/gia-ca-phe-dak-lak-hom-nay/,30.4,22.2,25.4,0.5,0.5,4.0,85,0.414,0.426,21.58,122000.0,122100.0,122100.0,120700.0,123200.0,121900.0,121757.14285714286,718.4639700022448,121721.42857142857,121186.66666666667,1838.052442562948,3.6,14.046666666666665,25.271428571428572,24.726666666666667,85.14285714285714,88.36666666666666,1,1,10,4,-0.8660254037844386,0.5000000000000001,121700.0,1.0
2024-10-02,Đắk Lắk,Cà phê,121700.0,VND/kg,Chợ Giá,https://chogia.vn/gia-ca-phe-dak-lak-hom-nay/,30.1,22.5,25.3,8.3,8.3,8.0,85,0.411,0.417,19.95,122100.0,122000.0,122100.0,120800.0,123400.0,121900.0,121957.14285714286,550.3245795510434,121642.85714285714,121193.33333333333,1841.0891329332005,3.4714285714285715,13.06,25.37142857142857,24.759999999999998,84.85714285714286,88.23333333333333,2,2,10,4,-0.8660254037844386,0.5000000000000001,117200.0,1.0
2024-10-03,Đắk Lắk,Cà phê,117200.0,VND/kg,Chợ Giá,https://chogia.vn/gia-ca-phe-dak-lak-hom-nay/,29.7,23.0,25.4,1.3,1.3,3.0,81,0.4,0.41,21.16,121700.0,122100.0,122000.0,122000.0,123600.0,117900.0,122085.71428571429,267.26124191406586,121521.42857142857,121186.66666666667,1838.8027089117727,4.3,13.29,25.385714285714283,24.766666666666666,84.71428571428571,88.26666666666667,3,3,10,4,-0.8660254037844386,0.5000000000000001,114700.0,1.0
2024-10-04,Đắk Lắk,Cà phê,114700.0,VND/kg,Chợ Giá,https://chogia.vn/gia-ca-phe-dak-lak-hom-nay/,29.2,22.3,24.7,1.0,1.0,5.0,80,0.389,0.401,17.54,117200.0,121700.0,122100.0,122600.0,122100.0,118100.0,121400.0,1870.8286933872225,121064.28571428571,121163.33333333333,1885.7877405215227,4.257142857142857,13.07,25.4,24.773333333333333,84.71428571428571,88.13333333333334,4,4,10,4,-0.8660254037844386,0.5000000000000001,116200.0,1.0
2024-10-05,Đắk Lắk,Cà phê,116200.0,VND/kg,Chợ Giá,https://chogia.vn/gia-ca-phe-dak-lak-hom-nay/,29.3,21.1,24.5,0.6,0.6,4.0,80,0.41,0.396,17.94,114700.0,117200.0,121700.0,122100.0,120000.0,120200.0,120271.42857142857,3042.3205428940855,120535.71428571429,121050.0,2158.6633795497833,3.2428571428571433,12.020000000000001,25.3,24.776666666666664,84.14285714285714,87.83333333333333,5,5,10,4,-0.8660254037844386,0.5000000000000001,116200.0,1.0
2024-10-06,Đắk Lắk,Cà phê,116200.0,VND/kg,Chợ Giá,https://chogia.vn/gia-ca-phe-dak-lak-hom-nay/,27.8,22.1,24.3,8.8,8.8,13.0,85,0.451,0.402,14.1,116200.0,114700.0,117200.0,122100.0,120000.0,120500.0,119428.57142857143,3260.733192455668,120264.28571428571,120916.66666666667,2329.730387440419,3.185714285714286,10.983333333333333,25.1,24.806666666666665,83.71428571428571,87.36666666666666,6,6,10,4,-0.8660254037844386,0.5000000000000001,116100.0,1.0
2024-10-07,Đắk Lắk,Cà phê,116100.0,VND/kg,Chợ Giá,https://chogia.vn/gia-ca-phe-dak-lak-hom-nay/,28.5,21.7,24.4,17.0,17.0,8.0,86,0.484,0.455,16.95,116200.0,116200.0,114700.0,122000.0,119500.0,118500.0,118585.71428571429,3217.363605722835,119992.85714285714,120773.33333333333,2483.4532872368245,4.214285714285714,10.323333333333332,24.957142857142856,24.816666666666666,83.42857142857143,87.13333333333334,0,7,10,4,-0.8660254037844386,0.5000000000000001,113600.0,1.0
2024-10-08,Đắk Lắk,Cà phê,113600.0,VND/kg,Chợ Giá,https://chogia.vn/gia-ca-phe-dak-lak-hom-nay/,28.5,22.5,24.4,9.2,9.2,8.0,87,0.487,0.474,15.04,116100.0,116200.0,116200.0,122100.0,120700.0,118500.0,117742.85714285714,2934.1990064624397,119750.0,120693.33333333333,2595.3450814788266,5.357142857142857,10.823333333333332,24.857142857142858,24.753333333333334,83.14285714285714,87.33333333333333,1,8,10,4,-0.8660254037844386,0.5000000000000001,113400.0,1.0
2024-10-09,Đắk Lắk,Cà phê,113400.0,VND/kg,Chợ Giá,https://chogia.vn/gia-ca-phe-dak-lak-hom-nay/,29.4,22.4,25.1,1.8,1.8,5.0,81,0.478,0.477,19.04,113600.0,116100.0,116200.0,121700.0,120800.0,118200.0,116528.57142857143,2566.2646562106106,119242.85714285714,120530.0,2877.037508894955,6.6000000000000005,10.979999999999999,24.714285714285715,24.706666666666663,83.42857142857143,87.4,2,9,10,4,-0.8660254037844386,0.5000000000000001,113500.0,1.0
2024-10-10,Đắk Lắk,Cà phê,113500.0,VND/kg,Chợ Giá,https://chogia.vn/gia-ca-phe-dak-lak-hom-nay/,29.6,22.7,25.5,1.2,1.2,4.0,78,0.454,0.461,20.25,113400.0,113600.0,116100.0,117200.0,122000.0,120200.0,115342.85714285714,1455.8584441920843,118714.28571428571,120370.0,3133.154189058694,5.671428571428572,10.573333333333332,24.685714285714283,24.703333333333333,82.85714285714286,87.16666666666667,3,10,10,4,-0.8660254037844386,0.5000000000000001,114000.0,1.0
2024-10-11,Đắk Lắk,Cà phê,114000.0,VND/kg,Chợ Giá,https://chogia.vn/gia-ca-phe-dak-lak-hom-nay/,29.7,22.0,25.0,1.9,1.9,4.0,83,0.446,0.45,19.93,113500.0,113400.0,113600.0,114700.0,122600.0,120300.0,114814.28571428571,1335.9498137144024,118107.14285714286,120146.66666666667,3375.1355868894,5.657142857142857,10.313333333333333,24.7,24.726666666666667,82.42857142857143,86.8,4,11,10,4,-0.8660254037844386,0.5000000000000001,113600.0,1.0
2024-10-12,Đắk Lắk,Cà phê,113600.0,VND/kg,Chợ Giá,https://chogia.vn/gia-ca-phe-dak-lak-hom-nay/,27.8,23.1,25.0,4.2,4.2,9.0,84,0.476,0.453,17.06,114000.0,113500.0,113400.0,116200.0,122100.0,121500.0,114714.28571428571,1371.6517675526184,117492.85714285714,119936.66666666667,3556.3913648854837,5.785714285714286,10.213333333333335,24.74285714285714,24.726666666666667,82.85714285714286,86.66666666666667,5,12,10,4,-0.8660254037844386,0.5000000000000001,113600.0,1.0
2024-10-13,Đắk Lắk,Cà phê,113600.0,VND/kg,Chợ Giá,https://chogia.vn/gia-ca-phe-dak-lak-hom-nay/,29.2,23.1,25.3,7.4,7.4,8.0,84,0.478,0.454,18.92,113600.0,114000.0,113500.0,116200.0,122100.0,122000.0,114342.85714285714,1248.8089563762328,116885.71428571429,119673.33333333333,3725.1182192151327,6.299999999999999,10.193333333333333,24.814285714285713,24.720000000000002,83.42857142857143,86.6,6,13,10,4,-0.8660254037844386,0.5000000000000001,113600.0,1.0
2024-10-14,Đắk Lắk,Cà phê,113600.0,VND/kg,Chợ Giá,https://chogia.vn/gia-ca-phe-dak-lak-hom-nay/,30.8,22.4,26.0,0.8,0.8,4.0,79,0.46,0.457,22.68,113600.0,113600.0,114000.0,116100.0,122000.0,124000.0,113971.42857142857,956.9296137731407,116278.57142857143,119393.33333333333,3857.543736390157,6.1000000000000005,9.819999999999999,24.95714285714286,24.75,83.28571428571429,86.4,0,14,10,4,-0.8660254037844386,0.5000000000000001,114700.0,1.0
2024-10-15,Đắk Lắk,Cà phê,114700.0,VND/kg,Chợ Giá,https://chogia.vn/gia-ca-phe-dak-lak-hom-nay/,30.2,22.8,25.0,15.3,15.3,12.0,86,0.468,0.452,20.06,113600.0,113600.0,113600.0,113600.0,122100.0,124000.0,113614.28571428571,186.44544715190904,115678.57142857143,119046.66666666667,3896.393852971384,3.7857142857142856,9.106666666666666,25.185714285714287,24.826666666666664,82.28571428571429,85.93333333333334,1,15,10,4,-0.8660254037844386,0.5000000000000001,113700.0,1.0
2024-10-16,Đắk Lắk,Cà phê,113700.0,VND/kg,Chợ Giá,https://chogia.vn/gia-ca-phe-dak-lak-hom-nay/,29.1,21.9,24.6,12.8,12.8,8.0,86,0.485,0.471,16.51,114700.0,113600.0,113600.0,113400.0,121700.0,123800.0,113771.42857142857,449.86770542316486,115150.0,118736.66666666667,3858.4866904308133,4.6571428571428575,9.15,25.271428571428572,24.88,82.14285714285714,85.63333333333334,2,16,10,4,-0.8660254037844386,0.5000000000000001,113200.0,1.0
2024-10-17,Đắk Lắk,Cà phê,113200.0,VND/kg,Chợ Giá,https://chogia.vn/gia-ca-phe-dak-lak-hom-nay/,28.4,22.6,24.4,8.6,8.6,9.0,87,0.483,0.468,13.53,113700.0,114700.0,113600.0,113500.0,117200.0,123200.0,113814.28571428571,422.01331507072587,114578.57142857143,118400.0,3842.054048337502,6.228571428571429,8.84,25.2,24.91,82.85714285714286,85.36666666666666,3,17,10,4,-0.8660254037844386,0.5000000000000001,111200.0,1.0
2024-10-18,Đắk Lắk,Cà phê,111200.0,VND/kg,Chợ Giá,https://chogia.vn/gia-ca-phe-dak-lak-hom-nay/,27.2,21.8,24.0,10.2,10.2,12.0,89,0.492,0.481,15.88,113200.0,113700.0,114700.0,114000.0,114700.0,123400.0,113771.42857142857,471.5728494969819,114292.85714285714,118066.66666666667,3845.044579207585,7.2857142857142865,8.036666666666667,25.042857142857144,24.913333333333334,84.14285714285714,85.2,4,18,10,4,-0.8660254037844386,0.5000000000000001,111500.0,1.0
2024-10-19,Đắk Lắk,Cà phê,111500.0,VND/kg,Chợ Giá,https://chogia.vn/gia-ca-phe-dak-lak-hom-nay/,29.6,21.6,24.8,5.4,5.4,4.0,84,0.494,0.497,19.77,111200.0,113200.0,113700.0,113600.0,116200.0,123600.0,113371.42857142857,1062.566524528898,114042.85714285714,117660.0,3906.1931375173676,8.471428571428572,8.033333333333333,24.900000000000002,24.926666666666666,85.0,85.03333333333333,5,19,10,4,-0.8660254037844386,0.5000000000000001,111500.0,1.0
2024-10-20,Đắk Lắk,Cà phê,111500.0,VND/kg,Chợ Giá,https://chogia.vn/gia-ca-phe-dak-lak-hom-nay/,29.3,21.5,24.3,11.2,11.2,9.0,88,0.49,0.49,18.46,111500.0,111200.0,113200.0,113600.0,116200.0,122100.0,113071.42857142857,1264.5345464041145,113707.14285714286,117256.66666666667,3896.389428010771,8.642857142857142,7.903333333333333,24.87142857142857,24.92666666666667,85.0,84.93333333333334,6,20,10,4,-0.8660254037844386,0.5000000000000001,111600.0,1.0
2024-10-21,Đắk Lắk,Cà phê,111600.0,VND/kg,Chợ Giá,https://chogia.vn/gia-ca-phe-dak-lak-hom-nay/,28.4,21.8,23.8,21.6,21.6,16.0,91,0.495,0.496,15.58,111500.0,111500.0,111200.0,113600.0,116100.0,120000.0,112771.42857142857,1363.4689651948438,113371.42857142857,116903.33333333333,3922.5680656792215,9.185714285714285,7.533333333333333,24.728571428571428,24.903333333333332,85.57142857142857,84.9,0,21,10,4,-0.8660254037844386,0.5000000000000001,111400.0,1.0
2024-10-22,Đắk Lắk,Cà phê,111400.0,VND/kg,Chợ Giá,https://chogia.vn/gia-ca-phe-dak-lak-hom-nay/,28.8,22.1,24.2,15.1,15.1,10.0,86,0.494,0.498,15.09,111600.0,111500.0,111500.0,114700.0,113600.0,120000.0,112485.71428571429,1370.4361488581494,113050.0,116623.33333333333,3993.070146566875,12.157142857142857,7.203333333333334,24.41428571428571,24.89,87.28571428571429,84.83333333333333,1,22,10,4,-0.8660254037844386,0.5000000000000001,109600.0,1.0
2024-10-23,Đắk Lắk,Cà phê,109600.0,VND/kg,Chợ Giá,https://chogia.vn/gia-ca-phe-dak-lak-hom-nay/,29.1,21.7,24.7,1.1,1.1,9.0,80,0.473,0.476,19.67,111400.0,111600.0,111500.0,113700.0,113400.0,119500.0,112014.28571428571,999.0471651014417,112892.85714285714,116336.66666666667,4050.5838943365566,12.12857142857143,7.1866666666666665,24.3,24.896666666666665,87.28571428571429,84.63333333333334,2,23,10,4,-0.8660254037844386,0.5000000000000001,109800.0,1.0
2024-10-24,Đắk Lắk,Cà phê,109800.0,VND/kg,Chợ Giá,https://chogia.vn/gia-ca-phe-dak-lak-hom-nay/,28.8,21.1,24.7,0.0,0.0,0.0,79,0.453,0.463,19.44,109600.0,111400.0,111600.0,113200.0,113500.0,120700.0,111428.57142857143,1046.763720099416,112621.42857142857,116006.66666666667,4185.025302385918,10.457142857142856,6.35,24.314285714285713,24.9,86.42857142857143,84.36666666666666,3,24,10,4,-0.8660254037844386,0.5000000000000001,108600.0,1.0
2024-10-25,Đắk Lắk,Cà phê,108600.0,VND/kg,Chợ Giá,https://chogia.vn/gia-ca-phe-dak-lak-hom-nay/,29.6,21.9,25.2,0.2,0.2,2.0,76,0.437,0.453,20.94,109800.0,109600.0,111400.0,111200.0,114000.0,120800.0,110942.85714285714,859.9557020718922,112357.14285714286,115643.33333333333,4236.351987373168,9.228571428571428,6.303333333333333,24.357142857142858,24.9,85.28571428571429,84.1,4,25,10,4,-0.8660254037844386,0.5000000000000001,109800.0,1.0
2024-10-26,Đắk Lắk,Cà phê,109800.0,VND/kg,Chợ Giá,https://chogia.vn/gia-ca-phe-dak-lak-hom-nay/,26.1,20.2,22.8,0.0,0.0,0.0,69,0.421,0.444,13.05,108600.0,109800.0,109600.0,111500.0,113600.0,122000.0,110571.42857142857,1217.5306782102698,111971.42857142857,115236.66666666667,4309.210931316274,7.8,6.2266666666666675,24.52857142857143,24.9,83.42857142857143,83.76666666666667,5,26,10,4,-0.8660254037844386,0.5000000000000001,109800.0,1.0
2024-10-27,Đắk Lắk,Cà phê,109800.0,VND/kg,Chợ Giá,https://chogia.vn/gia-ca-phe-dak-lak-hom-nay/,22.7,18.9,20.5,8.1,8.1,20.0,89,0.463,0.448,6.8,109800.0,108600.0,109800.0,111500.0,113600.0,122600.0,110328.57142857143,1170.0630833633986,111700.0,114830.0,4223.754662415506,7.028571428571429,6.173333333333334,24.242857142857144,24.816666666666666,81.28571428571429,83.36666666666666,6,27,10,4,-0.8660254037844386,0.5000000000000001,109000.0,1.0
2024-10-28,Đắk Lắk,Cà phê,109000.0,VND/kg,Chợ Giá,https://chogia.vn/gia-ca-phe-dak-lak-hom-nay/,26.0,20.8,22.6,7.8,7.8,17.0,89,0.504,0.498,11.56,109800.0,109800.0,108600.0,111600.0,113600.0,122100.0,110085.71428571429,1057.4002260721893,111428.57142857143,114403.33333333333,4054.9232173804885,6.585714285714286,6.173333333333334,23.7,24.65333333333333,81.42857142857143,83.53333333333333,0,28,10,4,-0.8660254037844386,0.5000000000000001,110500.0,1.0
2024-10-29,Đắk Lắk,Cà phê,110500.0,VND/kg,Chợ Giá,https://chogia.vn/gia-ca-phe-dak-lak-hom-nay/,26.2,21.0,22.9,4.0,4.0,15.0,88,0.496,0.493,13.11,109000.0,109800.0,109800.0,111400.0,114700.0,122100.0,109714.28571428571,878.3100656550063,111100.0,113966.66666666667,3899.896845084432,4.614285714285714,6.4,23.528571428571432,24.543333333333333,81.14285714285714,83.73333333333333,1,29,10,4,-0.8660254037844386,0.5000000000000001,108600.0,1.0
2024-10-30,Đắk Lắk,Cà phê,108600.0,VND/kg,Chợ Giá,https://chogia.vn/gia-ca-phe-dak-lak-hom-nay/,28.3,20.5,24.1,0.8,0.8,7.0,82,0.477,0.481,20.53,110500.0,109000.0,109800.0,109600.0,113700.0,122000.0,109585.71428571429,617.599037750964,110800.0,113580.0,3631.5096129524536,3.0285714285714285,6.48,23.342857142857145,24.46333333333333,81.42857142857143,83.76666666666667,2,30,10,4,-0.8660254037844386,0.5000000000000001,109200.0,1.0
2024-10-31,Đắk Lắk,Cà phê,109200.0,VND/kg,Chợ Giá,https://chogia.vn/gia-ca-phe-dak-lak-hom-nay/,29.1,21.1,24.6,1.0,1.0,6.0,82,0.462,0.468,18.33,108600.0,110500.0,109000.0,109800.0,113200.0,122100.0,109442.85714285714,720.7800007812193,110435.71428571429,113133.33333333333,3375.196886551799,2.985714285714286,6.206666666666667,23.25714285714286,24.43,81.71428571428571,83.56666666666666,3,31,10,4,-0.8660254037844386,0.5000000000000001,107700.0,1.0
2024-11-01,Đắk Lắk,Cà phê,107700.0,VND/kg,Chợ Giá,https://chogia.vn/gia-ca-phe-dak-lak-hom-nay/,27.7,21.4,23.6,31.6,31.6,17.0,90,0.489,0.483,13.72,109200.0,108600.0,110500.0,108600.0,111200.0,121700.0,109357.14285714286,706.769983464342,110150.0,112703.33333333333,2993.611972797828,3.128571428571429,6.223333333333334,23.24285714285714,24.403333333333332,82.14285714285714,83.46666666666667,4,1,11,4,-0.5000000000000004,0.8660254037844384,106500.0,1.0
2024-11-02,Đắk Lắk,Cà phê,106500.0,VND/kg,Chợ Giá,https://chogia.vn/gia-ca-phe-dak-lak-hom-nay/,26.6,21.1,23.3,0.8,0.8,2.0,79,0.485,0.496,14.84,107700.0,109200.0,108600.0,109800.0,111500.0,117200.0,109228.57142857143,917.8131358742633,109900.0,112236.66666666667,2609.331177792985,7.614285714285715,7.0,23.014285714285712,24.346666666666668,84.14285714285714,83.63333333333334,5,2,11,4,-0.5000000000000004,0.8660254037844384,106500.0,1.0
2024-11-03,Đắk Lắk,Cà phê,106500.0,VND/kg,Chợ Giá,https://chogia.vn/gia-ca-phe-dak-lak-hom-nay/,28.8,21.3,23.8,10.3,10.3,8.0,86,0.486,0.487,15.12,106500.0,107700.0,109200.0,109800.0,111500.0,114700.0,108757.14285714286,1330.2344941874983,109542.85714285714,111880.0,2638.6255565324795,7.728571428571429,6.983333333333333,23.085714285714285,24.276666666666664,85.57142857142857,83.56666666666666,6,3,11,4,-0.5000000000000004,0.8660254037844384,106000.0,1.0
2024-11-04,Đắk Lắk,Cà phê,106000.0,VND/kg,Chợ Giá,https://chogia.vn/gia-ca-phe-dak-lak-hom-nay/,28.6,22.2,24.6,7.2,7.2,5.0,82,0.49,0.487,17.67,106500.0,106500.0,107700.0,109000.0,111600.0,116200.0,108285.71428571429,1475.8371312911745,109185.71428571429,111606.66666666667,2758.4270046948754,8.042857142857143,7.293333333333334,23.557142857142857,24.24666666666667,85.14285714285714,83.76666666666667,0,4,11,4,-0.5000000000000004,0.8660254037844384,106400.0,1.0
2024-11-05,Đắk Lắk,Cà phê,106400.0,VND/kg,Chợ Giá,https://chogia.vn/gia-ca-phe-dak-lak-hom-nay/,28.9,22.2,24.6,1.3,1.3,2.0,83,0.48,0.482,18.32,106000.0,106500.0,106500.0,110500.0,111400.0,116200.0,107857.14285714286,1658.168812131745,108785.71428571429,111266.66666666667,2801.0260845691446,7.957142857142858,7.513333333333334,23.842857142857145,24.25,84.14285714285714,83.83333333333333,1,5,11,4,-0.5000000000000004,0.8660254037844384,107000.0,1.0
2024-11-06,Đắk Lắk,Cà phê,107000.0,VND/kg,Chợ Giá,https://chogia.vn/gia-ca-phe-dak-lak-hom-nay/,27.4,22.4,24.0,1.6,1.6,9.0,83,0.473,0.471,15.25,106400.0,106000.0,106500.0,108600.0,109600.0,116100.0,107271.42857142857,1240.5835800341324,108428.57142857143,110940.0,2777.197793857467,7.571428571428572,7.2633333333333345,24.085714285714285,24.259999999999998,83.42857142857143,83.76666666666667,2,6,11,4,-0.5000000000000004,0.8660254037844384,106000.0,1.0
2024-11-07,Đắk Lắk,Cà phê,106000.0,VND/kg,Chợ Giá,https://chogia.vn/gia-ca-phe-dak-lak-hom-nay/,26.6,21.9,23.5,0.2,0.2,2.0,83,0.469,0.468,12.9,107000.0,106400.0,106000.0,109200.0,109800.0,113600.0,107042.85714285714,1093.704931045479,108242.85714285714,110636.66666666667,2689.761344795077,7.685714285714286,6.750000000000001,24.071428571428573,24.246666666666666,83.57142857142857,83.66666666666667,3,7,11,4,-0.5000000000000004,0.8660254037844384,108500.0,1.0
2024-11-08,Đắk Lắk,Cà phê,108500.0,VND/kg,Chợ Giá,https://chogia.vn/gia-ca-phe-dak-lak-hom-nay/,24.7,20.6,22.6,0.0,0.0,0.0,81,0.452,0.46,11.62,106000.0,107000.0,106400.0,107700.0,108600.0,113400.0,106585.71428571429,598.4105932368022,107971.42857142857,110383.33333333333,2758.0707066694704,7.571428571428571,6.45,23.914285714285715,24.216666666666665,83.71428571428571,83.53333333333333,4,8,11,4,-0.5000000000000004,0.8660254037844384,107000.0,1.0
2024-11-09,Đắk Lắk,Cà phê,107000.0,VND/kg,Chợ Giá,https://chogia.vn/gia-ca-phe-dak-lak-hom-nay/,27.9,20.0,23.1,0.0,0.0,0.0,76,0.434,0.45,20.71,108500.0,106000.0,107000.0,106500.0,109800.0,113500.0,106700.0,864.0987597893164,107964.28571428571,110220.0,2718.0621900473875,3.0571428571428574,6.390000000000001,23.771428571428572,24.133333333333333,82.42857142857143,83.53333333333333,5,9,11,4,-0.5000000000000004,0.8660254037844384,107000.0,1.0
2024-11-10,Đắk Lắk,Cà phê,107000.0,VND/kg,Chợ Giá,https://chogia.vn/gia-ca-phe-dak-lak-hom-nay/,28.3,21.2,24.2,0.0,0.0,0.0,73,0.413,0.437,21.68,107000.0,108500.0,106000.0,106500.0,109800.0,114000.0,106771.42857142857,865.4753717179813,107764.28571428571,110003.33333333333,2706.63085305556,2.942857142857143,6.35,23.742857142857144,24.053333333333335,82.0,83.46666666666667,6,10,11,4,-0.5000000000000004,0.8660254037844384,107000.0,1.0
2024-11-11,Đắk Lắk,Cà phê,107000.0,VND/kg,Chợ Giá,https://chogia.vn/gia-ca-phe-dak-lak-hom-nay/,29.9,21.0,24.9,0.0,0.0,0.0,76,0.395,0.425,20.24,107000.0,107000.0,108500.0,106000.0,109000.0,113600.0,106842.85714285714,859.9557020722401,107564.28571428571,109770.0,2651.3691973561913,1.4714285714285715,6.286666666666666,23.8,24.026666666666664,80.14285714285714,83.13333333333334,0,11,11,4,-0.5000000000000004,0.8660254037844384,109700.0,1.0
2024-11-12,Đắk Lắk,Cà phê,109700.0,VND/kg,Chợ Giá,https://chogia.vn/gia-ca-phe-dak-lak-hom-nay/,28.0,21.1,23.7,15.4,15.4,11.0,88,0.396,0.401,13.43,107000.0,107000.0,107000.0,106400.0,110500.0,113600.0,106985.71428571429,775.5182598954724,107421.42857142857,109550.0,2595.8521290438653,0.4428571428571429,6.1466666666666665,23.842857142857145,24.023333333333333,79.28571428571429,82.86666666666666,1,12,11,4,-0.5000000000000004,0.8660254037844384,110300.0,1.0
2024-11-13,Đắk Lắk,Cà phê,110300.0,VND/kg,Chợ Giá,https://chogia.vn/gia-ca-phe-dak-lak-hom-nay/,30.4,21.7,25.1,6.3,6.3,10.0,81,0.238,0.301,19.05,109700.0,107000.0,107000.0,107000.0,108600.0,113600.0,107457.14285714286,1229.9825782749158,107364.28571428571,109420.0,2481.1565712453425,2.457142857142857,6.413333333333333,23.714285714285715,23.970000000000002,80.0,83.0,2,13,11,4,-0.5000000000000004,0.8660254037844384,111000.0,1.0
2024-11-14,Đắk Lắk,Cà phê,111000.0,VND/kg,Chợ Giá,https://chogia.vn/gia-ca-phe-dak-lak-hom-nay/,31.3,21.9,25.9,0.0,0.0,0.0,75,0.215,0.298,20.57,110300.0,109700.0,107000.0,106000.0,109200.0,114700.0,107928.57142857143,1601.7847189047864,107485.71428571429,109310.0,2359.6244587235333,3.128571428571429,6.596666666666668,23.87142857142857,23.94,79.71428571428571,83.06666666666666,3,14,11,4,-0.5000000000000004,0.8660254037844384,113800.0,1.0
2024-11-15,Đắk Lắk,Cà phê,113800.0,VND/kg,Chợ Giá,https://chogia.vn/gia-ca-phe-dak-lak-hom-nay/,31.5,21.0,25.9,0.0,0.0,0.0,66,0.202,0.293,22.05,111000.0,110300.0,109700.0,108500.0,107700.0,113700.0,108642.85714285714,1709.6365528555004,107614.28571428571,109186.66666666667,2156.103339173427,3.1000000000000005,6.086666666666668,24.214285714285715,23.970000000000002,78.57142857142857,82.7,4,15,11,4,-0.5000000000000004,0.8660254037844384,113200.0,1.0
2024-11-16,Đắk Lắk,Cà phê,113200.0,VND/kg,Chợ Giá,https://chogia.vn/gia-ca-phe-dak-lak-hom-nay/,31.7,20.7,25.6,0.0,0.0,0.0,67,0.191,0.292,21.83,113800.0,111000.0,110300.0,107000.0,106500.0,113200.0,109400.0,2585.214368932624,108050.0,109190.0,2163.3865533717603,3.1000000000000005,5.66,24.685714285714287,24.013333333333332,76.42857142857143,82.03333333333333,5,16,11,4,-0.5000000000000004,0.8660254037844384,113200.0,1.0
2024-11-17,Đắk Lắk,Cà phê,113200.0,VND/kg,Chợ Giá,https://chogia.vn/gia-ca-phe-dak-lak-hom-nay/,30.2,21.1,24.8,0.0,0.0,0.0,70,0.185,0.288,21.09,113200.0,113800.0,111000.0,107000.0,106500.0,111200.0,110285.71428571429,2686.030883062241,108528.57142857143,109190.0,2163.3865533717603,3.1000000000000005,5.373333333333334,25.04285714285714,24.053333333333335,75.14285714285714,81.36666666666666,6,17,11,4,-0.5000000000000004,0.8660254037844384,113500.0,1.0
2024-11-18,Đắk Lắk,Cà phê,113500.0,VND/kg,Chợ Giá,https://chogia.vn/gia-ca-phe-dak-lak-hom-nay/,29.9,21.0,24.8,0.2,0.2,2.0,74,0.185,0.286,18.03,113200.0,113200.0,113800.0,107000.0,106000.0,111500.0,111171.42857142857,2432.224143806721,109007.14285714286,109256.66666666667,2256.283690486071,3.1000000000000005,5.033333333333334,25.12857142857143,24.080000000000002,74.71428571428571,80.73333333333333,0,18,11,4,-0.5000000000000004,0.8660254037844384,114300.0,1.0
2024-11-19,Đắk Lắk,Cà phê,114300.0,VND/kg,Chợ Giá,https://chogia.vn/gia-ca-phe-dak-lak-hom-nay/,29.8,22.9,25.3,0.6,0.6,3.0,77,0.188,0.285,18.3,113500.0,113200.0,113200.0,109700.0,106400.0,111500.0,112100.0,1706.8489485994985,109542.85714285714,109323.33333333333,2352.3551416916453,3.128571428571429,4.86,25.11428571428571,24.08,74.42857142857143,80.4,1,19,11,4,-0.5000000000000004,0.8660254037844384,113500.0,1.0
2024-11-20,Đắk Lắk,Cà phê,113500.0,VND/kg,Chợ Giá,https://chogia.vn/gia-ca-phe-dak-lak-hom-nay/,29.9,22.3,25.2,0.0,0.0,0.0,74,0.189,0.287,15.84,114300.0,113500.0,113200.0,110300.0,107000.0,111600.0,112757.14285714286,1502.062074680086,110107.14285714286,109416.66666666667,2493.0362783274823,1.0142857142857142,4.506666666666667,25.342857142857145,24.113333333333337,72.85714285714286,80.03333333333333,2,20,11,4,-0.5000000000000004,0.8660254037844384,115300.0,1.0
2024-11-21,Đắk Lắk,Cà phê,115300.0,VND/kg,Chợ Giá,https://chogia.vn/gia-ca-phe-dak-lak-hom-nay/,30.0,22.1,25.1,0.6,0.6,4.0,75,0.191,0.286,16.39,113500.0,114300.0,113500.0,111000.0,106000.0,111400.0,113214.28571428571,1047.9003951220427,110571.42857142857,109480.0,2573.257696464403,0.1142857142857143,3.7866666666666666,25.357142857142858,24.16,71.85714285714286,79.46666666666667,3,21,11,4,-0.5000000000000004,0.8660254037844384,115500.0,1.0
2024-11-22,Đắk Lắk,Cà phê,115500.0,VND/kg,Chợ Giá,https://chogia.vn/gia-ca-phe-dak-lak-hom-nay/,29.2,22.8,24.9,0.7,0.7,4.0,78,0.202,0.285,17.09,115300.0,113500.0,114300.0,113800.0,108500.0,109600.0,113828.57142857143,752.1398046346718,111235.71428571429,109610.0,2764.9717838554475,0.19999999999999998,3.3033333333333337,25.242857142857144,24.19,71.85714285714286,79.1,4,22,11,4,-0.5000000000000004,0.8660254037844384,117500.0,1.0
2024-11-23,Đắk Lắk,Cà phê,117500.0,VND/kg,Chợ Giá,https://chogia.vn/gia-ca-phe-dak-lak-hom-nay/,29.7,22.1,24.7,0.3,0.3,1.0,79,0.202,0.286,16.15,115500.0,115300.0,113500.0,113200.0,107000.0,109800.0,114071.42857142857,981.0101693573404,111735.71428571429,109806.66666666667,2966.7041196137056,0.3,3.29,25.099999999999998,24.196666666666665,73.57142857142857,79.03333333333333,5,23,11,4,-0.5000000000000004,0.8660254037844384,119000.0,1.0
2024-11-24,Đắk Lắk,Cà phê,119000.0,VND/kg,Chợ Giá,https://chogia.vn/gia-ca-phe-dak-lak-hom-nay/,30.0,22.5,25.1,0.4,0.4,4.0,79,0.198,0.285,17.2,117500.0,115500.0,115300.0,113200.0,107000.0,108600.0,114685.71428571429,1534.523347741375,112485.71428571429,110063.33333333333,3282.396447228959,0.34285714285714286,3.3000000000000003,24.97142857142857,24.19666666666667,75.28571428571429,79.03333333333333,6,24,11,4,-0.5000000000000004,0.8660254037844384,120000.0,1.0
2024-11-25,Đắk Lắk,Cà phê,120000.0,VND/kg,Chợ Giá,https://chogia.vn/gia-ca-phe-dak-lak-hom-nay/,30.1,22.1,25.4,0.0,0.0,0.0,74,0.196,0.285,18.23,119000.0,117500.0,115500.0,113500.0,107000.0,109800.0,115514.28571428571,2070.7716528136666,113342.85714285714,110410.0,3651.013085668681,0.39999999999999997,3.3066666666666666,25.014285714285712,24.19333333333333,76.57142857142857,79.13333333333334,0,25,11,4,-0.5000000000000004,0.8660254037844384,121600.0,1.0
2024-11-26,Đắk Lắk,Cà phê,121600.0,VND/kg,Chợ Giá,https://chogia.vn/gia-ca-phe-dak-lak-hom-nay/,29.9,22.5,25.2,0.0,0.0,0.0,75,0.193,0.286,18.35,120000.0,119000.0,117500.0,114300.0,109700.0,109800.0,116442.85714285714,2441.2135935892907,114271.42857142857,110750.0,4045.8365146713736,0.3714285714285714,3.3066666666666666,25.1,24.280000000000005,76.57142857142857,79.3,1,26,11,4,-0.5000000000000004,0.8660254037844384,124000.0,1.0
2024-11-27,Đắk Lắk,Cà phê,124000.0,VND/kg,Chợ Giá,https://chogia.vn/gia-ca-phe-dak-lak-hom-nay/,29.1,22.9,24.9,0.0,0.0,0.0,75,0.194,0.291,18.52,121600.0,120000.0,119000.0,113500.0,110300.0,109000.0,117485.71428571429,2891.037052356214,115121.42857142857,111143.33333333333,4498.557878754681,0.2857142857142857,3.0366666666666666,25.085714285714285,24.436666666666667,76.28571428571429,78.83333333333333,2,27,11,4,-0.5000000000000004,0.8660254037844384,128000.0,1.0
2024-11-28,Đắk Lắk,Cà phê,128000.0,VND/kg,Chợ Giá,https://chogia.vn/gia-ca-phe-dak-lak-hom-nay/,27.6,20.8,23.8,0.0,0.0,0.0,69,0.192,0.294,17.06,124000.0,121600.0,120000.0,115300.0,111000.0,110500.0,118985.71428571429,3187.176687618123,116100.0,111643.33333333333,5051.710760642937,0.2857142857142857,2.7766666666666664,25.042857142857144,24.513333333333332,76.42857142857143,78.36666666666666,3,28,11,4,-0.5000000000000004,0.8660254037844384,131000.0,1.0
2024-11-29,Đắk Lắk,Cà phê,131000.0,VND/kg,Chợ Giá,https://chogia.vn/gia-ca-phe-dak-lak-hom-nay/,26.0,19.3,21.9,0.0,0.0,0.0,70,0.191,0.297,14.73,128000.0,124000.0,121600.0,115500.0,113800.0,108600.0,120800.0,4194.838097789681,117314.28571428571,112226.66666666667,5860.736292059038,0.19999999999999998,2.643333333333333,24.857142857142858,24.543333333333337,75.57142857142857,77.73333333333333,4,29,11,4,-0.5000000000000004,0.8660254037844384,130000.0,1.0
2024-11-30,Đắk Lắk,Cà phê,130000.0,VND/kg,Chợ Giá,https://chogia.vn/gia-ca-phe-dak-lak-hom-nay/,25.6,18.6,21.6,0.0,0.0,0.0,75,0.188,0.293,11.89,131000.0,128000.0,124000.0,117500.0,113200.0,109200.0,123014.28571428571,4953.257706274005,118542.85714285714,112973.33333333333,6743.217963683796,0.09999999999999999,2.6166666666666667,24.428571428571427,24.470000000000002,74.42857142857143,77.33333333333333,5,30,11,4,-0.5000000000000004,0.8660254037844384,130000.0,1.0
2024-12-01,Đắk Lắk,Cà phê,130000.0,VND/kg,Chợ Giá,https://chogia.vn/gia-ca-phe-dak-lak-hom-nay/,27.1,19.1,23.0,0.0,0.0,0.0,75,0.19,0.296,15.05,130000.0,131000.0,128000.0,119000.0,113200.0,107700.0,124800.0,4886.716689148326,119742.85714285714,113666.66666666667,7381.025689556028,0.05714285714285715,2.5833333333333335,23.985714285714284,24.37,73.85714285714286,77.1,6,1,12,4,-2.4492935982947064e-16,1.0,128000.0,1.0
2024-12-02,Đắk Lắk,Cà phê,128000.0,VND/kg,Chợ Giá,https://chogia.vn/gia-ca-phe-dak-lak-hom-nay/,28.9,20.4,23.9,0.0,0.0,0.0,76,0.185,0.291,15.06,130000.0,130000.0,131000.0,120000.0,113500.0,106500.0,126371.42857142857,4460.834856733466,120942.85714285714,114410.0,7866.355682534269,0.0,1.5300000000000002,23.685714285714287,24.35,73.28571428571429,76.6,0,2,12,4,-2.4492935982947064e-16,1.0,109000.0,1.0
2024-12-03,Đắk Lắk,Cà phê,109000.0,VND/kg,Chợ Giá,https://chogia.vn/gia-ca-phe-dak-lak-hom-nay/,28.4,21.5,24.0,0.0,0.0,0.0,76,0.184,0.289,12.46,128000.0,130000.0,130000.0,121600.0,114300.0,106500.0,127514.28571428571,3471.5167537301586,121978.57142857143,115126.66666666667,8096.86756516479,0.0,1.5033333333333336,23.471428571428568,24.37,73.57142857142857,76.5,1,3,12,4,-2.4492935982947064e-16,1.0,108000.0,1.0
2024-12-04,Đắk Lắk,Cà phê,108000.0,VND/kg,Chợ Giá,https://chogia.vn/gia-ca-phe-dak-lak-hom-nay/,27.5,20.9,23.8,0.1,0.1,1.0,78,0.192,0.296,7.57,109000.0,128000.0,130000.0,124000.0,113500.0,106000.0,125714.28571428571,7718.252948137246,121600.0,115210.0,8017.495954430652,0.0,1.1600000000000001,23.3,24.376666666666665,73.71428571428571,76.16666666666667,2,4,12,4,-2.4492935982947064e-16,1.0,114000.0,1.0
2024-12-05,Đắk Lắk,Cà phê,114000.0,VND/kg,Chợ Giá,https://chogia.vn/gia-ca-phe-dak-lak-hom-nay/,28.0,21.5,24.1,0.0,0.0,0.0,77,0.205,0.302,13.17,108000.0,109000.0,128000.0,128000.0,115300.0,106400.0,123428.57142857143,10260.88272448892,121207.14285714286,115276.66666666667,7946.271445467933,0.014285714285714287,0.9233333333333335,23.142857142857142,24.35,74.14285714285714,76.03333333333333,3,5,12,4,-2.4492935982947064e-16,1.0,120000.0,1.0
2024-12-06,Đắk Lắk,Cà phê,120000.0,VND/kg,Chợ Giá,https://chogia.vn/gia-ca-phe-dak-lak-hom-nay/,28.7,22.0,24.6,0.5,0.5,5.0,79,0.204,0.306,14.68,114000.0,108000.0,109000.0,131000.0,115500.0,107000.0,121428.57142857143,10580.755216542055,121114.28571428571,115530.0,7772.770774778002,0.014285714285714287,0.8800000000000001,23.185714285714283,24.333333333333332,75.28571428571429,75.83333333333333,4,6,12,4,-2.4492935982947064e-16,1.0,124000.0,1.0
2024-12-07,Đắk Lắk,Cà phê,124000.0,VND/kg,Chợ Giá,https://chogia.vn/gia-ca-phe-dak-lak-hom-nay/,29.0,21.8,24.5,0.8,0.8,6.0,78,0.211,0.31,16.11,120000.0,114000.0,108000.0,130000.0,117500.0,106000.0,119857.14285714286,9702.724212449726,121435.71428571429,115963.33333333333,7642.10132382972,0.08571428571428572,0.8433333333333334,23.571428571428573,24.353333333333335,76.57142857142857,75.7,5,7,12,4,-2.4492935982947064e-16,1.0,124000.0,1.0
2024-12-08,Đắk Lắk,Cà phê,124000.0,VND/kg,Chợ Giá,https://chogia.vn/gia-ca-phe-dak-lak-hom-nay/,27.5,21.5,23.8,0.0,0.0,0.0,75,0.204,0.315,13.82,124000.0,120000.0,114000.0,130000.0,119000.0,108500.0,119000.0,8888.19441731565,121900.0,116563.33333333333,7538.7954463303495,0.19999999999999998,0.8633333333333333,23.985714285714284,24.386666666666667,77.0,75.53333333333333,6,8,12,4,-2.4492935982947064e-16,1.0,122000.0,1.0
2024-12-09,Đắk Lắk,Cà phê,122000.0,VND/kg,Chợ Giá,https://chogia.vn/gia-ca-phe-dak-lak-hom-nay/,27.7,21.4,23.8,0.0,0.0,0.0,75,0.199,0.318,12.5,124000.0,124000.0,120000.0,128000.0,120000.0,107000.0,118142.85714285714,7883.074092183727,122257.14285714286,117080.0,7498.156095173561,0.19999999999999998,0.8633333333333333,24.099999999999998,24.426666666666666,77.0,75.33333333333333,0,9,12,4,-2.4492935982947064e-16,1.0,124000.0,1.0
2024-12-10,Đắk Lắk,Cà phê,124000.0,VND/kg,Chợ Giá,https://chogia.vn/gia-ca-phe-dak-lak-hom-nay/,25.3,20.9,22.6,3.8,3.8,11.0,85,0.213,0.32,5.87,122000.0,124000.0,124000.0,109000.0,121600.0,107000.0,117285.71428571429,6897.204402613408,122400.0,117580.0,7300.325925648257,0.19999999999999998,0.8633333333333333,24.08571428571429,24.45,76.85714285714286,75.3,1,10,12,4,-2.4492935982947064e-16,1.0,124700.0,1.0
2024-12-11,Đắk Lắk,Cà phê,124700.0,VND/kg,Chợ Giá,https://chogia.vn/gia-ca-phe-dak-lak-hom-nay/,24.4,21.0,22.5,12.2,12.2,20.0,93,0.393,0.322,4.92,124000.0,122000.0,124000.0,108000.0,124000.0,107000.0,119428.57142857143,6187.545093630866,122571.42857142857,118146.66666666667,7108.020401137798,0.7428571428571428,0.99,23.88571428571429,24.396666666666665,78.14285714285714,75.7,2,11,12,4,-2.4492935982947064e-16,1.0,123000.0,1.0
2024-12-12,Đắk Lắk,Cà phê,123000.0,VND/kg,Chợ Giá,https://chogia.vn/gia-ca-phe-dak-lak-hom-nay/,25.3,22.6,23.6,1.2,1.2,9.0,87,0.434,0.335,7.0,124700.0,124000.0,122000.0,114000.0,128000.0,109700.0,121814.28571428571,3808.949361450771,122621.42857142857,118736.66666666667,6881.884431849769,2.471428571428571,1.3966666666666667,23.7,24.316666666666666,80.28571428571429,76.26666666666667,3,12,12,4,-2.4492935982947064e-16,1.0,124000.0,1.0
2024-12-13,Đắk Lắk,Cà phê,124000.0,VND/kg,Chợ Giá,https://chogia.vn/gia-ca-phe-dak-lak-hom-nay/,26.4,22.2,23.7,8.6,8.6,19.0,87,0.458,0.35,10.63,123000.0,124700.0,124000.0,120000.0,131000.0,110300.0,123100.0,1623.7815945094296,122264.28571428571,119180.0,6705.808084710491,2.642857142857143,0.9233333333333333,23.62857142857143,24.313333333333336,81.71428571428571,76.23333333333333,4,13,12,4,-2.4492935982947064e-16,1.0,125000.0,1.0
2024-12-14,Đắk Lắk,Cà phê,125000.0,VND/kg,Chợ Giá,https://chogia.vn/gia-ca-phe-dak-lak-hom-nay/,25.9,22.3,23.6,1.2,1.2,7.0,83,0.427,0.361,12.59,124000.0,123000.0,124700.0,124000.0,130000.0,111000.0,123671.42857142857,888.2835240217506,121764.28571428571,119636.66666666667,6544.778562853359,3.8,1.0,23.5,24.266666666666666,82.85714285714286,76.43333333333334,5,14,12,4,-2.4492935982947064e-16,1.0,125000.0,1.0
2024-12-15,Đắk Lắk,Cà phê,125000.0,VND/kg,Chợ Giá,https://chogia.vn/gia-ca-phe-dak-lak-hom-nay/,23.7,20.9,22.1,10.6,10.6,13.0,85,0.466,0.384,6.14,125000.0,124000.0,123000.0,124000.0,130000.0,113800.0,123814.28571428571,1020.5040771253433,121407.14285714286,120103.33333333333,6405.3578506907625,3.8571428571428568,1.04,23.371428571428574,24.19,83.57142857142857,76.7,6,15,12,4,-2.4492935982947064e-16,1.0,124000.0,1.0
2024-12-16,Đắk Lắk,Cà phê,124000.0,VND/kg,Chợ Giá,https://chogia.vn/gia-ca-phe-dak-lak-hom-nay/,22.7,19.2,20.9,2.3,2.3,4.0,83,0.444,0.408,6.98,125000.0,125000.0,124000.0,122000.0,128000.0,113200.0,123957.14285714286,1116.329017893627,121050.0,120476.66666666667,6351.469193780592,5.371428571428571,1.3933333333333333,23.12857142857143,24.063333333333336,85.0,77.33333333333333,0,16,12,4,-2.4492935982947064e-16,1.0,124800.0,1.0
2024-12-17,Đắk Lắk,Cà phê,124800.0,VND/kg,Chợ Giá,https://chogia.vn/gia-ca-phe-dak-lak-hom-nay/,25.2,19.2,21.3,0.0,0.0,0.0,81,0.406,0.403,11.81,124000.0,125000.0,125000.0,124000.0,109000.0,113200.0,124242.85714285714,716.1404491145638,120764.28571428571,120836.66666666667,6229.710976488276,5.7,1.4699999999999998,22.714285714285715,23.90666666666667,86.14285714285714,77.86666666666666,1,17,12,4,-2.4492935982947064e-16,1.0,124000.0,1.0
2024-12-18,Đắk Lắk,Cà phê,124000.0,VND/kg,Chợ Giá,https://chogia.vn/gia-ca-phe-dak-lak-hom-nay/,25.9,19.4,21.9,0.9,0.9,4.0,80,0.382,0.398,12.55,124800.0,124000.0,125000.0,124700.0,108000.0,113500.0,124357.14285714286,734.5228447942743,121892.85714285714,121223.33333333333,6097.974979497594,5.1571428571428575,1.4699999999999998,22.52857142857143,23.79,85.57142857142857,78.23333333333333,2,18,12,4,-2.4492935982947064e-16,1.0,123800.0,1.0
2024-12-19,Đắk Lắk,Cà phê,123800.0,VND/kg,Chợ Giá,https://chogia.vn/gia-ca-phe-dak-lak-hom-nay/,25.7,19.3,21.6,0.0,0.0,0.0,78,0.361,0.393,14.43,124000.0,124800.0,124000.0,123000.0,114000.0,114300.0,124257.14285714286,727.6838664727125,123035.71428571429,121573.33333333333,5938.648013638221,3.5428571428571423,1.4933333333333332,22.442857142857143,23.693333333333335,83.71428571428571,78.43333333333334,3,19,12,4,-2.4492935982947064e-16,1.0,122000.0,1.0
2024-12-20,Đắk Lắk,Cà phê,122000.0,VND/kg,Chợ Giá,https://chogia.vn/gia-ca-phe-dak-lak-hom-nay/,24.2,17.9,20.5,0.0,0.0,0.0,77,0.336,0.387,14.8,123800.0,124000.0,124800.0,124000.0,120000.0,113500.0,124371.42857142857,534.5224838256572,123735.71428571429,121890.0,5788.832888147733,3.371428571428571,1.4733333333333332,22.157142857142855,23.569999999999997,82.42857142857143,78.46666666666667,4,20,12,4,-2.4492935982947064e-16,1.0,121000.0,1.0
2024-12-21,Đắk Lắk,Cà phê,121000.0,VND/kg,Chợ Giá,https://chogia.vn/gia-ca-phe-dak-lak-hom-nay/,24.8,17.4,20.2,0.0,0.0,0.0,77,0.313,0.38,16.41,122000.0,123800.0,124000.0,125000.0,124000.0,115300.0,124085.71428571429,1051.0765456249044,123878.57142857143,122173.33333333333,5567.822166535612,2.142857142857143,1.4733333333333332,21.699999999999996,23.413333333333334,81.0,78.56666666666666,5,21,12,4,-2.4492935982947064e-16,1.0,121000.0,1.0
2024-12-22,Đắk Lắk,Cà phê,121000.0,VND/kg,Chợ Giá,https://chogia.vn/gia-ca-phe-dak-lak-hom-nay/,23.1,16.6,19.6,0.0,0.0,0.0,78,0.295,0.374,12.07,121000.0,122000.0,123800.0,125000.0,124000.0,115500.0,123514.28571428571,1473.576795226322,123664.28571428571,122363.33333333333,5420.490074124538,1.9714285714285713,1.4533333333333334,21.214285714285715,23.25,80.14285714285714,78.63333333333334,6,22,12,4,-2.4492935982947064e-16,1.0,120500.0,1.0
2024-12-23,Đắk Lắk,Cà phê,120500.0,VND/kg,Chợ Giá,https://chogia.vn/gia-ca-phe-dak-lak-hom-nay/,24.7,18.1,21.4,0.6,0.6,5.0,81,0.287,0.369,6.71,121000.0,121000.0,122000.0,124000.0,122000.0,117500.0,122942.85714285714,1573.5915849391865,123450.0,122546.66666666667,5271.3103346020835,0.45714285714285713,1.43,20.857142857142858,23.073333333333334,79.14285714285714,78.63333333333334,0,23,12,4,-2.4492935982947064e-16,1.0,120700.0,1.0
2024-12-24,Đắk Lắk,Cà phê,120700.0,VND/kg,Chợ Giá,https://chogia.vn/gia-ca-phe-dak-lak-hom-nay/,24.8,19.8,21.6,0.1,0.1,1.0,79,0.281,0.36,7.34,120500.0,121000.0,121000.0,124800.0,124000.0,119000.0,122442.85714285714,1729.9876134984675,123342.85714285714,122646.66666666667,5200.247562630869,0.21428571428571427,1.44,20.928571428571427,22.96333333333333,78.85714285714286,78.7,1,24,12,4,-2.4492935982947064e-16,1.0,120700.0,1.0
2024-12-25,Đắk Lắk,Cà phê,120700.0,VND/kg,Chợ Giá,https://chogia.vn/gia-ca-phe-dak-lak-hom-nay/,24.1,19.8,21.7,3.5,3.5,13.0,86,0.296,0.356,4.74,120700.0,120500.0,121000.0,124000.0,124700.0,120000.0,121857.14285714286,1474.0614447363312,123107.14285714286,122703.33333333333,5168.304152823883,0.2285714285714286,1.4299999999999997,20.97142857142857,22.846666666666668,78.57142857142857,78.7,2,25,12,4,-2.4492935982947064e-16,1.0,121500.0,1.0
2024-12-26,Đắk Lắk,Cà phê,121500.0,VND/kg,Chợ Giá,https://chogia.vn/gia-ca-phe-dak-lak-hom-nay/,26.8,20.5,22.8,0.8,0.8,4.0,85,0.357,0.353,10.67,120700.0,120700.0,120500.0,123800.0,123000.0,121600.0,121385.71428571429,1171.080087538686,122821.42857142857,122726.66666666667,5157.246882039244,0.6,1.5466666666666664,20.942857142857143,22.723333333333333,79.42857142857143,79.1,3,26,12,4,-2.4492935982947064e-16,1.0,122000.0,1.0
2024-12-27,Đắk Lắk,Cà phê,122000.0,VND/kg,Chợ Giá,https://chogia.vn/gia-ca-phe-dak-lak-hom-nay/,27.5,22.0,23.9,2.0,2.0,5.0,81,0.348,0.351,14.99,121500.0,120700.0,120700.0,122000.0,124000.0,124000.0,121057.14285714286,525.5382728132515,122714.28571428571,122723.33333333333,5158.032459240574,0.7142857142857143,1.5733333333333333,21.114285714285717,22.643333333333334,80.42857142857143,79.43333333333334,4,27,12,4,-2.4492935982947064e-16,1.0,120800.0,1.0
2024-12-28,Đắk Lắk,Cà phê,120800.0,VND/kg,Chợ Giá,https://chogia.vn/gia-ca-phe-dak-lak-hom-nay/,26.7,20.4,23.2,0.7,0.7,6.0,81,0.329,0.348,17.06,122000.0,121500.0,120700.0,121000.0,125000.0,128000.0,121057.14285714286,525.5382728132515,122571.42857142857,122656.66666666667,5153.885934893174,1.0,1.64,21.599999999999998,22.610000000000003,81.0,79.63333333333334,5,28,12,4,-2.4492935982947064e-16,1.0,120800.0,1.0
2024-12-29,Đắk Lắk,Cà phê,120800.0,VND/kg,Chợ Giá,https://chogia.vn/gia-ca-phe-dak-lak-hom-nay/,24.9,18.9,21.3,0.0,0.0,0.0,77,0.312,0.346,13.4,120800.0,122000.0,121500.0,121000.0,125000.0,131000.0,121028.57142857143,534.5224838258418,122271.42857142857,122416.66666666667,5063.32883097466,1.1,1.663333333333333,22.028571428571432,22.59,81.57142857142857,80.03333333333333,6,29,12,4,-2.4492935982947064e-16,1.0,121000.0,1.0
2024-12-30,Đắk Lắk,Cà phê,121000.0,VND/kg,Chợ Giá,https://chogia.vn/gia-ca-phe-dak-lak-hom-nay/,25.4,18.4,21.3,0.0,0.0,0.0,79,0.293,0.343,13.26,120800.0,120800.0,122000.0,120500.0,124000.0,130000.0,121000.0,541.602560310046,121971.42857142857,122076.66666666667,4802.8499681018875,1.1,1.663333333333333,22.271428571428572,22.57,81.42857142857143,80.26666666666667,0,30,12,4,-2.4492935982947064e-16,1.0,120300.0,1.0
2024-12-31,Đắk Lắk,Cà phê,120300.0,VND/kg,Chợ Giá,https://chogia.vn/gia-ca-phe-dak-lak-hom-nay/,24.4,18.4,21.0,0.9,0.9,5.0,81,0.28,0.34,8.21,121000.0,120800.0,120800.0,120700.0,124800.0,130000.0,121071.42857142857,495.69575922670987,121757.14285714286,121776.66666666667,4566.118349497021,1.0142857142857145,1.663333333333333,22.25714285714286,22.56,81.14285714285714,80.4,1,31,12,4,-2.4492935982947064e-16,1.0,119400.0,1.0
2025-01-01,Đắk Lắk,Cà phê,119400.0,VND/kg,Chợ Giá,https://chogia.vn/gia-ca-phe-dak-lak-hom-nay/,25.7,18.4,21.1,0.0,0.0,0.0,76,0.272,0.339,12.21,120300.0,121000.0,120800.0,120700.0,124000.0,128000.0,121014.28571428571,563.9993245530545,121435.71428571429,121453.33333333333,4299.377126766733,1.1285714285714286,1.693333333333333,22.17142857142857,22.493333333333332,81.42857142857143,80.6,2,1,1,1,0.49999999999999994,0.8660254037844387,119500.0,1.0
2025-01-02,Đắk Lắk,Cà phê,119500.0,VND/kg,Chợ Giá,https://chogia.vn/gia-ca-phe-dak-lak-hom-nay/,26.6,18.7,22.0,0.0,0.0,0.0,77,0.258,0.336,12.17,119400.0,120300.0,121000.0,121500.0,123800.0,109000.0,120828.57142857143,834.0948901146475,121107.14285714286,121166.66666666667,4131.237881892729,0.6285714285714284,1.693333333333333,22.085714285714285,22.4,80.0,80.6,3,2,1,1,0.49999999999999994,0.8660254037844387,122000.0,1.0
2025-01-03,Đắk Lắk,Cà phê,122000.0,VND/kg,Chợ Giá,https://chogia.vn/gia-ca-phe-dak-lak-hom-nay/,25.9,19.2,21.9,0.0,0.0,0.0,77,0.248,0.334,11.13,119500.0,119400.0,120300.0,122000.0,122000.0,108000.0,120542.85714285714,905.275543425822,120800.0,121516.66666666667,3454.24110467111,0.5142857142857143,1.693333333333333,21.97142857142857,22.333333333333332,78.85714285714286,80.63333333333334,4,3,1,1,0.49999999999999994,0.8660254037844387,120300.0,1.0
2025-01-04,Đắk Lắk,Cà phê,120300.0,VND/kg,Chợ Giá,https://chogia.vn/gia-ca-phe-dak-lak-hom-nay/,25.0,17.4,20.7,0.0,0.0,0.0,72,0.236,0.333,18.58,122000.0,119500.0,119400.0,120800.0,121000.0,114000.0,120542.85714285714,905.275543425822,120800.0,121983.33333333333,2326.9164638829166,0.2285714285714286,1.69,21.685714285714287,22.27,78.28571428571429,80.6,5,4,1,1,0.49999999999999994,0.8660254037844387,120300.0,1.0
2025-01-05,Đắk Lắk,Cà phê,120300.0,VND/kg,Chợ Giá,https://chogia.vn/gia-ca-phe-dak-lak-hom-nay/,25.8,16.6,20.5,0.0,0.0,0.0,71,0.221,0.33,17.99,120300.0,122000.0,119500.0,120800.0,121000.0,120000.0,120471.42857142857,901.3217807099019,120750.0,122193.33333333333,1808.0153595128302,0.1285714285714286,1.69,21.328571428571426,22.15666666666667,77.0,80.43333333333334,6,5,1,1,0.49999999999999994,0.8660254037844387,120500.0,1.0
2025-01-06,Đắk Lắk,Cà phê,120500.0,VND/kg,Chợ Giá,https://chogia.vn/gia-ca-phe-dak-lak-hom-nay/,25.4,17.7,20.8,0.0,0.0,0.0,74,0.207,0.325,20.57,120300.0,120300.0,122000.0,121000.0,120500.0,124000.0,120400.0,890.692614393124,120700.0,122203.33333333333,1796.2572838793128,0.1285714285714286,1.6733333333333331,21.214285714285715,22.02,76.14285714285714,80.16666666666667,0,6,1,1,0.49999999999999994,0.8660254037844387,121000.0,1.0
2025-01-07,Đắk Lắk,Cà phê,121000.0,VND/kg,Chợ Giá,https://chogia.vn/gia-ca-phe-dak-lak-hom-nay/,26.7,17.7,21.4,0.0,0.0,0.0,75,0.196,0.319,20.17,120500.0,120300.0,120300.0,120300.0,120700.0,124000.0,120328.57142857143,853.8428538371413,120700.0,122086.66666666667,1789.1884759027544,0.1285714285714286,1.6466666666666663,21.142857142857142,21.896666666666665,75.42857142857143,80.03333333333333,1,7,1,1,0.49999999999999994,0.8660254037844387,121300.0,1.0
2025-01-08,Đắk Lắk,Cà phê,121300.0,VND/kg,Chợ Giá,https://chogia.vn/gia-ca-phe-dak-lak-hom-nay/,26.3,17.7,21.4,0.0,0.0,0.0,71,0.188,0.312,20.98,121000.0,120500.0,120300.0,119400.0,120700.0,122000.0,120428.57142857143,890.1578244233283,120721.42857142857,121986.66666666667,1762.1956001924568,0.0,1.6466666666666663,21.2,21.816666666666666,74.57142857142857,80.03333333333333,2,8,1,1,0.49999999999999994,0.8660254037844387,119000.0,1.0
2025-01-09,Đắk Lắk,Cà phê,119000.0,VND/kg,Chợ Giá,https://chogia.vn/gia-ca-phe-dak-lak-hom-nay/,27.1,18.7,21.9,0.0,0.0,0.0,74,0.185,0.306,18.86,121300.0,121000.0,120500.0,119500.0,121500.0,124000.0,120700.0,810.3497187435484,120764.28571428571,121963.33333333333,1766.641726131831,0.0,1.6466666666666663,21.24285714285714,21.736666666666668,73.85714285714286,79.9,3,9,1,1,0.49999999999999994,0.8660254037844387,119500.0,1.0
2025-01-10,Đắk Lắk,Cà phê,119500.0,VND/kg,Chợ Giá,https://chogia.vn/gia-ca-phe-dak-lak-hom-nay/,24.9,18.5,21.0,0.0,0.0,0.0,70,0.186,0.306,15.91,119000.0,121300.0,121000.0,122000.0,122000.0,124700.0,120628.57142857143,944.659172602503,120585.71428571429,121796.66666666667,1803.3461873053095,0.0,1.5199999999999998,21.228571428571428,21.71333333333333,73.42857142857143,79.53333333333333,4,10,1,1,0.49999999999999994,0.8660254037844387,119000.0,1.0
2025-01-11,Đắk Lắk,Cà phê,119000.0,VND/kg,Chợ Giá,https://chogia.vn/gia-ca-phe-dak-lak-hom-nay/,24.0,17.7,20.2,0.0,0.0,0.0,71,0.191,0.312,13.2,119500.0,119000.0,121300.0,120300.0,120800.0,123000.0,120271.42857142857,801.486713790128,120407.14285714286,121623.33333333333,1764.141548261646,0.0,1.113333333333333,21.099999999999998,21.663333333333334,72.42857142857143,78.76666666666667,5,11,1,1,0.49999999999999994,0.8660254037844387,119000.0,1.0
2025-01-12,Đắk Lắk,Cà phê,119000.0,VND/kg,Chợ Giá,https://chogia.vn/gia-ca-phe-dak-lak-hom-nay/,23.6,15.7,18.7,0.0,0.0,0.0,67,0.192,0.315,20.13,119000.0,119500.0,119000.0,120300.0,120800.0,124000.0,120085.71428571429,933.5033858694599,120278.57142857143,121490.0,1807.1410074185526,0.0,1.0733333333333333,21.02857142857143,21.55,72.28571428571429,78.23333333333333,6,12,1,1,0.49999999999999994,0.8660254037844387,118000.0,1.0
2025-01-13,Đắk Lắk,Cà phê,118000.0,VND/kg,Chợ Giá,https://chogia.vn/gia-ca-phe-dak-lak-hom-nay/,24.5,15.1,19.0,0.0,0.0,0.0,72,0.19,0.314,19.74,119000.0,119000.0,119500.0,120500.0,121000.0,125000.0,119900.0,1009.9504938368021,120150.0,121323.33333333333,1798.2143122130042,0.0,0.7866666666666666,20.771428571428572,21.383333333333333,71.71428571428571,77.56666666666666,0,13,1,1,0.49999999999999994,0.8660254037844387,115200.0,1.0
2025-01-14,Đắk Lắk,Cà phê,115200.0,VND/kg,Chợ Giá,https://chogia.vn/gia-ca-phe-dak-lak-hom-nay/,25.9,17.3,21.4,0.7,0.7,3.0,78,0.197,0.312,11.55,118000.0,119000.0,119000.0,121000.0,120300.0,125000.0,119542.85714285714,1188.6366740339095,119935.71428571429,121090.0,1758.398566095093,0.0,0.7466666666666666,20.514285714285712,21.23,71.42857142857143,77.2,1,14,1,1,0.49999999999999994,0.8660254037844387,114500.0,1.0
2025-01-15,Đắk Lắk,Cà phê,114500.0,VND/kg,Chợ Giá,https://chogia.vn/gia-ca-phe-dak-lak-hom-nay/,27.0,20.4,22.9,0.0,0.0,0.0,80,0.248,0.319,12.91,115200.0,118000.0,119000.0,121300.0,119400.0,124000.0,118714.28571428571,1844.2962265942929,119571.42857142857,120763.33333333333,1910.674792036386,0.09999999999999999,0.4166666666666667,20.514285714285712,21.206666666666663,71.85714285714286,76.96666666666667,2,15,1,1,0.49999999999999994,0.8660254037844387,116000.0,1.0
2025-01-16,Đắk Lắk,Cà phê,116000.0,VND/kg,Chợ Giá,https://chogia.vn/gia-ca-phe-dak-lak-hom-nay/,25.6,18.4,21.8,0.0,0.0,0.0,74,0.237,0.321,13.45,114500.0,115200.0,118000.0,119000.0,119500.0,124800.0,117742.85714285714,2036.2196532280138,119221.42857142857,120446.66666666667,2130.3607163137417,0.09999999999999999,0.33999999999999997,20.728571428571428,21.27333333333333,73.14285714285714,76.86666666666666,3,16,1,1,0.49999999999999994,0.8660254037844387,117000.0,1.0
2025-01-17,Đắk Lắk,Cà phê,117000.0,VND/kg,Chợ Giá,https://chogia.vn/gia-ca-phe-dak-lak-hom-nay/,24.4,17.6,20.1,0.0,0.0,0.0,73,0.226,0.323,17.08,116000.0,114500.0,115200.0,119500.0,122000.0,124000.0,117314.28571428571,2043.2234103894543,118971.42857142857,120153.33333333333,2116.068790573751,0.09999999999999999,0.33999999999999997,20.714285714285715,21.290000000000003,73.14285714285714,76.63333333333334,4,17,1,1,0.49999999999999994,0.8660254037844387,119300.0,1.0
2025-01-18,Đắk Lắk,Cà phê,119300.0,VND/kg,Chợ Giá,https://chogia.vn/gia-ca-phe-dak-lak-hom-nay/,24.8,16.7,19.9,0.0,0.0,0.0,73,0.215,0.326,19.27,117000.0,116000.0,114500.0,119000.0,120300.0,123800.0,116957.14285714286,1801.718756130419,118614.28571428571,119920.0,2062.539445809611,0.09999999999999999,0.31,20.585714285714285,21.23,73.57142857142857,76.4,5,18,1,1,0.49999999999999994,0.8660254037844387,120000.0,1.0
2025-01-19,Đắk Lắk,Cà phê,120000.0,VND/kg,Chợ Giá,https://chogia.vn/gia-ca-phe-dak-lak-hom-nay/,25.8,16.1,20.1,0.0,0.0,0.0,71,0.203,0.324,22.35,119300.0,117000.0,116000.0,119000.0,120300.0,122000.0,117000.0,1861.0033136281604,118542.85714285714,119770.0,1930.0080400055515,0.09999999999999999,0.31,20.542857142857144,21.173333333333336,73.85714285714286,76.23333333333333,6,19,1,1,0.49999999999999994,0.8660254037844387,119000.0,1.0
2025-01-20,Đắk Lắk,Cà phê,119000.0,VND/kg,Chợ Giá,https://chogia.vn/gia-ca-phe-dak-lak-hom-nay/,26.2,15.9,20.0,0.0,0.0,0.0,69,0.189,0.315,22.71,120000.0,119300.0,117000.0,118000.0,120500.0,121000.0,117142.85714285714,2067.089050539136,118521.42857142857,119703.33333333333,1884.3243247707717,0.09999999999999999,0.31,20.74285714285714,21.160000000000004,74.42857142857143,76.03333333333333,0,20,1,1,0.49999999999999994,0.8660254037844387,120000.0,1.0
2025-01-21,Đắk Lắk,Cà phê,120000.0,VND/kg,Chợ Giá,https://chogia.vn/gia-ca-phe-dak-lak-hom-nay/,26.4,15.4,19.9,0.0,0.0,0.0,66,0.183,0.311,22.18,119000.0,120000.0,119300.0,115200.0,121000.0,121000.0,117285.71428571429,2168.2777892673703,118414.28571428571,119636.66666666667,1872.2074990618655,0.09999999999999999,0.31,20.885714285714283,21.153333333333332,74.0,75.76666666666667,1,21,1,1,0.49999999999999994,0.8660254037844387,122200.0,1.0
2025-01-22,Đắk Lắk,Cà phê,122200.0,VND/kg,Chợ Giá,https://chogia.vn/gia-ca-phe-dak-lak-hom-nay/,27.5,16.1,20.9,0.0,0.0,0.0,64,0.187,0.311,22.25,120000.0,119000.0,120000.0,114500.0,121300.0,120500.0,117971.42857142857,2157.710426752352,118342.85714285714,119603.33333333333,1855.9286797641382,0.0,0.31,20.67142857142857,21.163333333333334,72.28571428571429,75.36666666666666,2,22,1,1,0.49999999999999994,0.8660254037844387,124000.0,1.0
2025-01-23,Đắk Lắk,Cà phê,124000.0,VND/kg,Chợ Giá,https://chogia.vn/gia-ca-phe-dak-lak-hom-nay/,29.5,17.7,22.7,0.0,0.0,0.0,59,0.186,0.31,21.82,122200.0,120000.0,119000.0,116000.0,119000.0,120700.0,119071.42857142857,2053.2204669045373,118407.14285714286,119660.0,1909.4321235608309,0.0,0.29,20.385714285714283,21.146666666666665,70.0,74.8,3,23,1,1,0.49999999999999994,0.8660254037844387,124200.0,1.0
2025-01-24,Đắk Lắk,Cà phê,124200.0,VND/kg,Chợ Giá,https://chogia.vn/gia-ca-phe-dak-lak-hom-nay/,31.1,18.1,23.8,0.0,0.0,0.0,66,0.192,0.311,22.36,124000.0,122200.0,120000.0,117000.0,119500.0,120700.0,120214.28571428571,2273.3445049302336,118764.28571428571,119770.0,2060.490400283021,0.0,0.2866666666666667,20.514285714285712,21.183333333333334,67.85714285714286,74.13333333333334,4,24,1,1,0.49999999999999994,0.8660254037844387,125300.0,1.0
2025-01-25,Đắk Lắk,Cà phê,125300.0,VND/kg,Chợ Giá,https://chogia.vn/gia-ca-phe-dak-lak-hom-nay/,31.3,18.3,23.9,0.0,0.0,0.0,68,0.188,0.308,22.45,124200.0,124000.0,122200.0,119300.0,119000.0,121500.0,121242.85714285714,2204.4327636661865,119100.0,119886.66666666667,2208.7183572408126,0.0,0.16999999999999998,21.042857142857144,21.253333333333334,66.85714285714286,73.46666666666667,5,25,1,1,0.49999999999999994,0.8660254037844387,125300.0,1.0
2025-01-26,Đắk Lắk,Cà phê,125300.0,VND/kg,Chợ Giá,https://chogia.vn/gia-ca-phe-dak-lak-hom-nay/,27.8,18.8,22.3,0.0,0.0,0.0,68,0.176,0.305,22.2,125300.0,124200.0,124000.0,120000.0,119000.0,122000.0,122100.0,2473.1895735401504,119550.0,120013.33333333333,2404.698466054962,0.0,0.14333333333333334,21.614285714285717,21.29,66.14285714285714,72.9,6,26,1,1,0.49999999999999994,0.8660254037844387,125300.0,1.0
2025-01-27,Đắk Lắk,Cà phê,125300.0,VND/kg,Chợ Giá,https://chogia.vn/gia-ca-phe-dak-lak-hom-nay/,24.6,17.2,20.4,0.0,0.0,0.0,72,0.17,0.304,17.25,125300.0,125300.0,124200.0,119000.0,118000.0,120800.0,122857.14285714286,2533.6779214266294,120000.0,120123.33333333333,2568.601301035568,0.0,0.07666666666666666,21.928571428571427,21.236666666666668,65.71428571428571,72.46666666666667,0,27,1,1,0.49999999999999994,0.8660254037844387,124300.0,1.0
2025-01-28,Đắk Lắk,Cà phê,124300.0,VND/kg,Chợ Giá,https://chogia.vn/gia-ca-phe-dak-lak-hom-nay/,25.4,16.6,19.8,0.0,0.0,0.0,69,0.16,0.301,22.16,125300.0,125300.0,125300.0,120000.0,115200.0,120800.0,123757.14285714286,1997.3792352792332,120521.42857142857,120273.33333333333,2735.4547416621012,0.0,0.05333333333333334,21.985714285714288,21.14333333333333,66.14285714285714,72.16666666666667,1,28,1,1,0.49999999999999994,0.8660254037844387,125800.0,1.0
2025-01-29,Đắk Lắk,Cà phê,125800.0,VND/kg,Chợ Giá,https://chogia.vn/gia-ca-phe-dak-lak-hom-nay/,26.4,16.5,20.2,0.0,0.0,0.0,69,0.159,0.299,21.31,124300.0,125300.0,125300.0,122200.0,114500.0,121000.0,124371.42857142857,1116.1157134074622,121171.42857142857,120390.0,2831.6377617549647,0.0,0.05333333333333334,21.97142857142857,21.09333333333333,66.57142857142857,71.9,2,29,1,1,0.49999999999999994,0.8660254037844387,127600.0,1.0
2025-01-30,Đắk Lắk,Cà phê,127600.0,VND/kg,Chợ Giá,https://chogia.vn/gia-ca-phe-dak-lak-hom-nay/,26.2,16.4,20.6,0.0,0.0,0.0,71,0.163,0.298,19.65,125800.0,124300.0,125300.0,124000.0,116000.0,120300.0,124885.71428571429,701.0196655082266,121978.57142857143,120550.0,2998.0165857245506,0.0,0.05333333333333334,21.87142857142857,21.05666666666667,67.28571428571429,71.56666666666666,3,30,1,1,0.49999999999999994,0.8660254037844387,128800.0,1.0
2025-01-31,Đắk Lắk,Cà phê,128800.0,VND/kg,Chợ Giá,https://chogia.vn/gia-ca-phe-dak-lak-hom-nay/,29.4,17.0,22.4,0.0,0.0,0.0,65,0.16,0.297,22.31,127600.0,125800.0,124300.0,124200.0,117000.0,119400.0,125400.0,1131.3708498987519,122807.14285714286,120793.33333333333,3261.6828038065587,0.0,0.02333333333333333,21.571428571428573,21.043333333333337,69.0,71.23333333333333,4,31,1,1,0.49999999999999994,0.8660254037844387,128800.0,1.0
2025-02-01,Đắk Lắk,Cà phê,128800.0,VND/kg,Chợ Giá,https://chogia.vn/gia-ca-phe-dak-lak-hom-nay/,31.0,17.6,23.8,0.0,0.0,0.0,53,0.165,0.295,22.8,128800.0,127600.0,125800.0,125300.0,119300.0,119500.0,126057.14285714286,1569.3492736983937,123650.0,121106.66666666667,3560.9891432247855,0.0,0.02333333333333333,21.37142857142857,21.086666666666666,68.85714285714286,70.86666666666666,5,1,2,1,0.8660254037844386,0.5000000000000001,128800.0,1.0
2025-02-02,Đắk Lắk,Cà phê,128800.0,VND/kg,Chợ Giá,https://chogia.vn/gia-ca-phe-dak-lak-hom-nay/,31.7,17.7,24.4,0.0,0.0,0.0,44,0.165,0.293,23.24,128800.0,128800.0,127600.0,125300.0,120000.0,122000.0,126557.14285714286,1824.69827903801,124328.57142857143,121416.66666666667,3812.2383083359628,0.0,0.02333333333333333,21.357142857142858,21.146666666666665,66.71428571428571,70.06666666666666,6,2,2,1,0.8660254037844386,0.5000000000000001,130500.0,1.0
2025-02-03,Đắk Lắk,Cà phê,130500.0,VND/kg,Chợ Giá,https://chogia.vn/gia-ca-phe-dak-lak-hom-nay/,29.5,17.7,23.1,0.0,0.0,0.0,62,0.165,0.291,22.98,128800.0,128800.0,128800.0,125300.0,119000.0,120300.0,127057.14285714286,1900.7517309889643,124957.14285714286,121643.33333333333,4043.2731136133357,0.0,0.02333333333333333,21.657142857142855,21.23,63.285714285714285,68.96666666666667,0,3,2,1,0.8660254037844386,0.5000000000000001,128000.0,1.0
2025-02-04,Đắk Lắk,Cà phê,128000.0,VND/kg,Chợ Giá,https://chogia.vn/gia-ca-phe-dak-lak-hom-nay/,26.7,18.6,21.7,0.0,0.0,0.0,72,0.166,0.29,17.48,130500.0,128800.0,128800.0,124300.0,120000.0,120300.0,127800.0,2104.756517984994,125778.57142857143,121983.33333333333,4344.087010411652,0.0,0.02333333333333333,22.042857142857144,21.31,61.857142857142854,68.63333333333334,1,4,2,1,0.8660254037844386,0.5000000000000001,129000.0,1.0
2025-02-05,Đắk Lắk,Cà phê,129000.0,VND/kg,Chợ Giá,https://chogia.vn/gia-ca-phe-dak-lak-hom-nay/,27.1,17.6,21.3,0.0,0.0,0.0,70,0.167,0.289,23.02,128000.0,130500.0,128800.0,125800.0,122200.0,120500.0,128328.57142857143,1438.4184436553503,126350.0,122240.0,4466.936001487337,0.0,0.02333333333333333,22.314285714285713,21.35,62.285714285714285,68.66666666666667,2,5,2,1,0.8660254037844386,0.5000000000000001,130400.0,1.0
2025-02-06,Đắk Lắk,Cà phê,130400.0,VND/kg,Chợ Giá,https://chogia.vn/gia-ca-phe-dak-lak-hom-nay/,28.0,16.9,21.4,0.0,0.0,0.0,67,0.17,0.289,23.63,129000.0,128000.0,130500.0,127600.0,124000.0,121000.0,128785.71428571429,913.6530549186124,126835.71428571429,122523.33333333333,4619.7240799334695,0.0,0.02333333333333333,22.47142857142857,21.366666666666667,62.42857142857143,68.53333333333333,3,6,2,1,0.8660254037844386,0.5000000000000001,130500.0,1.0
2025-02-07,Đắk Lắk,Cà phê,130500.0,VND/kg,Chợ Giá,https://chogia.vn/gia-ca-phe-dak-lak-hom-nay/,27.9,16.4,21.6,0.0,0.0,0.0,68,0.165,0.287,21.05,130400.0,129000.0,128000.0,128800.0,124200.0,121300.0,129185.71428571429,920.9208641872561,127292.85714285714,122836.66666666667,4826.97044513073,0.0,0.02333333333333333,22.585714285714285,21.366666666666664,61.857142857142854,68.26666666666667,4,7,2,1,0.8660254037844386,0.5000000000000001,129500.0,1.0
2025-02-08,Đắk Lắk,Cà phê,129500.0,VND/kg,Chợ Giá,https://chogia.vn/gia-ca-phe-dak-lak-hom-nay/,27.1,18.2,21.8,0.0,0.0,0.0,69,0.163,0.287,18.19,130500.0,130400.0,129000.0,128800.0,125300.0,119000.0,129428.57142857143,1020.9705932988907,127742.85714285714,123143.33333333333,5014.577599933208,0.0,0.02333333333333333,22.47142857142857,21.37333333333333,62.285714285714285,68.16666666666667,5,8,2,1,0.8660254037844386,0.5000000000000001,129500.0,1.0
2025-02-09,Đắk Lắk,Cà phê,129500.0,VND/kg,Chợ Giá,https://chogia.vn/gia-ca-phe-dak-lak-hom-nay/,25.0,17.8,20.5,0.0,0.0,0.0,69,0.167,0.286,12.34,129500.0,130500.0,130400.0,128800.0,125300.0,119500.0,129528.57142857143,982.7076298240546,128042.85714285714,123493.33333333333,5081.401743433188,0.0,0.02333333333333333,22.185714285714283,21.37,64.57142857142857,68.0,6,9,2,1,0.8660254037844386,0.5000000000000001,129000.0,1.0
2025-02-10,Đắk Lắk,Cà phê,129000.0,VND/kg,Chợ Giá,https://chogia.vn/gia-ca-phe-dak-lak-hom-nay/,26.4,17.6,21.1,0.0,0.0,0.0,69,0.171,0.286,18.95,129500.0,129500.0,130500.0,130500.0,125300.0,119000.0,129628.57142857143,930.4376850248486,128342.85714285714,123826.66666666667,5138.088557332733,0.0,0.02333333333333333,21.62857142857143,21.353333333333335,68.14285714285714,67.96666666666667,0,10,2,1,0.8660254037844386,0.5000000000000001,131000.0,1.0
2025-02-11,Đắk Lắk,Cà phê,131000.0,VND/kg,Chợ Giá,https://chogia.vn/gia-ca-phe-dak-lak-hom-nay/,27.2,18.6,22.3,0.0,0.0,0.0,72,0.169,0.287,12.42,129000.0,129500.0,129500.0,128000.0,124300.0,119000.0,129414.28571428571,866.8497975016826,128607.14285714286,124160.0,5138.535951430441,0.0,0.02333333333333333,21.342857142857145,21.383333333333333,69.14285714285714,67.9,1,11,2,1,0.8660254037844386,0.5000000000000001,130800.0,1.0
2025-02-12,Đắk Lắk,Cà phê,130800.0,VND/kg,Chợ Giá,https://chogia.vn/gia-ca-phe-dak-lak-hom-nay/,30.0,19.7,24.3,1.3,1.3,5.0,73,0.183,0.293,19.07,131000.0,129000.0,129500.0,129000.0,125800.0,118000.0,129842.85714285714,789.2129895390996,129085.71428571429,124560.0,5189.8176168876225,0.0,0.02333333333333333,21.428571428571427,21.503333333333334,69.14285714285714,68.06666666666666,2,12,2,1,0.8660254037844386,0.5000000000000001,133000.0,1.0
2025-02-13,Đắk Lắk,Cà phê,133000.0,VND/kg,Chợ Giá,https://chogia.vn/gia-ca-phe-dak-lak-hom-nay/,31.6,20.6,25.3,0.1,0.1,1.0,69,0.18,0.289,21.35,130800.0,131000.0,129000.0,130400.0,127600.0,115200.0,130100.0,761.5773105864441,129442.85714285714,124986.66666666667,5157.968948933923,0.18571428571428572,0.06666666666666667,21.857142857142858,21.68,69.57142857142857,68.1,3,13,2,1,0.8660254037844386,0.5000000000000001,132300.0,1.0
2025-02-14,Đắk Lắk,Cà phê,132300.0,VND/kg,Chợ Giá,https://chogia.vn/gia-ca-phe-dak-lak-hom-nay/,31.3,20.0,24.6,0.9,0.9,4.0,71,0.184,0.293,21.0,133000.0,130800.0,131000.0,130500.0,128800.0,114500.0,130471.42857142857,1343.7686875777192,129828.57142857143,125580.0,5015.17696597098,0.2,0.04666666666666667,22.414285714285715,21.810000000000002,69.85714285714286,67.8,4,14,2,1,0.8660254037844386,0.5000000000000001,131000.0,1.0
2025-02-15,Đắk Lắk,Cà phê,131000.0,VND/kg,Chợ Giá,https://chogia.vn/gia-ca-phe-dak-lak-hom-nay/,30.8,21.0,25.0,0.0,0.0,0.0,72,0.188,0.297,20.6,132300.0,133000.0,130800.0,129500.0,128800.0,116000.0,130728.57142857143,1511.8578920369253,130078.57142857143,126173.33333333333,4702.305621812103,0.32857142857142857,0.07666666666666666,22.84285714285715,21.866666666666667,70.28571428571429,67.5,5,15,2,1,0.8660254037844386,0.5000000000000001,131000.0,1.0
2025-02-16,Đắk Lắk,Cà phê,131000.0,VND/kg,Chợ Giá,https://chogia.vn/gia-ca-phe-dak-lak-hom-nay/,30.8,20.9,24.8,0.0,0.0,0.0,69,0.173,0.296,23.09,131000.0,132300.0,133000.0,129500.0,128800.0,117000.0,130942.85714285714,1411.6859221714942,130235.71428571429,126673.33333333333,4368.9289568373015,0.32857142857142857,0.07666666666666666,23.300000000000004,21.973333333333336,70.71428571428571,67.43333333333334,6,16,2,1,0.8660254037844386,0.5000000000000001,132000.0,1.0
2025-02-17,Đắk Lắk,Cà phê,132000.0,VND/kg,Chợ Giá,https://chogia.vn/gia-ca-phe-dak-lak-hom-nay/,29.1,19.9,23.6,0.0,0.0,0.0,71,0.164,0.294,18.66,131000.0,131000.0,132300.0,129000.0,130500.0,119300.0,131157.14285714287,1262.084443631715,130392.85714285714,127140.0,4034.9849378011936,0.32857142857142857,0.07666666666666666,23.914285714285715,22.13,70.71428571428571,67.3,0,17,2,1,0.8660254037844386,0.5000000000000001,131500.0,1.0
2025-02-18,Đắk Lắk,Cà phê,131500.0,VND/kg,Chợ Giá,https://chogia.vn/gia-ca-phe-dak-lak-hom-nay/,29.3,19.6,23.6,0.0,0.0,0.0,72,0.159,0.294,19.58,132000.0,131000.0,131000.0,131000.0,128000.0,120000.0,131585.7142857143,849.3695140682825,130500.0,127563.33333333333,3845.865073156673,0.32857142857142857,0.07666666666666666,24.271428571428572,22.253333333333334,71.0,67.23333333333333,1,18,2,1,0.8660254037844386,0.5000000000000001,132500.0,1.0
2025-02-19,Đắk Lắk,Cà phê,132500.0,VND/kg,Chợ Giá,https://chogia.vn/gia-ca-phe-dak-lak-hom-nay/,28.0,20.5,23.3,0.0,0.0,0.0,75,0.153,0.298,15.12,131500.0,132000.0,131000.0,130800.0,129000.0,119000.0,131657.14285714287,812.1107126025537,130750.0,127946.66666666667,3633.250025408857,0.32857142857142857,0.07666666666666666,24.45714285714286,22.37,71.0,67.26666666666667,2,19,2,1,0.8660254037844386,0.5000000000000001,133300.0,1.0
2025-02-20,Đắk Lắk,Cà phê,133300.0,VND/kg,Chợ Giá,https://chogia.vn/gia-ca-phe-dak-lak-hom-nay/,29.4,20.0,23.5,0.0,0.0,0.0,72,0.144,0.296,18.44,132500.0,131500.0,132000.0,133000.0,130400.0,120000.0,131900.0,765.9416862050809,131000.0,128396.66666666667,3308.4513861805312,0.14285714285714285,0.07666666666666666,24.314285714285713,22.48,71.28571428571429,67.46666666666667,3,20,2,1,0.8660254037844386,0.5000000000000001,132000.0,1.0
2025-02-21,Đắk Lắk,Cà phê,132000.0,VND/kg,Chợ Giá,https://chogia.vn/gia-ca-phe-dak-lak-hom-nay/,29.8,21.1,24.1,0.0,0.0,0.0,73,0.146,0.294,18.12,133300.0,132500.0,131500.0,132300.0,130500.0,122200.0,131942.85714285713,842.332362861495,131207.14285714287,128840.0,3023.311726089602,0.1285714285714286,0.07666666666666666,24.057142857142857,22.6,71.71428571428571,67.66666666666667,4,21,2,1,0.8660254037844386,0.5000000000000001,134000.0,1.0
2025-02-22,Đắk Lắk,Cà phê,134000.0,VND/kg,Chợ Giá,https://chogia.vn/gia-ca-phe-dak-lak-hom-nay/,28.1,21.2,23.8,0.2,0.2,2.0,75,0.157,0.298,14.32,132000.0,133300.0,132500.0,131000.0,129500.0,124000.0,131900.0,828.6535263104148,131314.2857142857,129166.66666666667,2802.5029863522595,0.0,0.07666666666666666,23.98571428571429,22.706666666666667,72.0,67.96666666666667,5,22,2,1,0.8660254037844386,0.5000000000000001,134000.0,1.0
2025-02-23,Đắk Lắk,Cà phê,134000.0,VND/kg,Chợ Giá,https://chogia.vn/gia-ca-phe-dak-lak-hom-nay/,26.4,22.0,23.5,1.1,1.1,5.0,77,0.165,0.298,10.46,134000.0,132000.0,133300.0,131000.0,129500.0,124200.0,132328.57142857142,1035.5582805332594,131635.7142857143,129500.0,2761.1841537721116,0.028571428571428574,0.08333333333333333,23.814285714285717,22.743333333333332,72.42857142857143,68.5,6,23,2,1,0.8660254037844386,0.5000000000000001,134000.0,1.0
2025-02-24,Đắk Lắk,Cà phê,134000.0,VND/kg,Chợ Giá,https://chogia.vn/gia-ca-phe-dak-lak-hom-nay/,27.0,21.3,23.3,3.1,3.1,14.0,78,0.197,0.293,17.86,134000.0,134000.0,132000.0,132000.0,129000.0,125300.0,132757.14285714287,1014.6545271785386,131957.14285714287,129826.66666666667,2691.3569623627486,0.18571428571428572,0.12000000000000001,23.62857142857143,22.733333333333334,73.57142857142857,68.86666666666666,0,24,2,1,0.8660254037844386,0.5000000000000001,131500.0,1.0
2025-02-25,Đắk Lắk,Cà phê,131500.0,VND/kg,Chợ Giá,https://chogia.vn/gia-ca-phe-dak-lak-hom-nay/,28.4,21.1,23.6,0.0,0.0,0.0,74,0.198,0.293,16.92,134000.0,134000.0,134000.0,131500.0,131000.0,125300.0,133042.85714285713,1046.9911538263343,132314.2857142857,130116.66666666667,2655.259365647462,0.6285714285714287,0.22333333333333333,23.58571428571429,22.713333333333335,74.57142857142857,69.2,1,25,2,1,0.8660254037844386,0.5000000000000001,129000.0,1.0
2025-02-26,Đắk Lắk,Cà phê,129000.0,VND/kg,Chợ Giá,https://chogia.vn/gia-ca-phe-dak-lak-hom-nay/,28.5,20.7,23.4,0.0,0.0,0.0,74,0.192,0.295,16.98,131500.0,134000.0,134000.0,132500.0,130800.0,125300.0,133042.85714285713,1046.9911538263343,132350.0,130323.33333333333,2504.435146356743,0.6285714285714287,0.22333333333333333,23.585714285714285,22.756666666666664,74.85714285714286,69.4,2,26,2,1,0.8660254037844386,0.5000000000000001,130500.0,1.0
2025-02-27,Đắk Lắk,Cà phê,130500.0,VND/kg,Chợ Giá,https://chogia.vn/gia-ca-phe-dak-lak-hom-nay/,29.7,20.2,24.1,0.0,0.0,0.0,72,0.188,0.296,23.44,129000.0,131500.0,134000.0,133300.0,133000.0,124300.0,132542.85714285713,1865.3481738066714,132221.42857142858,130446.66666666667,2333.819325416233,0.6285714285714287,0.22333333333333333,23.6,22.85666666666667,74.71428571428571,69.46666666666667,3,27,2,1,0.8660254037844386,0.5000000000000001,130000.0,1.0
2025-02-28,Đắk Lắk,Cà phê,130000.0,VND/kg,Chợ Giá,https://chogia.vn/gia-ca-phe-dak-lak-hom-nay/,32.3,19.3,24.7,0.0,0.0,0.0,69,0.187,0.296,24.21,130500.0,129000.0,131500.0,132000.0,132300.0,125800.0,132142.85714285713,1973.0324738476004,132042.85714285713,130653.33333333333,2024.8002597693994,0.6285714285714287,0.22333333333333333,23.685714285714287,23.0,74.71428571428571,69.56666666666666,4,28,2,1,0.8660254037844386,0.5000000000000001,129500.0,1.0
2025-03-01,Đắk Lắk,Cà phê,129500.0,VND/kg,Chợ Giá,https://chogia.vn/gia-ca-phe-dak-lak-hom-nay/,33.5,19.2,25.6,0.0,0.0,0.0,66,0.183,0.294,24.91,130000.0,130500.0,129000.0,134000.0,131000.0,127600.0,131857.14285714287,2135.3041491843314,131878.57142857142,130793.33333333333,1811.6354458096716,0.6285714285714287,0.22333333333333333,23.77142857142857,23.15,74.14285714285714,69.56666666666666,5,1,3,1,1.0,6.123233995736766e-17,129500.0,1.0
2025-03-02,Đắk Lắk,Cà phê,129500.0,VND/kg,Chợ Giá,https://chogia.vn/gia-ca-phe-dak-lak-hom-nay/,33.4,19.2,25.8,0.0,0.0,0.0,66,0.177,0.291,24.26,129500.0,130000.0,130500.0,134000.0,131000.0,128800.0,131214.2857142857,2058.6634591635357,131771.42857142858,130856.66666666667,1727.4025414587566,0.5999999999999999,0.22333333333333333,24.028571428571432,23.316666666666666,72.85714285714286,69.4,6,2,3,1,1.0,6.123233995736766e-17,130000.0,1.0
2025-03-03,Đắk Lắk,Cà phê,130000.0,VND/kg,Chợ Giá,https://chogia.vn/gia-ca-phe-dak-lak-hom-nay/,34.2,20.6,27.1,0.0,0.0,0.0,63,0.184,0.294,24.26,129500.0,129500.0,130000.0,134000.0,132000.0,128800.0,130571.42857142857,1718.249385968403,131664.2857142857,130880.0,1703.2220986265047,0.4428571428571429,0.22333333333333333,24.357142857142858,23.43,71.28571428571429,69.43333333333334,0,3,3,1,1.0,6.123233995736766e-17,133000.0,1.0
2025-03-04,Đắk Lắk,Cà phê,133000.0,VND/kg,Chợ Giá,https://chogia.vn/gia-ca-phe-dak-lak-hom-nay/,33.5,22.4,27.6,0.1,0.1,1.0,64,0.19,0.296,22.17,130000.0,129500.0,129500.0,131500.0,131500.0,128800.0,130000.0,816.4965809275772,131521.42857142858,130920.0,1666.3815848163977,0.0,0.22333333333333333,24.900000000000002,23.540000000000003,69.14285714285714,69.76666666666667,1,4,3,1,1.0,6.123233995736766e-17,135000.0,1.0
2025-03-05,Đắk Lắk,Cà phê,135000.0,VND/kg,Chợ Giá,https://chogia.vn/gia-ca-phe-dak-lak-hom-nay/,34.0,23.0,28.1,0.0,0.0,0.0,65,0.187,0.292,20.69,133000.0,130000.0,129500.0,129000.0,132500.0,130500.0,130214.28571428571,1318.3683999910752,131628.57142857142,131060.0,1658.5411121518894,0.014285714285714223,0.22666666666666666,25.47142857142857,23.64666666666667,67.71428571428571,70.43333333333334,2,5,3,1,1.0,6.123233995736766e-17,134000.0,1.0
2025-03-06,Đắk Lắk,Cà phê,134000.0,VND/kg,Chợ Giá,https://chogia.vn/gia-ca-phe-dak-lak-hom-nay/,33.3,23.3,27.4,0.2,0.2,2.0,63,0.185,0.293,23.99,135000.0,133000.0,130000.0,130500.0,133300.0,128000.0,131071.42857142857,2110.0665753432672,131807.14285714287,131210.0,1803.320691737833,0.014285714285714223,0.22666666666666666,26.142857142857142,23.813333333333336,66.42857142857143,70.53333333333333,3,6,3,1,1.0,6.123233995736766e-17,130500.0,1.0
2025-03-07,Đắk Lắk,Cà phê,130500.0,VND/kg,Chợ Giá,https://chogia.vn/gia-ca-phe-dak-lak-hom-nay/,30.1,22.5,25.3,0.0,0.0,0.0,71,0.182,0.291,17.61,134000.0,135000.0,133000.0,130000.0,132000.0,129000.0,131571.42857142858,2352.8098702857956,131857.14285714287,131410.0,1767.3962926239647,0.0428571428571428,0.23333333333333334,26.614285714285717,24.003333333333334,65.14285714285714,70.23333333333333,4,7,3,1,1.0,6.123233995736766e-17,129800.0,1.0
2025-03-08,Đắk Lắk,Cà phê,129800.0,VND/kg,Chợ Giá,https://chogia.vn/gia-ca-phe-dak-lak-hom-nay/,29.0,20.9,24.0,0.0,0.0,0.0,69,0.179,0.289,17.12,130500.0,134000.0,135000.0,129500.0,134000.0,130400.0,131642.85714285713,2304.2403975114653,131750.0,131460.0,1717.3757044844235,0.0428571428571428,0.23333333333333334,26.7,24.136666666666667,65.42857142857143,70.26666666666667,5,8,3,1,1.0,6.123233995736766e-17,129800.0,1.0
2025-03-09,Đắk Lắk,Cà phê,129800.0,VND/kg,Chợ Giá,https://chogia.vn/gia-ca-phe-dak-lak-hom-nay/,25.6,20.5,22.6,2.3,2.3,7.0,80,0.184,0.289,5.11,129800.0,130500.0,134000.0,129500.0,134000.0,130500.0,131685.7142857143,2260.109563294493,131450.0,131440.0,1733.5632031509203,0.0428571428571428,0.23333333333333334,26.471428571428568,24.223333333333336,65.85714285714286,70.33333333333333,6,9,3,1,1.0,6.123233995736766e-17,131000.0,1.0
2025-03-10,Đắk Lắk,Cà phê,131000.0,VND/kg,Chợ Giá,https://chogia.vn/gia-ca-phe-dak-lak-hom-nay/,28.1,21.2,23.9,0.7,0.7,5.0,81,0.241,0.292,13.31,129800.0,129800.0,130500.0,130000.0,134000.0,129500.0,131728.57142857142,2214.13209912619,131150.0,131416.66666666666,1751.2721156339558,0.3714285714285714,0.31,26.014285714285716,24.256666666666668,67.85714285714286,70.73333333333333,0,10,3,1,1.0,6.123233995736766e-17,131300.0,1.0
2025-03-11,Đắk Lắk,Cà phê,131300.0,VND/kg,Chợ Giá,https://chogia.vn/gia-ca-phe-dak-lak-hom-nay/,29.9,22.1,25.0,0.0,0.0,0.0,76,0.227,0.3,13.99,131000.0,129800.0,129800.0,133000.0,131500.0,129500.0,131871.42857142858,2114.0122088218013,130935.71428571429,131466.66666666666,1715.7150581982091,0.4714285714285714,0.3333333333333333,25.557142857142853,24.326666666666664,70.42857142857143,71.13333333333334,1,11,3,1,1.0,6.123233995736766e-17,134000.0,1.0
2025-03-12,Đắk Lắk,Cà phê,134000.0,VND/kg,Chợ Giá,https://chogia.vn/gia-ca-phe-dak-lak-hom-nay/,33.0,21.8,26.4,0.3,0.3,2.0,69,0.208,0.3,23.86,131300.0,131000.0,129800.0,135000.0,129000.0,129000.0,131628.57142857142,2059.704093402971,130921.42857142857,131526.66666666666,1675.571612881295,0.457142857142857,0.3333333333333333,25.185714285714283,24.476666666666667,72.14285714285714,71.36666666666666,2,12,3,1,1.0,6.123233995736766e-17,133000.0,1.0
2025-03-13,Đắk Lắk,Cà phê,133000.0,VND/kg,Chợ Giá,https://chogia.vn/gia-ca-phe-dak-lak-hom-nay/,32.8,21.9,26.7,0.0,0.0,0.0,67,0.191,0.3,23.77,134000.0,131300.0,131000.0,134000.0,130500.0,131000.0,131485.7142857143,1805.9425714647089,131278.57142857142,131693.33333333334,1664.214287707845,0.49999999999999994,0.3433333333333333,24.942857142857143,24.653333333333332,72.71428571428571,71.36666666666666,3,13,3,1,1.0,6.123233995736766e-17,133500.0,1.0
2025-03-14,Đắk Lắk,Cà phê,133500.0,VND/kg,Chợ Giá,https://chogia.vn/gia-ca-phe-dak-lak-hom-nay/,34.2,21.4,27.1,0.0,0.0,0.0,65,0.188,0.306,25.38,133000.0,134000.0,131300.0,130500.0,130000.0,130800.0,131342.85714285713,1601.9333557269063,131457.14285714287,131760.0,1675.5030124819962,0.4714285714285714,0.3433333333333333,24.842857142857138,24.8,73.28571428571429,71.2,4,14,3,1,1.0,6.123233995736766e-17,132000.0,1.0
2025-03-15,Đắk Lắk,Cà phê,132000.0,VND/kg,Chợ Giá,https://chogia.vn/gia-ca-phe-dak-lak-hom-nay/,35.0,21.5,28.0,0.0,0.0,0.0,61,0.18,0.301,24.21,133500.0,133000.0,134000.0,129800.0,129500.0,133000.0,131771.42857142858,1734.660663947736,131707.14285714287,131850.0,1694.5653496240939,0.4714285714285714,0.29999999999999993,25.1,24.893333333333334,72.42857142857143,70.93333333333334,5,15,3,1,1.0,6.123233995736766e-17,132000.0,1.0
2025-03-16,Đắk Lắk,Cà phê,132000.0,VND/kg,Chợ Giá,https://chogia.vn/gia-ca-phe-dak-lak-hom-nay/,32.6,22.0,26.3,0.6,0.6,1.0,68,0.181,0.304,23.27,132000.0,133500.0,133000.0,129800.0,129500.0,132300.0,132085.7142857143,1501.5864626327327,131885.7142857143,131816.66666666666,1680.9445894057187,0.4714285714285714,0.29666666666666663,25.671428571428574,24.983333333333334,71.28571428571429,70.66666666666667,6,16,3,1,1.0,6.123233995736766e-17,132700.0,1.0
2025-03-17,Đắk Lắk,Cà phê,132700.0,VND/kg,Chợ Giá,https://chogia.vn/gia-ca-phe-dak-lak-hom-nay/,29.2,21.4,24.4,0.0,0.0,0.0,73,0.17,0.307,17.78,132000.0,132000.0,133500.0,131000.0,130000.0,131000.0,132400.0,1126.9427669584522,132064.2857142857,131806.66666666666,1678.8611356072176,0.22857142857142856,0.2866666666666667,26.199999999999996,25.040000000000003,69.57142857142857,70.56666666666666,0,17,3,1,1.0,6.123233995736766e-17,134000.0,1.0
2025-03-18,Đắk Lắk,Cà phê,134000.0,VND/kg,Chợ Giá,https://chogia.vn/gia-ca-phe-dak-lak-hom-nay/,29.4,20.4,23.9,0.1,0.1,1.0,71,0.158,0.303,20.98,132700.0,132000.0,132000.0,131300.0,133000.0,131000.0,132642.85714285713,943.1456989902271,132257.14285714287,131863.33333333334,1679.3848080002501,0.12857142857142856,0.2866666666666667,26.271428571428572,25.02,68.42857142857143,70.6,1,18,3,1,1.0,6.123233995736766e-17,134000.0,1.0
2025-03-19,Đắk Lắk,Cà phê,134000.0,VND/kg,Chợ Giá,https://chogia.vn/gia-ca-phe-dak-lak-hom-nay/,27.6,19.2,22.6,0.0,0.0,0.0,69,0.158,0.296,18.3,134000.0,132700.0,132000.0,134000.0,135000.0,132000.0,133028.57142857142,849.9299691038473,132328.57142857142,131963.33333333334,1715.1421642787843,0.14285714285714285,0.29,26.114285714285717,24.990000000000002,67.71428571428571,70.66666666666667,2,19,3,1,1.0,6.123233995736766e-17,135000.0,1.0
2025-03-20,Đắk Lắk,Cà phê,135000.0,VND/kg,Chợ Giá,https://chogia.vn/gia-ca-phe-dak-lak-hom-nay/,27.7,18.2,22.0,0.0,0.0,0.0,67,0.162,0.299,18.53,134000.0,134000.0,132700.0,133000.0,134000.0,131500.0,133028.57142857142,849.9299691038473,132257.14285714287,132030.0,1755.0223497963336,0.09999999999999999,0.29,25.571428571428573,24.956666666666663,67.71428571428571,70.6,3,20,3,1,1.0,6.123233995736766e-17,133500.0,1.0
2025-03-21,Đắk Lắk,Cà phê,133500.0,VND/kg,Chợ Giá,https://chogia.vn/gia-ca-phe-dak-lak-hom-nay/,28.2,18.1,22.3,0.0,0.0,0.0,66,0.163,0.298,20.47,135000.0,134000.0,134000.0,133500.0,130500.0,132500.0,133314.2857142857,1129.053543797539,132328.57142857142,132146.66666666666,1833.1682266325906,0.09999999999999999,0.29,24.900000000000002,24.90333333333333,67.71428571428571,70.43333333333334,4,21,3,1,1.0,6.123233995736766e-17,133900.0,1.0
2025-03-22,Đắk Lắk,Cà phê,133900.0,VND/kg,Chợ Giá,https://chogia.vn/gia-ca-phe-dak-lak-hom-nay/,28.0,18.2,22.5,0.0,0.0,0.0,69,0.163,0.296,23.08,133500.0,135000.0,134000.0,132000.0,129800.0,133300.0,133314.2857142857,1129.053543797539,132542.85714285713,132180.0,1848.8393376820445,0.09999999999999999,0.29,24.214285714285715,24.87,67.85714285714286,70.13333333333334,5,22,3,1,1.0,6.123233995736766e-17,133900.0,1.0
2025-03-23,Đắk Lắk,Cà phê,133900.0,VND/kg,Chợ Giá,https://chogia.vn/gia-ca-phe-dak-lak-hom-nay/,29.1,19.1,23.3,0.0,0.0,0.0,71,0.164,0.294,25.69,133900.0,133500.0,135000.0,132000.0,129800.0,132000.0,133585.7142857143,978.8233947424219,132835.7142857143,132200.0,1864.551346610438,0.09999999999999999,0.29,23.428571428571427,24.836666666666666,69.0,70.03333333333333,6,23,3,1,1.0,6.123233995736766e-17,133800.0,1.0
2025-03-24,Đắk Lắk,Cà phê,133800.0,VND/kg,Chợ Giá,https://chogia.vn/gia-ca-phe-dak-lak-hom-nay/,32.3,18.6,24.2,0.0,0.0,0.0,62,0.166,0.293,26.03,133900.0,133900.0,133500.0,132700.0,131000.0,134000.0,133857.14285714287,685.218074428583,133128.57142857142,132263.33333333334,1889.6238146595315,0.014285714285714271,0.29,23.0,24.81,69.42857142857143,69.96666666666667,0,24,3,1,1.0,6.123233995736766e-17,133700.0,1.0
2025-03-25,Đắk Lắk,Cà phê,133700.0,VND/kg,Chợ Giá,https://chogia.vn/gia-ca-phe-dak-lak-hom-nay/,32.7,18.5,25.0,0.0,0.0,0.0,55,0.165,0.29,24.3,133800.0,133900.0,133900.0,134000.0,131300.0,134000.0,134014.2857142857,467.0066788548397,133328.57142857142,132256.66666666666,1883.628804003927,0.014285714285714271,0.28333333333333327,22.97142857142857,24.823333333333334,67.85714285714286,69.53333333333333,1,25,3,1,1.0,6.123233995736766e-17,135400.0,1.0
2025-03-26,Đắk Lắk,Cà phê,135400.0,VND/kg,Chợ Giá,https://chogia.vn/gia-ca-phe-dak-lak-hom-nay/,34.8,20.3,27.0,0.0,0.0,0.0,58,0.165,0.289,25.8,133700.0,133800.0,133900.0,134000.0,134000.0,134000.0,133971.42857142858,482.05907561288416,133500.0,132246.66666666666,1874.8302605185402,0.0,0.24666666666666665,23.12857142857143,24.873333333333335,65.57142857142857,68.8,2,26,3,1,1.0,6.123233995736766e-17,133400.0,1.0
2025-03-27,Đắk Lắk,Cà phê,133400.0,VND/kg,Chợ Giá,https://chogia.vn/gia-ca-phe-dak-lak-hom-nay/,34.8,22.8,28.4,0.4,0.4,1.0,60,0.165,0.287,22.64,135400.0,133700.0,133800.0,135000.0,133000.0,131500.0,134171.42857142858,725.0615737398105,133600.0,132293.33333333334,1936.3907651636882,0.0,0.14333333333333334,23.75714285714286,24.996666666666666,64.0,68.13333333333334,3,27,3,1,1.0,6.123233995736766e-17,132300.0,1.0
2025-03-28,Đắk Lắk,Cà phê,132300.0,VND/kg,Chợ Giá,https://chogia.vn/gia-ca-phe-dak-lak-hom-nay/,34.5,23.9,28.0,0.6,0.6,4.0,63,0.167,0.286,20.98,133400.0,135400.0,133700.0,133500.0,133500.0,129000.0,133942.85714285713,670.4653678778685,133628.57142857142,132356.66666666666,1940.6154966288595,0.05714285714285713,0.15666666666666665,24.67142857142857,25.15666666666667,63.0,67.66666666666667,4,28,3,1,1.0,6.123233995736766e-17,132300.0,1.0
2025-03-29,Đắk Lắk,Cà phê,132300.0,VND/kg,Chợ Giá,https://chogia.vn/gia-ca-phe-dak-lak-hom-nay/,34.1,22.7,27.7,0.0,0.0,0.0,64,0.164,0.283,24.97,132300.0,133400.0,135400.0,133900.0,132000.0,130500.0,133771.42857142858,912.3491395188375,133542.85714285713,132466.66666666666,1834.4092976414452,0.14285714285714285,0.17666666666666667,25.485714285714284,25.31,62.57142857142857,67.3,5,29,3,1,1.0,6.123233995736766e-17,132300.0,1.0
2025-03-30,Đắk Lắk,Cà phê,132300.0,VND/kg,Chợ Giá,https://chogia.vn/gia-ca-phe-dak-lak-hom-nay/,32.4,22.8,26.3,0.7,0.7,4.0,71,0.17,0.27,21.8,132300.0,132300.0,133400.0,133900.0,132000.0,130000.0,133542.85714285713,1062.7905765124406,133564.2857142857,132526.66666666666,1796.919458473009,0.14285714285714285,0.17666666666666667,26.228571428571428,25.430000000000003,61.857142857142854,67.03333333333333,6,30,3,1,1.0,6.123233995736766e-17,133000.0,1.0
2025-03-31,Đắk Lắk,Cà phê,133000.0,VND/kg,Chợ Giá,https://chogia.vn/gia-ca-phe-dak-lak-hom-nay/,29.3,22.3,25.3,0.0,0.0,0.0,70,0.174,0.269,15.84,132300.0,132300.0,132300.0,133800.0,132700.0,129500.0,133314.2857142857,1142.261749671133,133585.7142857143,132603.33333333334,1733.341069835047,0.24285714285714283,0.19999999999999998,26.657142857142862,25.483333333333334,61.857142857142854,67.1,0,31,3,1,1.0,6.123233995736766e-17,132300.0,1.0
2025-04-01,Đắk Lắk,Cà phê,132300.0,VND/kg,Chợ Giá,https://chogia.vn/gia-ca-phe-dak-lak-hom-nay/,28.5,21.4,24.0,0.2,0.2,2.0,72,0.173,0.269,11.03,133000.0,132300.0,132300.0,133700.0,134000.0,129500.0,133200.0,1125.4628677422138,133607.14285714287,132720.0,1632.0919514353936,0.24285714285714283,0.19999999999999998,26.814285714285713,25.473333333333333,63.0,67.23333333333333,1,1,4,2,0.8660254037844387,-0.4999999999999998,133500.0,1.0
2025-04-02,Đắk Lắk,Cà phê,133500.0,VND/kg,Chợ Giá,https://chogia.vn/gia-ca-phe-dak-lak-hom-nay/,26.5,19.2,22.2,26.1,26.1,7.0,80,0.362,0.272,12.84,132300.0,133000.0,132300.0,135400.0,134000.0,130000.0,133000.0,1146.0075625113498,133485.7142857143,132813.33333333334,1517.6509374112698,0.2714285714285714,0.20666666666666664,26.67142857142857,25.413333333333334,65.42857142857143,67.43333333333334,2,2,4,2,0.8660254037844387,-0.4999999999999998,133500.0,1.0
2025-04-03,Đắk Lắk,Cà phê,133500.0,VND/kg,Chợ Giá,https://chogia.vn/gia-ca-phe-dak-lak-hom-nay/,29.1,20.9,24.0,0.0,0.0,0.0,73,0.381,0.282,21.96,133500.0,132300.0,133000.0,133400.0,135000.0,133000.0,132728.57142857142,555.9205150446502,133450.0,132930.0,1425.6637897444798,4.0,1.0766666666666667,25.985714285714284,25.25,68.57142857142857,68.0,3,3,4,2,0.8660254037844387,-0.4999999999999998,131000.0,1.0
2025-04-04,Đắk Lắk,Cà phê,131000.0,VND/kg,Chợ Giá,https://chogia.vn/gia-ca-phe-dak-lak-hom-nay/,32.1,19.5,25.0,0.0,0.0,0.0,70,0.328,0.284,25.81,133500.0,133500.0,132300.0,132300.0,133500.0,135000.0,132742.85714285713,576.9377287515811,133342.85714285713,132946.66666666666,1429.427986232739,3.942857142857143,1.0733333333333335,25.357142857142858,25.13,70.42857142857143,68.3,4,4,4,2,0.8660254037844387,-0.4999999999999998,127200.0,1.0
2025-04-05,Đắk Lắk,Cà phê,127200.0,VND/kg,Chợ Giá,https://chogia.vn/gia-ca-phe-dak-lak-hom-nay/,34.5,20.6,26.9,0.1,0.1,1.0,68,0.284,0.284,24.4,131000.0,133500.0,133500.0,132300.0,133900.0,134000.0,132557.14285714287,875.3230696093713,133164.2857142857,132813.33333333334,1417.8014386893,3.857142857142857,1.0733333333333335,24.928571428571427,25.026666666666664,71.42857142857143,68.46666666666667,5,5,4,2,0.8660254037844387,-0.4999999999999998,127200.0,1.0
2025-04-06,Đắk Lắk,Cà phê,127200.0,VND/kg,Chợ Giá,https://chogia.vn/gia-ca-phe-dak-lak-hom-nay/,33.0,20.9,26.2,0.0,0.0,0.0,69,0.249,0.283,25.41,127200.0,131000.0,133500.0,132300.0,133900.0,130500.0,131828.57142857142,2217.8926076452635,132685.7142857143,132586.66666666666,1730.6035091135777,3.8714285714285714,1.07,24.814285714285713,25.009999999999998,72.0,68.63333333333334,6,6,4,2,0.8660254037844387,-0.4999999999999998,127200.0,1.0
2025-04-07,Đắk Lắk,Cà phê,127200.0,VND/kg,Chợ Giá,https://chogia.vn/gia-ca-phe-dak-lak-hom-nay/,32.6,21.5,26.0,0.0,0.0,0.0,68,0.225,0.287,25.66,127200.0,127200.0,131000.0,133000.0,133800.0,129800.0,131100.0,2798.809270624424,132207.14285714287,132476.66666666666,1957.7755380738397,3.771428571428572,1.07,24.8,25.040000000000003,71.71428571428571,68.56666666666666,0,7,4,2,0.8660254037844387,-0.4999999999999998,120000.0,1.0
2025-04-08,Đắk Lắk,Cà phê,120000.0,VND/kg,Chợ Giá,https://chogia.vn/gia-ca-phe-dak-lak-hom-nay/,32.8,22.1,26.7,2.4,2.4,4.0,67,0.208,0.285,23.98,127200.0,127200.0,127200.0,132300.0,133700.0,129800.0,130271.42857142857,2994.2802617180246,131735.7142857143,132390.0,2130.2986677464055,3.771428571428572,1.07,24.900000000000002,25.10666666666667,71.42857142857143,68.53333333333333,1,8,4,2,0.8660254037844387,-0.4999999999999998,118000.0,1.0
2025-04-09,Đắk Lắk,Cà phê,118000.0,VND/kg,Chợ Giá,https://chogia.vn/gia-ca-phe-dak-lak-hom-nay/,34.0,21.6,27.0,2.7,2.7,2.0,69,0.203,0.285,23.51,120000.0,127200.0,127200.0,133500.0,135400.0,131000.0,128514.28571428571,4718.201836656464,130757.14285714286,132063.33333333334,3080.5824945545546,4.085714285714286,1.0733333333333335,25.285714285714285,25.243333333333332,70.71428571428571,68.1,2,9,4,2,0.8660254037844387,-0.4999999999999998,121000.0,1.0
2025-04-10,Đắk Lắk,Cà phê,121000.0,VND/kg,Chợ Giá,https://chogia.vn/gia-ca-phe-dak-lak-hom-nay/,32.3,23.0,26.7,1.1,1.1,6.0,74,0.201,0.285,19.57,118000.0,120000.0,127200.0,133500.0,133400.0,131300.0,126300.0,5551.87655962677,129514.28571428571,131630.0,4009.570447369942,0.7428571428571429,1.1400000000000001,25.97142857142857,25.346666666666668,69.14285714285714,67.7,3,10,4,2,0.8660254037844387,-0.4999999999999998,123000.0,1.0
2025-04-11,Đắk Lắk,Cà phê,123000.0,VND/kg,Chợ Giá,https://chogia.vn/gia-ca-phe-dak-lak-hom-nay/,33.9,22.7,27.4,0.5,0.5,4.0,74,0.222,0.288,23.89,121000.0,118000.0,120000.0,131000.0,132300.0,134000.0,124514.28571428571,4810.900321640613,128628.57142857143,131286.66666666666,4455.042345349704,0.9000000000000001,1.1766666666666665,26.357142857142858,25.403333333333332,69.28571428571429,67.63333333333334,4,11,4,2,0.8660254037844387,-0.4999999999999998,125000.0,1.0
2025-04-12,Đắk Lắk,Cà phê,125000.0,VND/kg,Chợ Giá,https://chogia.vn/gia-ca-phe-dak-lak-hom-nay/,34.7,23.3,28.4,0.2,0.2,2.0,67,0.192,0.28,22.42,123000.0,121000.0,118000.0,127200.0,132300.0,133000.0,123371.42857142857,3871.99960645411,127964.28571428571,130920.0,4671.439267248845,0.9714285714285715,1.1833333333333333,26.7,25.436666666666667,69.85714285714286,67.8,5,12,4,2,0.8660254037844387,-0.4999999999999998,125000.0,1.0
2025-04-13,Đắk Lắk,Cà phê,125000.0,VND/kg,Chợ Giá,https://chogia.vn/gia-ca-phe-dak-lak-hom-nay/,32.5,24.0,27.6,2.5,2.5,3.0,68,0.195,0.285,23.34,125000.0,123000.0,121000.0,127200.0,132300.0,133500.0,123057.14285714286,3588.3409085802173,127442.85714285714,130653.33333333333,4775.781815999455,0.9857142857142858,1.1900000000000002,26.914285714285715,25.493333333333332,69.71428571428571,67.8,6,13,4,2,0.8660254037844387,-0.4999999999999998,125000.0,1.0
2025-04-14,Đắk Lắk,Cà phê,125000.0,VND/kg,Chợ Giá,https://chogia.vn/gia-ca-phe-dak-lak-hom-nay/,34.3,22.2,26.9,0.0,0.0,0.0,65,0.191,0.291,25.53,125000.0,125000.0,123000.0,127200.0,133000.0,132000.0,122742.85714285714,3244.922774046192,126921.42857142857,130370.0,4852.596176808897,1.342857142857143,1.2733333333333334,27.11428571428571,25.509999999999998,69.57142857142857,67.9,0,14,4,2,0.8660254037844387,-0.4999999999999998,130200.0,1.0
2025-04-15,Đắk Lắk,Cà phê,130200.0,VND/kg,Chợ Giá,https://chogia.vn/gia-ca-phe-dak-lak-hom-nay/,33.8,21.6,26.9,0.0,0.0,0.0,63,0.181,0.279,23.63,125000.0,125000.0,125000.0,120000.0,132300.0,132000.0,122428.57142857143,2819.996622760525,126350.0,130136.66666666667,4939.04104425033,1.342857142857143,1.2733333333333334,27.24285714285714,25.473333333333333,69.14285714285714,68.03333333333333,1,15,4,2,0.8660254037844387,-0.4999999999999998,133000.0,1.0
2025-04-16,Đắk Lắk,Cà phê,133000.0,VND/kg,Chợ Giá,https://chogia.vn/gia-ca-phe-dak-lak-hom-nay/,35.8,22.1,28.0,0.0,0.0,0.0,62,0.178,0.278,25.2,130200.0,125000.0,125000.0,118000.0,133500.0,132700.0,123885.71428571429,3815.507205876445,126200.0,130076.66666666667,4926.542001440947,1.0,1.2533333333333334,27.271428571428572,25.493333333333336,68.57142857142857,67.86666666666666,2,16,4,2,0.8660254037844387,-0.4999999999999998,133700.0,1.0
2025-04-17,Đắk Lắk,Cà phê,133700.0,VND/kg,Chợ Giá,https://chogia.vn/gia-ca-phe-dak-lak-hom-nay/,35.2,23.3,28.1,0.7,0.7,4.0,69,0.171,0.278,21.51,133000.0,130200.0,125000.0,121000.0,133500.0,134000.0,126028.57142857143,4156.0054081269955,126164.28571428571,130086.66666666667,4932.351564318053,0.6142857142857144,1.2533333333333334,27.414285714285715,25.613333333333337,67.57142857142857,67.5,3,17,4,2,0.8660254037844387,-0.4999999999999998,129700.0,1.0
2025-04-18,Đắk Lắk,Cà phê,129700.0,VND/kg,Chợ Giá,https://chogia.vn/gia-ca-phe-dak-lak-hom-nay/,35.3,23.0,29.1,0.3,0.3,2.0,63,0.169,0.278,23.57,133700.0,133000.0,130200.0,123000.0,131000.0,134000.0,127842.85714285714,4361.902162610985,126178.57142857143,130076.66666666667,4924.441738592239,0.5571428571428572,1.2733333333333334,27.614285714285717,25.75333333333333,66.85714285714286,67.43333333333334,4,18,4,2,0.8660254037844387,-0.4999999999999998,129700.0,1.0
2025-04-19,Đắk Lắk,Cà phê,129700.0,VND/kg,Chợ Giá,https://chogia.vn/gia-ca-phe-dak-lak-hom-nay/,35.5,24.2,29.3,0.6,0.6,5.0,62,0.164,0.277,23.01,129700.0,133700.0,133000.0,125000.0,127200.0,135000.0,128800.0,3824.046722169236,126085.71428571429,129933.33333333333,4868.571505663113,0.5285714285714286,1.2833333333333334,27.857142857142858,25.970000000000002,65.28571428571429,67.23333333333333,5,19,4,2,0.8660254037844387,-0.4999999999999998,129700.0,1.0
2025-04-20,Đắk Lắk,Cà phê,129700.0,VND/kg,Chợ Giá,https://chogia.vn/gia-ca-phe-dak-lak-hom-nay/,37.4,23.6,29.6,0.1,0.1,1.0,57,0.165,0.277,25.04,129700.0,129700.0,133700.0,125000.0,127200.0,133500.0,129471.42857142857,3438.853629585629,126264.28571428571,129756.66666666667,4773.611611358797,0.5857142857142856,1.3033333333333335,27.985714285714288,26.213333333333335,64.57142857142857,67.06666666666666,6,20,4,2,0.8660254037844387,-0.4999999999999998,129700.0,1.0
2025-04-21,Đắk Lắk,Cà phê,129700.0,VND/kg,Chợ Giá,https://chogia.vn/gia-ca-phe-dak-lak-hom-nay/,37.4,23.3,29.4,0.0,0.0,0.0,55,0.17,0.277,25.98,129700.0,129700.0,129700.0,125000.0,127200.0,133900.0,130142.85714285714,2824.215019468326,126442.85714285714,129630.0,4720.983971078478,0.24285714285714285,1.3066666666666669,28.271428571428572,26.456666666666663,63.0,66.76666666666667,0,21,4,2,0.8660254037844387,-0.4999999999999998,129500.0,1.0
2025-04-22,Đắk Lắk,Cà phê,129500.0,VND/kg,Chợ Giá,https://chogia.vn/gia-ca-phe-dak-lak-hom-nay/,36.4,23.4,29.5,0.2,0.2,1.0,55,0.17,0.277,24.44,129700.0,129700.0,129700.0,130200.0,120000.0,133900.0,130814.28571428571,1753.4999015574388,126621.42857142857,129490.0,4651.759029547096,0.24285714285714285,1.3066666666666669,28.62857142857143,26.686666666666667,61.57142857142857,66.3,1,22,4,2,0.8660254037844387,-0.4999999999999998,129400.0,1.0
2025-04-23,Đắk Lắk,Cà phê,129400.0,VND/kg,Chợ Giá,https://chogia.vn/gia-ca-phe-dak-lak-hom-nay/,35.4,24.2,28.2,0.8,0.8,4.0,65,0.194,0.277,22.38,129500.0,129700.0,129700.0,133000.0,118000.0,133800.0,130714.28571428571,1813.3105740868762,127300.0,129343.33333333333,4576.678763661972,0.2714285714285714,1.3133333333333332,29.0,26.893333333333334,60.42857142857143,65.76666666666667,2,23,4,2,0.8660254037844387,-0.4999999999999998,130500.0,1.0
2025-04-24,Đắk Lắk,Cà phê,130500.0,VND/kg,Chợ Giá,https://chogia.vn/gia-ca-phe-dak-lak-hom-nay/,34.7,23.0,27.4,0.7,0.7,4.0,72,0.203,0.277,22.14,129400.0,129500.0,129700.0,133700.0,121000.0,133700.0,130200.0,1548.1171359644218,128114.28571428571,129196.66666666667,4498.772501804885,0.38571428571428573,1.34,29.02857142857143,27.026666666666664,60.857142857142854,65.86666666666666,3,24,4,2,0.8660254037844387,-0.4999999999999998,132200.0,1.0
2025-04-25,Đắk Lắk,Cà phê,132200.0,VND/kg,Chợ Giá,https://chogia.vn/gia-ca-phe-dak-lak-hom-nay/,34.5,23.5,27.9,1.2,1.2,5.0,69,0.191,0.277,21.68,130500.0,129400.0,129500.0,129700.0,123000.0,135400.0,129742.85714285714,355.23298860111686,128792.85714285714,129090.0,4425.657948358559,0.3857142857142857,1.3633333333333333,28.928571428571427,27.106666666666666,61.285714285714285,66.43333333333334,4,25,4,2,0.8660254037844387,-0.4999999999999998,130700.0,1.0
2025-04-26,Đắk Lắk,Cà phê,130700.0,VND/kg,Chợ Giá,https://chogia.vn/gia-ca-phe-dak-lak-hom-nay/,35.7,23.4,28.2,1.4,1.4,6.0,66,0.193,0.277,24.21,132200.0,130500.0,129400.0,129700.0,125000.0,133400.0,130100.0,991.6316520429093,129450.0,128983.33333333333,4305.256076595751,0.5142857142857142,1.4033333333333333,28.75714285714286,27.136666666666667,62.142857142857146,66.8,5,26,4,2,0.8660254037844387,-0.4999999999999998,130700.0,1.0
2025-04-27,Đắk Lắk,Cà phê,130700.0,VND/kg,Chợ Giá,https://chogia.vn/gia-ca-phe-dak-lak-hom-nay/,35.3,22.0,28.2,0.1,0.1,1.0,64,0.212,0.277,24.14,130700.0,132200.0,130500.0,129700.0,125000.0,132300.0,130242.85714285714,996.422170998399,129857.14285714286,128893.33333333333,4237.430364261004,0.6285714285714287,1.4366666666666668,28.599999999999998,27.13,62.714285714285715,67.0,6,27,4,2,0.8660254037844387,-0.4999999999999998,130700.0,1.0
2025-04-28,Đắk Lắk,Cà phê,130700.0,VND/kg,Chợ Giá,https://chogia.vn/gia-ca-phe-dak-lak-hom-nay/,36.0,22.7,28.8,0.0,0.0,0.0,52,0.195,0.277,27.17,130700.0,130700.0,132200.0,129700.0,125000.0,132300.0,130385.71428571429,977.1191865693404,130264.28571428571,128840.0,4203.003851927504,0.6285714285714284,1.4200000000000002,28.4,27.136666666666667,63.714285714285715,67.03333333333333,0,28,4,2,0.8660254037844387,-0.4999999999999998,130800.0,1.0
2025-04-29,Đắk Lắk,Cà phê,130800.0,VND/kg,Chợ Giá,https://chogia.vn/gia-ca-phe-dak-lak-hom-nay/,35.3,22.3,27.9,0.0,0.0,0.0,56,0.174,0.276,27.12,130700.0,130700.0,130700.0,129500.0,130200.0,132300.0,130528.57142857143,932.2272357358196,130671.42857142857,128786.66666666667,4167.58702479054,0.6285714285714284,1.4200000000000002,28.314285714285713,27.173333333333332,63.285714285714285,66.63333333333334,1,29,4,2,0.8660254037844387,-0.4999999999999998,130800.0,1.0
2025-04-30,Đắk Lắk,Cà phê,130800.0,VND/kg,Chợ Giá,https://chogia.vn/gia-ca-phe-dak-lak-hom-nay/,35.0,21.1,27.8,0.0,0.0,0.0,59,0.175,0.276,26.72,130800.0,130700.0,130700.0,129400.0,133000.0,133000.0,130714.28571428571,815.3293228885723,130714.28571428571,128736.66666666667,4132.835991585001,0.6,1.396666666666667,28.085714285714285,27.226666666666667,63.42857142857143,66.13333333333334,2,30,4,2,0.8660254037844387,-0.4999999999999998,131200.0,1.0
2025-05-01,Đắk Lắk,Cà phê,131200.0,VND/kg,Chợ Giá,https://chogia.vn/gia-ca-phe-dak-lak-hom-nay/,33.9,23.7,27.8,1.8,1.8,4.0,67,0.183,0.277,23.3,130800.0,130800.0,130700.0,130500.0,133700.0,132300.0,130914.28571428571,575.6983337031753,130557.14285714286,128663.33333333333,4073.6735377250134,0.48571428571428565,1.396666666666667,28.02857142857143,27.310000000000002,62.57142857142857,65.76666666666667,3,1,5,2,0.49999999999999994,-0.8660254037844387,127200.0,1.0
2025-05-02,Đắk Lắk,Cà phê,127200.0,VND/kg,Chợ Giá,https://chogia.vn/gia-ca-phe-dak-lak-hom-nay/,34.2,23.5,27.7,1.9,1.9,6.0,68,0.193,0.277,22.83,131200.0,130800.0,130800.0,132200.0,129700.0,133500.0,131014.28571428571,552.0524474739244,130378.57142857143,128626.66666666667,4044.658745533802,0.6428571428571429,1.45,28.085714285714285,27.436666666666667,61.857142857142854,65.6,4,2,5,2,0.49999999999999994,-0.8660254037844387,130000.0,1.0
2025-05-03,Đắk Lắk,Cà phê,130000.0,VND/kg,Chợ Giá,https://chogia.vn/gia-ca-phe-dak-lak-hom-nay/,34.3,23.1,26.8,20.4,20.4,9.0,74,0.259,0.277,18.86,127200.0,131200.0,130800.0,130700.0,129700.0,133500.0,130300.0,1378.4048752090275,130200.0,128416.66666666667,3945.2357416861837,0.7428571428571428,0.6433333333333333,28.057142857142853,27.62,61.714285714285715,65.2,5,3,5,2,0.49999999999999994,-0.8660254037844387,130000.0,1.0
2025-05-04,Đắk Lắk,Cà phê,130000.0,VND/kg,Chợ Giá,https://chogia.vn/gia-ca-phe-dak-lak-hom-nay/,33.8,22.3,26.0,21.5,21.5,11.0,84,0.381,0.288,20.21,130000.0,127200.0,131200.0,130700.0,129700.0,131000.0,130200.0,1369.9148392023053,130221.42857142857,128300.0,3840.079022176306,3.457142857142857,1.3233333333333335,27.857142857142858,27.71333333333333,62.857142857142854,65.23333333333333,6,4,5,2,0.49999999999999994,-0.8660254037844387,128500.0,1.0
2025-05-05,Đắk Lắk,Cà phê,128500.0,VND/kg,Chợ Giá,https://chogia.vn/gia-ca-phe-dak-lak-hom-nay/,32.3,22.9,26.8,2.2,2.2,6.0,80,0.421,0.324,24.11,130000.0,130000.0,127200.0,130700.0,129700.0,127200.0,130100.0,1352.7749258468714,130242.85714285714,128266.66666666667,3820.1221620964066,6.514285714285713,2.04,27.542857142857144,27.746666666666666,65.71428571428571,65.7,0,5,5,2,0.49999999999999994,-0.8660254037844387,128500.0,1.0
2025-05-06,Đắk Lắk,Cà phê,128500.0,VND/kg,Chợ Giá,https://chogia.vn/gia-ca-phe-dak-lak-hom-nay/,33.5,23.3,27.1,13.2,13.2,9.0,78,0.384,0.318,24.19,128500.0,130000.0,130000.0,130800.0,129500.0,127200.0,129785.71428571429,1442.715693207976,130157.14285714286,128310.0,3814.9750304248955,6.828571428571428,2.11,27.25714285714286,27.743333333333336,69.71428571428571,66.1,1,6,5,2,0.49999999999999994,-0.8660254037844387,128300.0,1.0
2025-05-07,Đắk Lắk,Cà phê,128300.0,VND/kg,Chợ Giá,https://chogia.vn/gia-ca-phe-dak-lak-hom-nay/,31.4,23.2,26.1,15.5,15.5,9.0,85,0.461,0.344,20.03,128500.0,128500.0,130000.0,130800.0,129400.0,127200.0,129457.14285714286,1435.1041110399633,130085.71428571429,128353.33333333333,3809.311036751853,8.714285714285714,2.55,27.142857142857142,27.77333333333333,72.85714285714286,66.4,2,7,5,2,0.49999999999999994,-0.8660254037844387,128000.0,1.0
2025-05-08,Đắk Lắk,Cà phê,128000.0,VND/kg,Chợ Giá,https://chogia.vn/gia-ca-phe-dak-lak-hom-nay/,32.4,23.5,27.3,2.7,2.7,4.0,79,0.427,0.382,23.52,128300.0,128500.0,128500.0,131200.0,130500.0,120000.0,129100.0,1354.006400772657,130007.14285714286,128390.0,3803.115782510344,10.928571428571429,3.066666666666667,26.900000000000002,27.776666666666664,76.57142857142857,66.96666666666667,3,8,5,2,0.49999999999999994,-0.8660254037844387,128500.0,1.0
2025-05-09,Đắk Lắk,Cà phê,128500.0,VND/kg,Chợ Giá,https://chogia.vn/gia-ca-phe-dak-lak-hom-nay/,33.6,23.9,27.2,5.7,5.7,8.0,77,0.371,0.377,24.13,128000.0,128300.0,128500.0,127200.0,132200.0,118000.0,128642.85714285714,1027.7112805600939,129828.57142857143,128656.66666666667,3459.4880360063926,11.057142857142859,3.0766666666666667,26.82857142857143,27.79666666666667,78.28571428571429,67.36666666666666,4,9,5,2,0.49999999999999994,-0.8660254037844387,128200.0,1.0
2025-05-10,Đắk Lắk,Cà phê,128200.0,VND/kg,Chợ Giá,https://chogia.vn/gia-ca-phe-dak-lak-hom-nay/,32.9,22.9,26.5,3.5,3.5,8.0,80,0.354,0.364,21.94,128500.0,128000.0,128300.0,130000.0,130700.0,121000.0,128828.57142857143,819.9883855158816,129564.28571428571,129006.66666666667,2815.3438368248053,11.599999999999998,3.1766666666666667,26.75714285714286,27.803333333333335,79.57142857142857,67.63333333333334,5,10,5,2,0.49999999999999994,-0.8660254037844387,128200.0,1.0
2025-05-11,Đắk Lắk,Cà phê,128200.0,VND/kg,Chợ Giá,https://chogia.vn/gia-ca-phe-dak-lak-hom-nay/,31.8,22.9,26.0,10.0,10.0,5.0,82,0.423,0.374,22.47,128200.0,128500.0,128000.0,130000.0,130700.0,123000.0,128571.42857142857,657.5568054403716,129385.71428571429,129246.66666666667,2382.947079063341,9.185714285714285,3.2566666666666664,26.714285714285715,27.796666666666667,80.42857142857143,67.83333333333333,6,11,5,2,0.49999999999999994,-0.8660254037844387,127800.0,1.0
2025-05-12,Đắk Lắk,Cà phê,127800.0,VND/kg,Chợ Giá,https://chogia.vn/gia-ca-phe-dak-lak-hom-nay/,31.8,23.4,25.6,5.2,5.2,7.0,83,0.4,0.373,18.96,128200.0,128200.0,128500.0,128500.0,130700.0,125000.0,128314.28571428571,195.180014589705,129207.14285714286,129420.0,2083.1673497114816,7.542857142857144,3.573333333333333,26.714285714285715,27.75,80.14285714285714,68.1,0,12,5,2,0.49999999999999994,-0.8660254037844387,126000.0,1.0
2025-05-13,Đắk Lắk,Cà phê,126000.0,VND/kg,Chợ Giá,https://chogia.vn/gia-ca-phe-dak-lak-hom-nay/,32.2,22.7,25.9,12.2,12.2,9.0,83,0.402,0.359,20.96,127800.0,128200.0,128200.0,128500.0,130800.0,125000.0,128214.28571428571,254.48360411214375,129000.0,129513.33333333333,1935.8208333567522,7.971428571428571,3.7399999999999998,26.54285714285714,27.65666666666667,80.57142857142857,68.63333333333334,1,13,5,2,0.49999999999999994,-0.8660254037844387,128500.0,1.0
2025-05-14,Đắk Lắk,Cà phê,128500.0,VND/kg,Chợ Giá,https://chogia.vn/gia-ca-phe-dak-lak-hom-nay/,32.9,23.2,26.0,21.5,21.5,15.0,86,0.416,0.357,21.52,126000.0,127800.0,128200.0,128300.0,130800.0,125000.0,127857.14285714286,848.2474930843139,128657.14285714286,129546.66666666667,1862.6516755355228,7.828571428571428,4.0633333333333335,26.37142857142857,27.6,81.28571428571429,69.13333333333334,2,14,5,2,0.49999999999999994,-0.8660254037844387,126000.0,1.0
2025-05-15,Đắk Lắk,Cà phê,126000.0,VND/kg,Chợ Giá,https://chogia.vn/gia-ca-phe-dak-lak-hom-nay/,31.4,22.3,25.8,3.6,3.6,7.0,86,0.437,0.357,20.97,128500.0,126000.0,127800.0,128000.0,131200.0,130200.0,127885.71428571429,868.7703406320444,128492.85714285714,129663.33333333333,1667.4331570833278,8.685714285714285,4.779999999999999,26.357142857142858,27.57,81.42857142857143,69.83333333333333,3,15,5,2,0.49999999999999994,-0.8660254037844387,126200.0,1.0
2025-05-16,Đắk Lắk,Cà phê,126200.0,VND/kg,Chợ Giá,https://chogia.vn/gia-ca-phe-dak-lak-hom-nay/,31.6,22.5,26.3,6.8,6.8,6.0,81,0.445,0.375,21.25,126000.0,128500.0,126000.0,128500.0,127200.0,133000.0,127600.0,1118.0339887499017,128121.42857142857,129523.33333333333,1792.4522469172573,8.814285714285715,4.9,26.142857142857142,27.533333333333335,82.42857142857143,70.6,4,16,5,2,0.49999999999999994,-0.8660254037844387,125000.0,1.0
2025-05-17,Đắk Lắk,Cà phê,125000.0,VND/kg,Chợ Giá,https://chogia.vn/gia-ca-phe-dak-lak-hom-nay/,32.2,22.9,27.0,1.6,1.6,3.0,76,0.384,0.368,23.22,126200.0,126000.0,128500.0,128200.0,130000.0,133700.0,127271.42857142857,1147.0458952083388,128050.0,129296.66666666667,1767.4223064120051,8.971428571428572,5.126666666666666,26.014285714285712,27.476666666666667,83.0,71.23333333333333,5,17,5,2,0.49999999999999994,-0.8660254037844387,125000.0,1.0
2025-05-18,Đắk Lắk,Cà phê,125000.0,VND/kg,Chợ Giá,https://chogia.vn/gia-ca-phe-dak-lak-hom-nay/,33.1,23.3,27.3,0.8,0.8,1.0,73,0.329,0.357,22.94,125000.0,126200.0,126000.0,128200.0,130000.0,129700.0,126814.28571428571,1337.1967836093702,127692.85714285714,129006.66666666667,1733.4305896696787,8.7,5.156666666666667,26.085714285714285,27.44,82.42857142857143,71.46666666666667,6,18,5,2,0.49999999999999994,-0.8660254037844387,124500.0,1.0
2025-05-19,Đắk Lắk,Cà phê,124500.0,VND/kg,Chợ Giá,https://chogia.vn/gia-ca-phe-dak-lak-hom-nay/,33.1,23.1,26.4,11.0,11.0,12.0,81,0.343,0.35,21.7,125000.0,125000.0,126200.0,127800.0,128500.0,129700.0,126357.14285714286,1331.4868166291194,127335.71428571429,128850.0,1875.201138638708,7.385714285714285,5.173333333333333,26.271428571428572,27.38,81.14285714285714,71.8,0,19,5,2,0.49999999999999994,-0.8660254037844387,126500.0,1.0
2025-05-20,Đắk Lắk,Cà phê,126500.0,VND/kg,Chợ Giá,https://chogia.vn/gia-ca-phe-dak-lak-hom-nay/,31.3,22.6,25.6,6.9,6.9,6.0,85,0.439,0.354,22.45,124500.0,125000.0,125000.0,126000.0,128500.0,129700.0,125885.71428571429,1319.6319833304158,127050.0,128676.66666666667,2028.0249153987843,8.214285714285714,5.52,26.38571428571429,27.283333333333335,80.85714285714286,72.43333333333334,1,20,5,2,0.49999999999999994,-0.8660254037844387,125000.0,1.0
2025-05-21,Đắk Lắk,Cà phê,125000.0,VND/kg,Chợ Giá,https://chogia.vn/gia-ca-phe-dak-lak-hom-nay/,30.7,23.2,25.7,20.8,20.8,9.0,86,0.438,0.362,19.04,126500.0,124500.0,125000.0,128500.0,128300.0,129700.0,125957.14285714286,1340.2203088263034,126907.14285714286,128570.0,2056.302339237047,7.457142857142857,5.746666666666667,26.342857142857145,27.15,81.14285714285714,73.36666666666666,2,21,5,2,0.49999999999999994,-0.8660254037844387,125200.0,1.0
2025-05-22,Đắk Lắk,Cà phê,125200.0,VND/kg,Chợ Giá,https://chogia.vn/gia-ca-phe-dak-lak-hom-nay/,31.3,22.8,25.2,12.1,12.1,15.0,87,0.473,0.371,19.44,125000.0,126500.0,124500.0,126000.0,128000.0,129500.0,125457.14285714286,761.2646120264636,126671.42857142857,128413.33333333333,2144.3966008217863,7.357142857142857,6.4399999999999995,26.3,27.026666666666664,81.14285714285714,74.4,3,22,5,2,0.49999999999999994,-0.8660254037844387,122500.0,1.0
2025-05-23,Đắk Lắk,Cà phê,122500.0,VND/kg,Chợ Giá,https://chogia.vn/gia-ca-phe-dak-lak-hom-nay/,29.9,22.2,25.1,11.8,11.8,13.0,89,0.474,0.399,18.87,125200.0,125000.0,126500.0,126200.0,128500.0,129400.0,125342.85714285714,725.3898787482957,126471.42857142857,128270.0,2211.903533472034,8.571428571428571,6.836666666666667,26.214285714285715,26.883333333333333,81.28571428571429,75.46666666666667,4,23,5,2,0.49999999999999994,-0.8660254037844387,122500.0,1.0
2025-05-24,Đắk Lắk,Cà phê,122500.0,VND/kg,Chợ Giá,https://chogia.vn/gia-ca-phe-dak-lak-hom-nay/,29.6,22.4,25.4,7.3,7.3,15.0,88,0.469,0.418,19.06,122500.0,125200.0,125000.0,125000.0,128200.0,130500.0,124814.28571428571,1193.63390734424,126042.85714285714,128040.0,2437.5793532631733,9.285714285714286,7.203333333333333,26.042857142857144,26.779999999999998,82.42857142857143,76.26666666666667,5,24,5,2,0.49999999999999994,-0.8660254037844387,122500.0,1.0
2025-05-25,Đắk Lắk,Cà phê,122500.0,VND/kg,Chợ Giá,https://chogia.vn/gia-ca-phe-dak-lak-hom-nay/,30.5,22.2,25.5,15.6,15.6,9.0,85,0.467,0.42,21.02,122500.0,122500.0,125200.0,125000.0,128200.0,132200.0,124457.14285714286,1470.6655441864075,125635.71428571429,127773.33333333333,2591.888318866721,10.1,7.423333333333333,25.814285714285717,26.713333333333335,84.14285714285714,76.8,6,25,5,2,0.49999999999999994,-0.8660254037844387,122500.0,1.0
2025-05-26,Đắk Lắk,Cà phê,122500.0,VND/kg,Chợ Giá,https://chogia.vn/gia-ca-phe-dak-lak-hom-nay/,32.2,22.3,26.1,11.0,11.0,10.0,82,0.45,0.407,23.63,122500.0,122500.0,122500.0,124500.0,127800.0,130700.0,124100.0,1613.4848413707757,125228.57142857143,127450.0,2625.439207921045,12.214285714285714,7.903333333333333,25.557142857142857,26.633333333333333,85.85714285714286,77.33333333333333,0,26,5,2,0.49999999999999994,-0.8660254037844387,123700.0,1.0
2025-05-27,Đắk Lắk,Cà phê,123700.0,VND/kg,Chợ Giá,https://chogia.vn/gia-ca-phe-dak-lak-hom-nay/,31.4,23.2,26.4,14.5,14.5,9.0,82,0.435,0.393,22.8,122500.0,122500.0,122500.0,126500.0,126000.0,130700.0,123814.28571428571,1705.3138239324662,124850.0,127176.66666666667,2701.172584885964,12.214285714285714,8.223333333333333,25.514285714285712,26.563333333333333,86.0,77.86666666666666,1,27,5,2,0.49999999999999994,-0.8660254037844387,122200.0,1.0
2025-05-28,Đắk Lắk,Cà phê,122200.0,VND/kg,Chợ Giá,https://chogia.vn/gia-ca-phe-dak-lak-hom-nay/,30.0,22.2,25.3,4.9,4.9,10.0,87,0.43,0.386,18.18,123700.0,122500.0,122500.0,125000.0,128500.0,130700.0,123414.28571428571,1233.4620267476764,124685.71428571429,126943.33333333333,2688.6329475112166,13.299999999999999,8.703333333333335,25.62857142857143,26.503333333333334,85.57142857142857,78.46666666666667,2,28,5,2,0.49999999999999994,-0.8660254037844387,120000.0,1.0
2025-05-29,Đắk Lắk,Cà phê,120000.0,VND/kg,Chợ Giá,https://chogia.vn/gia-ca-phe-dak-lak-hom-nay/,28.5,23.6,25.1,4.1,4.1,13.0,89,0.421,0.38,17.53,122200.0,123700.0,122500.0,125200.0,126000.0,130800.0,123014.28571428571,1077.6959550023676,124235.71428571429,126660.0,2726.7006714581034,11.028571428571428,8.866666666666667,25.571428571428573,26.386666666666667,85.71428571428571,79.63333333333334,3,29,5,2,0.49999999999999994,-0.8660254037844387,118500.0,1.0
2025-05-30,Đắk Lắk,Cà phê,118500.0,VND/kg,Chợ Giá,https://chogia.vn/gia-ca-phe-dak-lak-hom-nay/,28.9,22.7,25.6,0.6,0.6,5.0,81,0.439,0.387,20.77,120000.0,122200.0,123700.0,122500.0,126200.0,130800.0,122271.42857142857,1111.626864426252,123807.14285714286,126300.0,2870.4198899870635,9.885714285714286,9.003333333333334,25.557142857142857,26.293333333333337,86.0,80.73333333333333,4,30,5,2,0.49999999999999994,-0.8660254037844387,117500.0,1.0
2025-05-31,Đắk Lắk,Cà phê,117500.0,VND/kg,Chợ Giá,https://chogia.vn/gia-ca-phe-dak-lak-hom-nay/,29.4,22.6,25.2,7.3,7.3,12.0,83,0.42,0.386,19.57,118500.0,120000.0,122200.0,122500.0,125000.0,131200.0,121700.0,1793.5068069752344,123257.14285714286,125890.0,3076.5352209137477,8.285714285714286,9.023333333333333,25.62857142857143,26.220000000000002,84.85714285714286,81.46666666666667,5,31,5,2,0.49999999999999994,-0.8660254037844387,117500.0,1.0
2025-06-01,Đắk Lắk,Cà phê,117500.0,VND/kg,Chợ Giá,https://chogia.vn/gia-ca-phe-dak-lak-hom-nay/,29.8,22.9,25.8,1.4,1.4,7.0,79,0.443,0.403,21.28,117500.0,118500.0,120000.0,122500.0,125000.0,127200.0,120985.71428571429,2335.5431712476916,122721.42857142857,125433.33333333333,3271.7530188107557,8.285714285714286,9.206666666666667,25.599999999999998,26.133333333333333,84.14285714285714,82.0,6,1,6,2,1.2246467991473532e-16,-1.0,117500.0,1.0
2025-06-02,Đắk Lắk,Cà phê,117500.0,VND/kg,Chợ Giá,https://chogia.vn/gia-ca-phe-dak-lak-hom-nay/,30.0,23.4,26.2,1.7,1.7,8.0,79,0.403,0.395,21.54,117500.0,117500.0,118500.0,122500.0,124500.0,130000.0,120271.42857142857,2549.976657222717,122185.71428571429,125110.0,3557.9294637430203,6.257142857142858,9.19,25.642857142857142,26.07,83.28571428571429,82.36666666666666,0,2,6,2,1.2246467991473532e-16,-1.0,116500.0,1.0
2025-06-03,Đắk Lắk,Cà phê,116500.0,VND/kg,Chợ Giá,https://chogia.vn/gia-ca-phe-dak-lak-hom-nay/,30.1,22.8,25.2,8.5,8.5,11.0,86,0.419,0.389,20.31,117500.0,117500.0,117500.0,123700.0,126500.0,130000.0,119557.14285714286,2521.8096299133204,121685.71428571429,124693.33333333333,3694.8177439387355,4.928571428571428,8.566666666666666,25.657142857142855,26.05,82.85714285714286,82.53333333333333,1,3,6,2,1.2246467991473532e-16,-1.0,114000.0,1.0
2025-06-04,Đắk Lắk,Cà phê,114000.0,VND/kg,Chợ Giá,https://chogia.vn/gia-ca-phe-dak-lak-hom-nay/,29.8,23.1,25.9,1.4,1.4,6.0,83,0.437,0.385,22.37,116500.0,117500.0,117500.0,122200.0,125000.0,128500.0,118528.57142857143,1955.0910342949815,120971.42857142857,124243.33333333333,3845.255323870172,4.071428571428571,8.133333333333333,25.485714285714288,26.023333333333333,83.42857142857143,82.6,2,4,6,2,1.2246467991473532e-16,-1.0,114100.0,1.0
2025-06-05,Đắk Lắk,Cà phê,114100.0,VND/kg,Chợ Giá,https://chogia.vn/gia-ca-phe-dak-lak-hom-nay/,29.4,22.8,25.7,2.6,2.6,7.0,85,0.432,0.386,20.84,114000.0,116500.0,117500.0,120000.0,125200.0,128500.0,117357.14285714286,1841.9709940324028,120185.71428571429,123760.0,4187.798368166541,3.5714285714285716,8.106666666666666,25.571428571428573,25.993333333333332,82.85714285714286,82.7,3,5,6,2,1.2246467991473532e-16,-1.0,115700.0,1.0
2025-06-06,Đắk Lắk,Cà phê,115700.0,VND/kg,Chợ Giá,https://chogia.vn/gia-ca-phe-dak-lak-hom-nay/,29.3,22.6,25.2,11.6,11.6,15.0,89,0.453,0.385,18.99,114100.0,114000.0,116500.0,118500.0,122500.0,128300.0,116514.28571428571,1779.914390664548,119392.85714285714,123280.0,4443.2358509976175,3.357142857142857,7.753333333333333,25.657142857142855,25.94666666666667,82.28571428571429,82.93333333333334,4,6,6,2,1.2246467991473532e-16,-1.0,114000.0,1.0
2025-06-07,Đắk Lắk,Cà phê,114000.0,VND/kg,Chợ Giá,https://chogia.vn/gia-ca-phe-dak-lak-hom-nay/,30.8,22.7,25.5,8.7,8.7,12.0,87,0.451,0.392,21.93,115700.0,114100.0,114000.0,117500.0,122500.0,128000.0,116114.28571428571,1560.3723609322828,118907.14285714286,122860.0,4546.662284691771,4.928571428571429,7.623333333333333,25.599999999999998,25.916666666666668,83.42857142857143,83.06666666666666,5,7,6,2,1.2246467991473532e-16,-1.0,114000.0,1.0
2025-06-08,Đắk Lắk,Cà phê,114000.0,VND/kg,Chợ Giá,https://chogia.vn/gia-ca-phe-dak-lak-hom-nay/,29.5,22.5,24.8,12.4,12.4,10.0,88,0.452,0.395,18.15,114000.0,115700.0,114100.0,117500.0,122500.0,128500.0,115614.28571428571,1602.5277651556255,118300.0,122393.33333333333,4716.21804454396,5.128571428571428,7.823333333333334,25.642857142857142,25.856666666666666,84.0,83.33333333333333,6,8,6,2,1.2246467991473532e-16,-1.0,113800.0,1.0
2025-06-09,Đắk Lắk,Cà phê,113800.0,VND/kg,Chợ Giá,https://chogia.vn/gia-ca-phe-dak-lak-hom-nay/,29.2,22.3,25.4,1.2,1.2,9.0,84,0.402,0.383,19.38,114000.0,114000.0,115700.0,117500.0,122500.0,128200.0,115114.28571428571,1455.3677329440288,117692.85714285714,121910.0,4810.860558190031,6.700000000000001,8.046666666666665,25.5,25.776666666666667,85.28571428571429,83.7,0,9,6,2,1.2246467991473532e-16,-1.0,115500.0,1.0
2025-06-10,Đắk Lắk,Cà phê,115500.0,VND/kg,Chợ Giá,https://chogia.vn/gia-ca-phe-dak-lak-hom-nay/,26.9,22.7,24.2,10.7,10.7,18.0,91,0.453,0.382,13.88,113800.0,114000.0,114000.0,116500.0,123700.0,128200.0,114585.71428571429,1063.6863125132022,117071.42857142857,121430.0,4879.524425668253,6.628571428571428,7.97,25.385714285714283,25.740000000000002,86.0,83.83333333333333,1,10,6,2,1.2246467991473532e-16,-1.0,112500.0,1.0
2025-06-11,Đắk Lắk,Cà phê,112500.0,VND/kg,Chợ Giá,https://chogia.vn/gia-ca-phe-dak-lak-hom-nay/,24.5,22.4,23.0,31.9,31.9,24.0,96,0.512,0.46,5.6,115500.0,113800.0,114000.0,114000.0,122200.0,127800.0,114442.85714285714,797.6154939504522,116485.71428571429,121006.66666666667,4822.499947862071,6.942857142857142,7.993333333333333,25.24285714285714,25.68,86.71428571428571,84.13333333333334,2,11,6,2,1.2246467991473532e-16,-1.0,112000.0,1.0
2025-06-12,Đắk Lắk,Cà phê,112000.0,VND/kg,Chợ Giá,https://chogia.vn/gia-ca-phe-dak-lak-hom-nay/,26.0,21.1,23.5,9.8,9.8,17.0,89,0.507,0.502,7.76,112500.0,115500.0,113800.0,114100.0,120000.0,126000.0,114228.57142857143,1085.8395917661817,115792.85714285714,120496.66666666667,4887.879685108355,11.299999999999999,8.883333333333333,24.82857142857143,25.59333333333333,88.57142857142857,84.56666666666666,3,12,6,2,1.2246467991473532e-16,-1.0,112800.0,1.0
2025-06-13,Đắk Lắk,Cà phê,112800.0,VND/kg,Chợ Giá,https://chogia.vn/gia-ca-phe-dak-lak-hom-nay/,28.8,23.9,25.8,2.9,2.9,10.0,80,0.484,0.483,18.52,112000.0,112500.0,115500.0,115700.0,118500.0,128500.0,113928.57142857143,1378.0593670255728,115221.42857142857,120030.0,5011.101468842679,12.328571428571431,8.803333333333335,24.514285714285712,25.513333333333332,89.14285714285714,84.76666666666667,4,13,6,2,1.2246467991473532e-16,-1.0,112500.0,1.0
2025-06-14,Đắk Lắk,Cà phê,112500.0,VND/kg,Chợ Giá,https://chogia.vn/gia-ca-phe-dak-lak-hom-nay/,29.7,23.0,26.0,1.4,1.4,7.0,81,0.45,0.465,21.8,112800.0,112000.0,112500.0,114000.0,117500.0,126000.0,113514.28571428571,1178.1745363461653,114814.28571428571,119506.66666666667,4914.926830292488,11.085714285714285,8.183333333333334,24.599999999999998,25.506666666666668,87.85714285714286,84.56666666666666,5,14,6,2,1.2246467991473532e-16,-1.0,112500.0,1.0
2025-06-15,Đắk Lắk,Cà phê,112500.0,VND/kg,Chợ Giá,https://chogia.vn/gia-ca-phe-dak-lak-hom-nay/,29.8,23.2,26.4,0.4,0.4,4.0,81,0.413,0.447,23.22,112500.0,112800.0,112000.0,114000.0,117500.0,126200.0,113300.0,1211.0601416386837,114457.14285714286,119056.66666666667,4917.925223684216,10.042857142857143,8.11,24.67142857142857,25.513333333333332,87.0,84.4,6,15,6,2,1.2246467991473532e-16,-1.0,112000.0,1.0
2025-06-16,Đắk Lắk,Cà phê,112000.0,VND/kg,Chợ Giá,https://chogia.vn/gia-ca-phe-dak-lak-hom-nay/,29.9,23.6,26.1,4.2,4.2,11.0,84,0.379,0.421,22.51,112500.0,112500.0,112800.0,113800.0,117500.0,125000.0,113085.71428571429,1199.2060865816431,114100.0,118600.0,4867.556209051721,8.32857142857143,7.8966666666666665,24.9,25.516666666666666,86.0,84.4,0,16,6,2,1.2246467991473532e-16,-1.0,110600.0,1.0
2025-06-17,Đắk Lắk,Cà phê,110600.0,VND/kg,Chợ Giá,https://chogia.vn/gia-ca-phe-dak-lak-hom-nay/,30.5,21.6,25.8,11.3,11.3,12.0,85,0.433,0.405,25.08,112000.0,112500.0,112500.0,115500.0,116500.0,125000.0,112828.57142857143,1213.4170562424745,113707.14285714286,118166.66666666667,4856.799949259628,8.757142857142856,7.9833333333333325,25.0,25.486666666666668,86.0,84.66666666666667,1,17,6,2,1.2246467991473532e-16,-1.0,109700.0,1.0
2025-06-18,Đắk Lắk,Cà phê,109700.0,VND/kg,Chợ Giá,https://chogia.vn/gia-ca-phe-dak-lak-hom-nay/,30.2,22.1,25.1,6.5,6.5,10.0,88,0.421,0.405,20.79,110600.0,112000.0,112500.0,112500.0,114000.0,124500.0,112128.57142857143,734.1986237025742,113285.71428571429,117686.66666666667,4869.7329342148105,8.842857142857143,8.333333333333334,25.228571428571428,25.436666666666667,85.14285714285714,85.06666666666666,2,18,6,2,1.2246467991473532e-16,-1.0,103500.0,1.0
2025-06-19,Đắk Lắk,Cà phê,103500.0,VND/kg,Chợ Giá,https://chogia.vn/gia-ca-phe-dak-lak-hom-nay/,29.4,22.2,25.9,1.0,1.0,5.0,81,0.358,0.39,23.3,109700.0,110600.0,112000.0,112000.0,114100.0,126500.0,111728.57142857143,1145.5919659198273,112978.57142857143,117193.33333333333,4905.235298467829,5.214285714285714,8.183333333333334,25.52857142857143,25.39333333333333,84.0,85.3,3,19,6,2,1.2246467991473532e-16,-1.0,101000.0,1.0
2025-06-20,Đắk Lắk,Cà phê,101000.0,VND/kg,Chợ Giá,https://chogia.vn/gia-ca-phe-dak-lak-hom-nay/,29.6,22.7,25.4,2.4,2.4,6.0,85,0.328,0.378,20.43,103500.0,109700.0,110600.0,112800.0,115700.0,125000.0,110514.28571428571,3296.1738280559293,112221.42857142857,116426.66666666667,5189.640432254728,3.9571428571428577,7.986666666666666,25.87142857142857,25.403333333333332,82.85714285714286,85.16666666666667,4,20,6,2,1.2246467991473532e-16,-1.0,96000.0,1.0
2025-06-21,Đắk Lắk,Cà phê,96000.0,VND/kg,Chợ Giá,https://chogia.vn/gia-ca-phe-dak-lak-hom-nay/,28.8,22.7,25.0,14.4,14.4,16.0,89,0.376,0.367,21.35,101000.0,103500.0,109700.0,112500.0,114000.0,125200.0,108828.57142857143,4665.373970617265,111171.42857142857,115626.66666666667,5651.727434024615,3.885714285714286,7.373333333333334,25.814285714285717,25.39333333333333,83.57142857142857,85.13333333333334,5,21,6,2,1.2246467991473532e-16,-1.0,96000.0,1.0
2025-06-22,Đắk Lắk,Cà phê,96000.0,VND/kg,Chợ Giá,https://chogia.vn/gia-ca-phe-dak-lak-hom-nay/,29.1,21.8,24.3,17.7,17.7,11.0,90,0.43,0.364,16.28,96000.0,101000.0,103500.0,112500.0,114000.0,122500.0,106471.42857142857,6361.266720214843,109885.71428571429,114653.33333333333,6409.7303904424225,5.742857142857143,7.45,25.67142857142857,25.386666666666663,84.71428571428571,85.2,6,22,6,2,1.2246467991473532e-16,-1.0,96000.0,1.0
2025-06-23,Đắk Lắk,Cà phê,96000.0,VND/kg,Chợ Giá,https://chogia.vn/gia-ca-phe-dak-lak-hom-nay/,29.0,22.0,25.0,3.3,3.3,12.0,83,0.381,0.353,21.87,96000.0,96000.0,101000.0,112000.0,113800.0,122500.0,104114.28571428571,6797.163273853807,108600.0,113770.0,7081.8441977622715,8.214285714285714,7.6466666666666665,25.371428571428574,25.360000000000003,86.0,85.23333333333333,0,23,6,2,1.2246467991473532e-16,-1.0,99200.0,1.0
2025-06-24,Đắk Lắk,Cà phê,99200.0,VND/kg,Chợ Giá,https://chogia.vn/gia-ca-phe-dak-lak-hom-nay/,29.4,22.3,25.1,13.0,13.0,11.0,85,0.408,0.348,22.7,96000.0,96000.0,96000.0,110600.0,115500.0,122500.0,101828.57142857143,6380.886637898571,107328.57142857143,112886.66666666667,7589.863173240027,8.085714285714285,7.513333333333334,25.214285714285715,25.346666666666668,85.85714285714286,85.06666666666666,1,24,6,2,1.2246467991473532e-16,-1.0,95000.0,1.0
2025-06-25,Đắk Lắk,Cà phê,95000.0,VND/kg,Chợ Giá,https://chogia.vn/gia-ca-phe-dak-lak-hom-nay/,29.1,22.4,24.9,2.5,2.5,12.0,86,0.402,0.343,19.98,99200.0,96000.0,96000.0,109700.0,112500.0,122500.0,100200.0,5094.114250779827,106164.28571428571,112110.0,7762.391650640289,8.328571428571427,7.426666666666667,25.114285714285717,25.333333333333332,85.85714285714286,85.06666666666666,2,25,6,2,1.2246467991473532e-16,-1.0,91000.0,1.0
2025-06-26,Đắk Lắk,Cà phê,91000.0,VND/kg,Chợ Giá,https://chogia.vn/gia-ca-phe-dak-lak-hom-nay/,28.0,21.8,24.3,22.2,22.2,14.0,88,0.428,0.347,20.53,95000.0,99200.0,96000.0,103500.0,112000.0,123700.0,98100.0,3204.684071792095,104914.28571428571,111193.33333333333,8109.123569009777,7.757142857142857,7.1433333333333335,25.08571428571429,25.293333333333337,85.57142857142857,85.2,3,26,6,2,1.2246467991473532e-16,-1.0,93800.0,1.0
2025-06-27,Đắk Lắk,Cà phê,93800.0,VND/kg,Chợ Giá,https://chogia.vn/gia-ca-phe-dak-lak-hom-nay/,29.1,22.3,24.8,17.6,17.6,15.0,85,0.471,0.393,23.23,91000.0,95000.0,99200.0,101000.0,112800.0,122200.0,96314.28571428571,3176.7008942338953,103414.28571428571,110103.33333333333,8555.477508724862,10.785714285714286,7.4,24.857142857142858,25.223333333333333,86.57142857142857,85.4,4,27,6,2,1.2246467991473532e-16,-1.0,94200.0,1.0
2025-06-28,Đắk Lắk,Cà phê,94200.0,VND/kg,Chợ Giá,https://chogia.vn/gia-ca-phe-dak-lak-hom-nay/,28.7,22.1,24.6,6.2,6.2,10.0,86,0.457,0.423,20.89,93800.0,91000.0,95000.0,96000.0,112500.0,120000.0,95285.71428571429,2500.2856979606127,102057.14285714286,109156.66666666667,8740.065624835688,12.957142857142856,7.823333333333333,24.771428571428572,25.206666666666667,86.57142857142857,85.33333333333333,5,28,6,2,1.2246467991473532e-16,-1.0,94200.0,1.0
2025-06-29,Đắk Lắk,Cà phê,94200.0,VND/kg,Chợ Giá,https://chogia.vn/gia-ca-phe-dak-lak-hom-nay/,28.7,22.3,25.0,1.3,1.3,8.0,82,0.421,0.412,23.79,94200.0,93800.0,91000.0,96000.0,112500.0,118500.0,95028.57142857143,2507.1326821115986,100750.0,108296.66666666667,8904.105342706825,11.785714285714286,7.8933333333333335,24.714285714285715,25.189999999999998,86.14285714285714,85.23333333333333,6,29,6,2,1.2246467991473532e-16,-1.0,94500.0,1.0
2025-06-30,Đắk Lắk,Cà phê,94500.0,VND/kg,Chợ Giá,https://chogia.vn/gia-ca-phe-dak-lak-hom-nay/,28.7,22.6,24.6,15.6,15.6,18.0,87,0.429,0.403,21.58,94200.0,94200.0,93800.0,96000.0,112000.0,117500.0,94771.42857142857,2483.085638014141,99442.85714285714,107486.66666666667,9048.022581960937,9.442857142857145,7.916666666666667,24.814285714285713,25.169999999999998,85.0,85.26666666666667,0,30,6,2,1.2246467991473532e-16,-1.0,94700.0,1.0
2025-07-01,Đắk Lắk,Cà phê,94700.0,VND/kg,Chợ Giá,https://chogia.vn/gia-ca-phe-dak-lak-hom-nay/,29.0,22.5,24.8,6.1,6.1,10.0,86,0.454,0.407,20.28,94500.0,94200.0,94200.0,99200.0,110600.0,117500.0,94557.14285714286,2423.3978507160036,98192.85714285714,106720.0,9144.223727917171,11.200000000000001,8.193333333333333,24.757142857142856,25.15,85.57142857142857,85.4,1,1,7,3,-0.4999999999999997,-0.8660254037844388,95500.0,1.0
2025-07-02,Đắk Lắk,Cà phê,95500.0,VND/kg,Chợ Giá,https://chogia.vn/gia-ca-phe-dak-lak-hom-nay/,27.1,22.5,24.1,7.1,7.1,13.0,91,0.463,0.418,16.53,94700.0,94500.0,94200.0,95000.0,109700.0,117500.0,93914.28571428571,1342.173078044099,97057.14285714286,105960.0,9164.835344759222,10.214285714285714,8.35,24.714285714285715,25.116666666666667,85.71428571428571,85.63333333333334,2,2,7,3,-0.4999999999999997,-0.8660254037844388,95200.0,1.0
2025-07-03,Đắk Lắk,Cà phê,95200.0,VND/kg,Chợ Giá,https://chogia.vn/gia-ca-phe-dak-lak-hom-nay/,27.9,22.1,24.4,3.9,3.9,12.0,85,0.462,0.432,20.05,95500.0,94700.0,94500.0,91000.0,103500.0,116500.0,93985.71428571429,1420.5967894138857,96042.85714285714,105226.66666666667,9089.476041700065,10.871428571428572,8.53,24.6,25.046666666666667,86.42857142857143,86.03333333333333,3,3,7,3,-0.4999999999999997,-0.8660254037844388,95500.0,1.0
2025-07-04,Đắk Lắk,Cà phê,95500.0,VND/kg,Chợ Giá,https://chogia.vn/gia-ca-phe-dak-lak-hom-nay/,28.4,21.8,24.6,2.9,2.9,12.0,84,0.419,0.421,20.99,95200.0,95500.0,94700.0,93800.0,101000.0,114000.0,94585.71428571429,598.4105932326555,95450.0,104516.66666666667,9010.074182913517,8.257142857142856,8.376666666666667,24.614285714285717,25.02,86.0,86.0,4,4,7,3,-0.4999999999999997,-0.8660254037844388,96300.0,1.0
2025-07-05,Đắk Lắk,Cà phê,96300.0,VND/kg,Chợ Giá,https://chogia.vn/gia-ca-phe-dak-lak-hom-nay/,28.7,22.5,24.9,5.6,5.6,17.0,87,0.41,0.404,20.73,95500.0,95200.0,95500.0,94200.0,96000.0,114100.0,94828.57142857143,570.7138387249003,95057.14285714286,103900.0,8971.641144605674,6.1571428571428575,8.426666666666666,24.585714285714285,24.976666666666667,85.85714285714286,86.03333333333333,5,5,7,3,-0.4999999999999997,-0.8660254037844388,96300.0,1.0
2025-07-06,Đắk Lắk,Cà phê,96300.0,VND/kg,Chợ Giá,https://chogia.vn/gia-ca-phe-dak-lak-hom-nay/,29.1,22.3,25.3,7.8,7.8,15.0,85,0.465,0.411,20.43,96300.0,95500.0,95200.0,94200.0,96000.0,115700.0,95128.57142857143,718.1324987160209,95078.57142857143,103306.66666666667,8861.732271433708,6.07142857142857,8.526666666666667,24.62857142857143,24.95,86.0,86.1,6,6,7,3,-0.4999999999999997,-0.8660254037844388,96500.0,1.0
2025-07-07,Đắk Lắk,Cà phê,96500.0,VND/kg,Chợ Giá,https://chogia.vn/gia-ca-phe-dak-lak-hom-nay/,29.2,22.9,25.4,14.4,14.4,15.0,84,0.453,0.425,22.3,96300.0,96300.0,95500.0,94500.0,96000.0,114000.0,95428.57142857143,704.0698017328397,95100.0,102660.0,8631.00265881933,7.0,8.4,24.67142857142857,24.953333333333333,86.42857142857143,85.96666666666667,0,7,7,3,-0.4999999999999997,-0.8660254037844388,92800.0,1.0
2025-07-08,Đắk Lắk,Cà phê,92800.0,VND/kg,Chợ Giá,https://chogia.vn/gia-ca-phe-dak-lak-hom-nay/,29.2,22.8,25.6,1.5,1.5,8.0,83,0.417,0.405,20.01,96500.0,96300.0,96300.0,94700.0,99200.0,114000.0,95714.28571428571,669.3991620050596,95135.71428571429,102076.66666666667,8427.11892246263,6.828571428571428,8.59,24.785714285714285,24.95,86.0,85.86666666666666,1,8,7,3,-0.4999999999999997,-0.8660254037844388,93800.0,1.0
2025-07-09,Đắk Lắk,Cà phê,93800.0,VND/kg,Chợ Giá,https://chogia.vn/gia-ca-phe-dak-lak-hom-nay/,28.7,22.9,24.8,21.3,21.3,15.0,88,0.434,0.4,21.33,92800.0,96500.0,96300.0,95500.0,95000.0,113800.0,95442.85714285714,1267.3557023141982,94678.57142857143,101370.0,8280.394376747814,6.171428571428572,8.226666666666667,24.900000000000002,24.976666666666667,85.57142857142857,85.7,2,9,7,3,-0.4999999999999997,-0.8660254037844388,92600.0,1.0
2025-07-10,Đắk Lắk,Cà phê,92600.0,VND/kg,Chợ Giá,https://chogia.vn/gia-ca-phe-dak-lak-hom-nay/,28.8,22.1,25.1,5.6,5.6,7.0,85,0.426,0.389,20.97,93800.0,92800.0,96500.0,95200.0,91000.0,115500.0,95200.0,1409.4916341236337,94592.85714285714,100703.33333333333,8046.952018099957,8.200000000000001,8.896666666666667,25.0,24.956666666666663,85.14285714285714,85.83333333333333,3,10,7,3,-0.4999999999999997,-0.8660254037844388,90300.0,1.0
2025-07-11,Đắk Lắk,Cà phê,90300.0,VND/kg,Chợ Giá,https://chogia.vn/gia-ca-phe-dak-lak-hom-nay/,30.0,22.6,25.4,3.1,3.1,8.0,82,0.406,0.379,23.08,92600.0,93800.0,92800.0,95500.0,93800.0,112500.0,94828.57142857143,1718.2493859678245,94707.14285714286,99940.0,7672.36869417156,8.442857142857143,8.726666666666667,25.099999999999998,24.986666666666668,85.14285714285714,85.63333333333334,4,11,7,3,-0.4999999999999997,-0.8660254037844388,90300.0,1.0
2025-07-12,Đắk Lắk,Cà phê,90300.0,VND/kg,Chợ Giá,https://chogia.vn/gia-ca-phe-dak-lak-hom-nay/,30.7,23.0,26.3,0.8,0.8,7.0,79,0.402,0.374,24.35,90300.0,92600.0,93800.0,96300.0,94200.0,112000.0,94085.71428571429,2377.273348066316,94457.14285714286,99200.0,7487.552889686671,8.471428571428572,7.766666666666667,25.214285714285715,25.066666666666666,84.85714285714286,85.16666666666667,5,12,7,3,-0.4999999999999997,-0.8660254037844388,90300.0,1.0
2025-07-13,Đắk Lắk,Cà phê,90300.0,VND/kg,Chợ Giá,https://chogia.vn/gia-ca-phe-dak-lak-hom-nay/,29.3,23.0,25.4,5.4,5.4,11.0,87,0.373,0.362,20.31,90300.0,90300.0,92600.0,96300.0,94200.0,112800.0,93228.57142857143,2523.0367190574448,94178.57142857143,98476.66666666667,7252.855957498585,7.785714285714286,7.466666666666667,25.414285714285715,25.160000000000004,83.71428571428571,84.83333333333333,6,13,7,3,-0.4999999999999997,-0.8660254037844388,88300.0,1.0
2025-07-14,Đắk Lắk,Cà phê,88300.0,VND/kg,Chợ Giá,https://chogia.vn/gia-ca-phe-dak-lak-hom-nay/,29.7,22.7,25.2,12.8,12.8,11.0,87,0.406,0.341,22.05,90300.0,90300.0,90300.0,96500.0,94500.0,112500.0,92371.42857142857,2316.40114956632,93900.0,97726.66666666667,6874.085937145161,7.442857142857143,7.55,25.428571428571427,25.146666666666665,84.0,85.06666666666666,0,14,7,3,-0.4999999999999997,-0.8660254037844388,94600.0,1.0
2025-07-15,Đắk Lắk,Cà phê,94600.0,VND/kg,Chợ Giá,https://chogia.vn/gia-ca-phe-dak-lak-hom-nay/,29.1,22.6,25.1,1.8,1.8,8.0,87,0.428,0.341,18.32,88300.0,90300.0,90300.0,92800.0,94700.0,112500.0,91200.0,1920.0694431880777,93457.14285714286,96920.0,6489.854150637275,7.214285714285714,7.930000000000001,25.400000000000002,25.12,84.42857142857143,85.26666666666667,1,15,7,3,-0.4999999999999997,-0.8660254037844388,91600.0,1.0
2025-07-16,Đắk Lắk,Cà phê,91600.0,VND/kg,Chợ Giá,https://chogia.vn/gia-ca-phe-dak-lak-hom-nay/,29.0,22.7,25.0,7.7,7.7,8.0,87,0.426,0.338,19.09,94600.0,88300.0,90300.0,93800.0,95500.0,112000.0,91457.14285714286,2260.425581504888,93450.0,96323.33333333333,5793.556666726115,7.257142857142858,7.9766666666666675,25.328571428571426,25.076666666666664,85.0,85.46666666666667,2,16,7,3,-0.4999999999999997,-0.8660254037844388,92500.0,1.0
2025-07-17,Đắk Lắk,Cà phê,92500.0,VND/kg,Chợ Giá,https://chogia.vn/gia-ca-phe-dak-lak-hom-nay/,29.3,22.0,24.5,10.1,10.1,12.0,86,0.431,0.339,21.31,91600.0,94600.0,88300.0,92600.0,95200.0,110600.0,91142.85714285714,2020.6081121422471,93171.42857142857,95643.33333333333,5038.040350642723,5.314285714285715,8.093333333333334,25.357142857142858,25.04,84.85714285714286,85.56666666666666,3,17,7,3,-0.4999999999999997,-0.8660254037844388,92000.0,1.0
2025-07-18,Đắk Lắk,Cà phê,92000.0,VND/kg,Chợ Giá,https://chogia.vn/gia-ca-phe-dak-lak-hom-nay/,28.1,21.7,24.1,23.2,23.2,16.0,88,0.448,0.34,18.42,92500.0,91600.0,94600.0,90300.0,95500.0,109700.0,91128.57142857143,2008.908730060229,92978.57142857143,95040.0,4199.063935096231,5.957142857142857,8.053333333333333,25.271428571428572,24.996666666666666,85.0,85.6,4,18,7,3,-0.4999999999999997,-0.8660254037844388,93800.0,1.0
2025-07-19,Đắk Lắk,Cà phê,93800.0,VND/kg,Chợ Giá,https://chogia.vn/gia-ca-phe-dak-lak-hom-nay/,29.1,22.1,24.8,4.0,4.0,10.0,83,0.455,0.38,23.04,92000.0,92500.0,91600.0,90300.0,96300.0,103500.0,91371.42857142857,1994.7550273267973,92728.57142857143,94450.0,3190.5842076644853,8.828571428571427,8.610000000000001,25.085714285714285,24.96333333333333,85.85714285714286,85.6,5,19,7,3,-0.4999999999999997,-0.8660254037844388,93800.0,1.0
2025-07-20,Đắk Lắk,Cà phê,93800.0,VND/kg,Chợ Giá,https://chogia.vn/gia-ca-phe-dak-lak-hom-nay/,27.8,23.2,25.0,13.5,13.5,9.0,82,0.451,0.379,15.19,93800.0,92000.0,92500.0,90300.0,96300.0,101000.0,91871.42857142857,2116.3760580401395,92550.0,94126.66666666667,2694.8140916391108,9.285714285714286,8.71,24.87142857142857,24.92666666666667,86.42857142857143,85.66666666666667,6,20,7,3,-0.4999999999999997,-0.8660254037844388,93800.0,1.0
2025-07-21,Đắk Lắk,Cà phê,93800.0,VND/kg,Chợ Giá,https://chogia.vn/gia-ca-phe-dak-lak-hom-nay/,28.5,23.1,25.6,8.0,8.0,12.0,80,0.457,0.382,19.38,93800.0,93800.0,92000.0,88300.0,96500.0,96000.0,92371.42857142857,2096.5958804004595,92371.42857142857,93886.66666666667,2361.5794441973044,10.442857142857141,9.080000000000002,24.814285714285713,24.913333333333338,85.71428571428571,85.56666666666666,0,21,7,3,-0.4999999999999997,-0.8660254037844388,92300.0,1.0
2025-07-22,Đắk Lắk,Cà phê,92300.0,VND/kg,Chợ Giá,https://chogia.vn/gia-ca-phe-dak-lak-hom-nay/,28.9,24.1,26.0,1.5,1.5,5.0,76,0.417,0.383,21.33,93800.0,93800.0,93800.0,94600.0,92800.0,96000.0,93157.14285714286,1119.3110125675594,92178.57142857143,93813.33333333333,2327.6054490457855,9.757142857142856,8.866666666666667,24.87142857142857,24.933333333333334,84.71428571428571,85.26666666666667,1,22,7,3,-0.4999999999999997,-0.8660254037844388,95500.0,1.0
2025-07-23,Đắk Lắk,Cà phê,95500.0,VND/kg,Chợ Giá,https://chogia.vn/gia-ca-phe-dak-lak-hom-nay/,29.9,23.1,25.9,6.6,6.6,11.0,80,0.382,0.375,21.88,92300.0,93800.0,93800.0,91600.0,93800.0,96000.0,92828.57142857143,949.9373412909067,92142.85714285714,93690.0,2305.667679494741,9.714285714285714,8.326666666666666,25.0,24.99,83.14285714285714,84.8,2,23,7,3,-0.4999999999999997,-0.8660254037844388,96000.0,1.0
2025-07-24,Đắk Lắk,Cà phê,96000.0,VND/kg,Chợ Giá,https://chogia.vn/gia-ca-phe-dak-lak-hom-nay/,28.3,22.7,24.6,13.6,13.6,16.0,89,0.462,0.367,16.5,95500.0,92300.0,93800.0,92500.0,92600.0,99200.0,93385.71428571429,1215.769401693058,92264.28571428571,93673.33333333333,2290.148818130865,9.557142857142855,8.436666666666666,25.12857142857143,25.02,82.14285714285714,84.7,3,24,7,3,-0.4999999999999997,-0.8660254037844388,97500.0,1.0
2025-07-25,Đắk Lắk,Cà phê,97500.0,VND/kg,Chợ Giá,https://chogia.vn/gia-ca-phe-dak-lak-hom-nay/,28.5,23.2,25.3,4.7,4.7,7.0,83,0.453,0.397,16.68,96000.0,95500.0,92300.0,92000.0,90300.0,95000.0,93885.71428571429,1481.4728835722037,92507.14285714286,93566.66666666667,2089.60206297753,10.057142857142859,8.456666666666667,25.142857142857142,25.00333333333333,82.57142857142857,84.83333333333333,4,25,7,3,-0.4999999999999997,-0.8660254037844388,95500.0,1.0
2025-07-26,Đắk Lắk,Cà phê,95500.0,VND/kg,Chợ Giá,https://chogia.vn/gia-ca-phe-dak-lak-hom-nay/,29.2,22.4,25.1,4.1,4.1,10.0,85,0.459,0.398,16.35,97500.0,96000.0,95500.0,93800.0,90300.0,91000.0,94671.42857142857,1749.0133272921084,93021.42857142857,93650.0,2195.8817253474567,7.414285714285714,8.53,25.314285714285717,25.016666666666666,81.85714285714286,84.73333333333333,5,26,7,3,-0.4999999999999997,-0.8660254037844388,95500.0,1.0
2025-07-27,Đắk Lắk,Cà phê,95500.0,VND/kg,Chợ Giá,https://chogia.vn/gia-ca-phe-dak-lak-hom-nay/,29.2,22.7,25.3,4.6,4.6,14.0,82,0.443,0.4,21.39,95500.0,97500.0,96000.0,93800.0,90300.0,93800.0,94914.28571428571,1725.7158625025793,93392.85714285714,93800.0,2162.055216365098,7.428571428571429,7.926666666666667,25.357142857142858,25.043333333333337,82.14285714285714,84.63333333333334,6,27,7,3,-0.4999999999999997,-0.8660254037844388,96500.0,1.0
2025-07-28,Đắk Lắk,Cà phê,96500.0,VND/kg,Chợ Giá,https://chogia.vn/gia-ca-phe-dak-lak-hom-nay/,29.9,23.2,26.1,2.6,2.6,8.0,80,0.412,0.398,24.02,95500.0,95500.0,97500.0,93800.0,88300.0,94200.0,95157.14285714286,1661.1814499089453,93764.28571428571,93856.66666666667,2184.21979020997,6.1571428571428575,7.493333333333334,25.400000000000002,25.06,82.14285714285714,84.53333333333333,0,28,7,3,-0.4999999999999997,-0.8660254037844388,97300.0,1.0
2025-07-29,Đắk Lắk,Cà phê,97300.0,VND/kg,Chợ Giá,https://chogia.vn/gia-ca-phe-dak-lak-hom-nay/,30.1,23.8,26.4,4.6,4.6,10.0,79,0.379,0.386,20.19,96500.0,95500.0,95500.0,92300.0,94600.0,94200.0,95542.85714285714,1606.0896019592365,94350.0,93933.33333333333,2236.4277755816734,5.385714285714285,7.373333333333333,25.47142857142857,25.110000000000003,82.14285714285714,84.33333333333333,1,29,7,3,-0.4999999999999997,-0.8660254037844388,98000.0,1.0
2025-07-30,Đắk Lắk,Cà phê,98000.0,VND/kg,Chợ Giá,https://chogia.vn/gia-ca-phe-dak-lak-hom-nay/,30.7,23.1,26.5,4.3,4.3,10.0,78,0.382,0.371,23.48,97300.0,96500.0,95500.0,95500.0,91600.0,94500.0,96257.14285714286,863.8231741440109,94542.85714285714,94036.66666666667,2319.257213631001,5.828571428571428,7.483333333333333,25.528571428571432,25.15666666666667,82.57142857142857,84.23333333333333,2,30,7,3,-0.4999999999999997,-0.8660254037844388,99700.0,1.0
2025-07-31,Đắk Lắk,Cà phê,99700.0,VND/kg,Chợ Giá,https://chogia.vn/gia-ca-phe-dak-lak-hom-nay/,31.7,24.0,26.8,2.1,2.1,6.0,75,0.341,0.356,23.49,98000.0,97300.0,96500.0,96000.0,92500.0,94700.0,96614.28571428571,1004.0394604262264,95000.0,94153.33333333333,2428.811733496975,5.5,7.106666666666667,25.614285714285717,25.220000000000002,82.28571428571429,83.93333333333334,3,31,7,3,-0.4999999999999997,-0.8660254037844388,100000.0,1.0
2025-08-01,Đắk Lắk,Cà phê,100000.0,VND/kg,Chợ Giá,https://chogia.vn/gia-ca-phe-dak-lak-hom-nay/,32.1,24.0,27.3,1.5,1.5,8.0,75,0.292,0.333,24.01,99700.0,98000.0,97300.0,97500.0,92000.0,95500.0,97142.85714285714,1485.3250405847893,95514.28571428571,94320.0,2630.7727984819235,3.857142857142857,6.973333333333333,25.928571428571427,25.286666666666665,80.28571428571429,83.56666666666666,4,1,8,3,-0.8660254037844385,-0.5000000000000004,99500.0,1.0
2025-08-02,Đắk Lắk,Cà phê,99500.0,VND/kg,Chợ Giá,https://chogia.vn/gia-ca-phe-dak-lak-hom-nay/,32.1,24.1,27.4,1.7,1.7,10.0,76,0.264,0.322,23.49,100000.0,99700.0,98000.0,95500.0,93800.0,95200.0,97500.0,1843.0047929032582,96085.71428571429,94470.0,2821.7321654941297,3.4,6.786666666666666,26.214285714285715,25.393333333333334,79.14285714285714,83.03333333333333,5,2,8,3,-0.8660254037844385,-0.5000000000000004,99500.0,1.0
2025-08-03,Đắk Lắk,Cà phê,99500.0,VND/kg,Chợ Giá,https://chogia.vn/gia-ca-phe-dak-lak-hom-nay/,32.6,23.5,26.9,1.4,1.4,7.0,75,0.257,0.318,23.67,99500.0,100000.0,99700.0,95500.0,93800.0,95500.0,98071.42857142857,1736.581206195664,96492.85714285714,94613.33333333333,2965.63458735871,3.057142857142857,6.713333333333333,26.542857142857144,25.493333333333332,77.85714285714286,82.73333333333333,6,3,8,3,-0.8660254037844385,-0.5000000000000004,99000.0,1.0
2025-08-04,Đắk Lắk,Cà phê,99000.0,VND/kg,Chợ Giá,https://chogia.vn/gia-ca-phe-dak-lak-hom-nay/,32.9,23.0,27.6,0.3,0.3,3.0,74,0.224,0.297,24.05,99500.0,99500.0,100000.0,96500.0,93800.0,96300.0,98642.85714285714,1368.5237092775665,96900.0,94746.66666666667,3094.0135003294795,2.6,6.663333333333333,26.77142857142857,25.57,76.85714285714286,82.43333333333334,0,4,8,3,-0.8660254037844385,-0.5000000000000004,100000.0,1.0
2025-08-05,Đắk Lắk,Cà phê,100000.0,VND/kg,Chợ Giá,https://chogia.vn/gia-ca-phe-dak-lak-hom-nay/,32.7,23.6,27.4,0.8,0.8,6.0,74,0.209,0.289,22.93,99000.0,99500.0,99500.0,97300.0,92300.0,96300.0,99000.0,989.9494936599921,97271.42857142857,94836.66666666667,3178.861576025521,2.2714285714285714,6.486666666666666,26.985714285714288,25.66,76.0,82.0,1,5,8,3,-0.8660254037844385,-0.5000000000000004,101000.0,1.0
2025-08-06,Đắk Lắk,Cà phê,101000.0,VND/kg,Chợ Giá,https://chogia.vn/gia-ca-phe-dak-lak-hom-nay/,33.8,23.2,27.3,1.1,1.1,4.0,74,0.212,0.285,24.67,100000.0,99000.0,99500.0,98000.0,95500.0,96500.0,99385.71428571429,701.0196655060662,97821.42857142857,94960.0,3306.7955110220246,1.7285714285714284,6.253333333333333,27.128571428571426,25.73,75.28571428571429,81.63333333333334,2,6,8,3,-0.8660254037844385,-0.5000000000000004,100500.0,1.0
2025-08-07,Đắk Lắk,Cà phê,100500.0,VND/kg,Chợ Giá,https://chogia.vn/gia-ca-phe-dak-lak-hom-nay/,32.9,22.4,26.5,1.4,1.4,3.0,76,0.25,0.275,23.12,101000.0,100000.0,99000.0,99700.0,96000.0,92800.0,99814.28571428571,625.6425268683639,98214.28571428571,95110.0,3476.75532446536,1.2714285714285716,5.8100000000000005,27.24285714285714,25.793333333333337,74.71428571428571,81.3,3,7,8,3,-0.8660254037844385,-0.5000000000000004,101500.0,1.0
2025-08-08,Đắk Lắk,Cà phê,101500.0,VND/kg,Chợ Giá,https://chogia.vn/gia-ca-phe-dak-lak-hom-nay/,32.0,22.7,25.9,1.9,1.9,5.0,81,0.254,0.274,21.93,100500.0,101000.0,100000.0,100000.0,97500.0,93800.0,99928.57142857143,672.5927091328082,98535.71428571429,95366.66666666667,3582.941705409014,1.1714285714285715,5.806666666666667,27.2,25.823333333333334,74.85714285714286,81.06666666666666,4,8,8,3,-0.8660254037844385,-0.5000000000000004,103800.0,1.0
2025-08-09,Đắk Lắk,Cà phê,103800.0,VND/kg,Chợ Giá,https://chogia.vn/gia-ca-phe-dak-lak-hom-nay/,31.5,23.4,26.0,2.3,2.3,5.0,79,0.233,0.274,19.91,101500.0,100500.0,101000.0,99500.0,95500.0,92600.0,100142.85714285714,899.7354108411349,98821.42857142857,95623.33333333333,3739.2312812534333,1.2285714285714284,5.159999999999999,27.0,25.860000000000003,75.71428571428571,80.83333333333333,5,9,8,3,-0.8660254037844385,-0.5000000000000004,103800.0,1.0
2025-08-10,Đắk Lắk,Cà phê,103800.0,VND/kg,Chợ Giá,https://chogia.vn/gia-ca-phe-dak-lak-hom-nay/,31.5,22.2,25.9,17.4,17.4,14.0,80,0.237,0.274,23.67,103800.0,101500.0,100500.0,99500.0,95500.0,90300.0,100757.14285714286,1590.4476758200715,99414.28571428571,95996.66666666667,3978.4317940894243,1.3142857142857143,5.05,26.8,25.89,76.14285714285714,80.63333333333334,6,10,8,3,-0.8660254037844385,-0.5000000000000004,104000.0,1.0
2025-08-11,Đắk Lắk,Cà phê,104000.0,VND/kg,Chợ Giá,https://chogia.vn/gia-ca-phe-dak-lak-hom-nay/,31.2,22.0,25.5,5.3,5.3,10.0,82,0.306,0.274,23.23,103800.0,103800.0,101500.0,99000.0,96500.0,90300.0,101371.42857142857,1835.4965592572723,100007.14285714286,96446.66666666667,4074.2025522516087,3.599999999999999,5.526666666666667,26.657142857142855,25.90666666666667,76.85714285714286,80.56666666666666,0,11,8,3,-0.8660254037844385,-0.5000000000000004,107300.0,1.0
2025-08-12,Đắk Lắk,Cà phê,107300.0,VND/kg,Chợ Giá,https://chogia.vn/gia-ca-phe-dak-lak-hom-nay/,30.0,21.9,25.3,12.2,12.2,11.0,83,0.366,0.276,22.5,104000.0,103800.0,103800.0,100000.0,97300.0,90300.0,102085.71428571429,1728.6107827075818,100542.85714285714,96903.33333333333,4128.912634123178,4.314285714285714,5.676666666666666,26.357142857142858,25.88,78.0,80.66666666666667,1,12,8,3,-0.8660254037844385,-0.5000000000000004,108000.0,1.0
2025-08-13,Đắk Lắk,Cà phê,108000.0,VND/kg,Chợ Giá,https://chogia.vn/gia-ca-phe-dak-lak-hom-nay/,29.4,22.2,24.8,1.5,1.5,8.0,85,0.408,0.282,20.84,107300.0,104000.0,103800.0,101000.0,98000.0,88300.0,103128.57142857143,2350.6837910939894,101257.14285714286,97470.0,4351.943679908531,5.942857142857142,5.903333333333334,26.057142857142857,25.876666666666665,79.28571428571429,80.53333333333333,2,13,8,3,-0.8660254037844385,-0.5000000000000004,111500.0,1.0
2025-08-14,Đắk Lắk,Cà phê,111500.0,VND/kg,Chợ Giá,https://chogia.vn/gia-ca-phe-dak-lak-hom-nay/,29.0,21.7,24.5,7.3,7.3,11.0,85,0.383,0.284,20.98,108000.0,107300.0,104000.0,100500.0,99700.0,94600.0,104128.57142857143,2749.3722227165586,101971.42857142857,98126.66666666667,4406.494684246367,5.999999999999999,5.526666666666667,25.7,25.863333333333333,80.85714285714286,80.46666666666667,3,14,8,3,-0.8660254037844385,-0.5000000000000004,114800.0,1.0
2025-08-15,Đắk Lắk,Cà phê,114800.0,VND/kg,Chợ Giá,https://chogia.vn/gia-ca-phe-dak-lak-hom-nay/,28.1,21.6,24.0,11.4,11.4,13.0,88,0.448,0.306,18.95,111500.0,108000.0,107300.0,101500.0,100000.0,91600.0,105700.0,3397.057550292287,102814.28571428571,98690.0,4982.683808052381,6.842857142857142,5.709999999999999,25.414285714285715,25.843333333333337,82.14285714285714,80.4,4,15,8,3,-0.8660254037844385,-0.5000000000000004,117300.0,1.0
2025-08-16,Đắk Lắk,Cà phê,117300.0,VND/kg,Chợ Giá,https://chogia.vn/gia-ca-phe-dak-lak-hom-nay/,27.5,21.2,23.4,11.7,11.7,15.0,90,0.449,0.322,15.36,114800.0,111500.0,108000.0,103800.0,99500.0,92500.0,107600.0,4264.973622426977,103871.42857142857,99463.33333333333,5605.753407380766,8.2,5.833333333333333,25.142857142857142,25.810000000000002,83.14285714285714,80.43333333333334,5,16,8,3,-0.8660254037844385,-0.5000000000000004,117300.0,1.0
2025-08-17,Đắk Lắk,Cà phê,117300.0,VND/kg,Chợ Giá,https://chogia.vn/gia-ca-phe-dak-lak-hom-nay/,27.0,21.8,23.5,13.8,13.8,19.0,91,0.475,0.364,17.05,117300.0,114800.0,111500.0,103800.0,99500.0,92000.0,109528.57142857143,5208.2352371712495,105142.85714285714,100290.0,6325.828281598346,9.542857142857143,5.886666666666667,24.771428571428572,25.773333333333333,84.71428571428571,80.56666666666666,6,17,8,3,-0.8660254037844385,-0.5000000000000004,117600.0,1.0
2025-08-18,Đắk Lắk,Cà phê,117600.0,VND/kg,Chợ Giá,https://chogia.vn/gia-ca-phe-dak-lak-hom-nay/,28.2,22.0,24.3,9.4,9.4,15.0,87,0.467,0.397,19.68,117300.0,117300.0,114800.0,104000.0,99000.0,93800.0,111457.14285714286,5232.863187859511,106414.28571428571,101133.33333333333,6847.467859869664,9.028571428571427,5.573333333333333,24.428571428571427,25.753333333333334,86.28571428571429,80.66666666666667,0,18,8,3,-0.8660254037844385,-0.5000000000000004,117100.0,1.0
2025-08-19,Đắk Lắk,Cà phê,117100.0,VND/kg,Chợ Giá,https://chogia.vn/gia-ca-phe-dak-lak-hom-nay/,28.2,22.2,24.9,4.3,4.3,9.0,87,0.434,0.393,19.14,117600.0,117300.0,117300.0,107300.0,100000.0,93800.0,113400.0,4472.1359549993695,107742.85714285714,101926.66666666667,7330.2365457116275,9.614285714285714,5.753333333333333,24.257142857142856,25.736666666666665,87.0,80.8,1,19,8,3,-0.8660254037844385,-0.5000000000000004,121700.0,1.0
2025-08-20,Đắk Lắk,Cà phê,121700.0,VND/kg,Chợ Giá,https://chogia.vn/gia-ca-phe-dak-lak-hom-nay/,30.1,22.2,24.9,16.2,16.2,10.0,86,0.444,0.389,20.85,117100.0,117600.0,117300.0,108000.0,101000.0,93800.0,114800.0,3713.9377126348654,108964.28571428571,102703.33333333333,7666.158653833215,8.485714285714284,5.446666666666666,24.2,25.733333333333334,87.57142857142857,80.96666666666667,2,20,8,3,-0.8660254037844385,-0.5000000000000004,123000.0,1.0
2025-08-21,Đắk Lắk,Cà phê,123000.0,VND/kg,Chợ Giá,https://chogia.vn/gia-ca-phe-dak-lak-hom-nay/,28.8,21.8,23.6,12.2,12.2,12.0,89,0.459,0.393,15.07,121700.0,117100.0,117600.0,111500.0,100500.0,92300.0,116757.14285714286,3090.7696683601935,110442.85714285714,103633.33333333333,8221.055110290406,10.585714285714285,5.72,24.214285714285715,25.71,87.71428571428571,81.16666666666667,3,21,8,3,-0.8660254037844385,-0.5000000000000004,123200.0,1.0
2025-08-22,Đắk Lắk,Cà phê,123200.0,VND/kg,Chợ Giá,https://chogia.vn/gia-ca-phe-dak-lak-hom-nay/,29.2,21.0,24.7,3.5,3.5,13.0,82,0.456,0.432,21.92,123000.0,121700.0,117100.0,114800.0,101500.0,95500.0,118400.0,2879.814808860395,112050.0,104656.66666666667,8660.639593062124,11.285714285714286,6.076666666666666,24.085714285714285,25.630000000000003,88.28571428571429,81.6,4,22,8,3,-0.8660254037844385,-0.5000000000000004,124000.0,1.0
2025-08-23,Đắk Lắk,Cà phê,124000.0,VND/kg,Chợ Giá,https://chogia.vn/gia-ca-phe-dak-lak-hom-nay/,29.2,21.9,24.2,11.2,11.2,9.0,87,0.447,0.42,20.93,123200.0,123000.0,121700.0,117300.0,103800.0,96000.0,119600.0,2879.8148088604016,113600.0,105580.0,9115.405678830282,10.157142857142857,5.973333333333333,24.185714285714283,25.589999999999996,87.42857142857143,81.66666666666667,5,23,8,3,-0.8660254037844385,-0.5000000000000004,124000.0,1.0
2025-08-24,Đắk Lắk,Cà phê,124000.0,VND/kg,Chợ Giá,https://chogia.vn/gia-ca-phe-dak-lak-hom-nay/,27.3,21.8,24.0,5.9,5.9,12.0,88,0.441,0.403,16.0,124000.0,123200.0,123000.0,117300.0,103800.0,97500.0,120557.14285714286,3093.464693433915,115042.85714285714,106513.33333333333,9524.948486903095,10.085714285714285,5.893333333333333,24.3,25.576666666666668,87.0,81.6,6,24,8,3,-0.8660254037844385,-0.5000000000000004,122000.0,1.0
2025-08-25,Đắk Lắk,Cà phê,122000.0,VND/kg,Chợ Giá,https://chogia.vn/gia-ca-phe-dak-lak-hom-nay/,29.8,22.4,24.8,6.7,6.7,7.0,85,0.428,0.402,20.45,124000.0,124000.0,123200.0,117600.0,104000.0,95500.0,121514.28571428571,2950.9481930548436,116485.71428571429,107396.66666666667,9882.324288006863,8.957142857142857,5.933333333333334,24.37142857142857,25.533333333333335,86.57142857142857,81.76666666666667,0,25,8,3,-0.8660254037844385,-0.5000000000000004,122000.0,1.0
2025-08-26,Đắk Lắk,Cà phê,122000.0,VND/kg,Chợ Giá,https://chogia.vn/gia-ca-phe-dak-lak-hom-nay/,28.8,22.1,24.9,3.0,3.0,10.0,82,0.464,0.439,18.39,122000.0,124000.0,124000.0,117100.0,107300.0,95500.0,122142.85714285714,2394.338560616601,117771.42857142857,108280.0,9966.26724298612,8.571428571428571,6.02,24.442857142857143,25.52333333333333,86.28571428571429,81.76666666666667,1,26,8,3,-0.8660254037844385,-0.5000000000000004,122300.0,1.0
2025-08-27,Đắk Lắk,Cà phê,122300.0,VND/kg,Chợ Giá,https://chogia.vn/gia-ca-phe-dak-lak-hom-nay/,28.7,22.0,24.2,7.2,7.2,12.0,87,0.455,0.434,20.13,122000.0,122000.0,124000.0,121700.0,108000.0,96500.0,122842.85714285714,962.3879031809146,118821.42857142857,109163.33333333333,9968.864748195452,8.385714285714284,5.966666666666667,24.442857142857143,25.509999999999998,85.57142857142857,81.76666666666667,2,27,8,3,-0.8660254037844385,-0.5000000000000004,123700.0,1.0
2025-08-28,Đắk Lắk,Cà phê,123700.0,VND/kg,Chợ Giá,https://chogia.vn/gia-ca-phe-dak-lak-hom-nay/,26.1,21.6,23.3,9.3,9.3,13.0,91,0.489,0.462,16.6,122300.0,122000.0,122000.0,123000.0,111500.0,97300.0,122928.57142857143,865.4753717155136,119842.85714285714,110023.33333333333,9951.596071375405,7.1,6.12,24.342857142857138,25.446666666666665,85.71428571428571,82.0,3,28,8,3,-0.8660254037844385,-0.5000000000000004,122300.0,1.0
2025-08-29,Đắk Lắk,Cà phê,122300.0,VND/kg,Chợ Giá,https://chogia.vn/gia-ca-phe-dak-lak-hom-nay/,26.5,21.8,23.5,23.8,23.8,23.0,91,0.494,0.478,15.33,123700.0,122300.0,122000.0,123200.0,114800.0,98000.0,123028.57142857143,914.1741003292415,120714.28571428571,110903.33333333333,9954.9496728263,6.685714285714285,6.276666666666667,24.3,25.34333333333333,86.0,82.4,4,29,8,3,-0.8660254037844385,-0.5000000000000004,122400.0,1.0
2025-08-30,Đắk Lắk,Cà phê,122400.0,VND/kg,Chợ Giá,https://chogia.vn/gia-ca-phe-dak-lak-hom-nay/,26.8,22.0,23.5,32.8,32.8,21.0,93,0.508,0.507,13.82,122300.0,123700.0,122300.0,124000.0,117300.0,99700.0,122900.0,948.683298049715,121250.0,111713.33333333333,9856.967895451073,9.585714285714285,6.926666666666666,24.12857142857143,25.243333333333332,87.28571428571429,82.83333333333333,5,30,8,3,-0.8660254037844385,-0.5000000000000004,122400.0,1.0
2025-08-31,Đắk Lắk,Cà phê,122400.0,VND/kg,Chợ Giá,https://chogia.vn/gia-ca-phe-dak-lak-hom-nay/,28.8,21.6,24.5,12.2,12.2,11.0,88,0.495,0.488,21.67,122400.0,122300.0,123700.0,124000.0,117300.0,100000.0,122671.42857142857,824.0434570130914,121614.28571428571,112470.0,9773.897327346791,12.671428571428569,7.95,24.02857142857143,25.133333333333333,88.14285714285714,83.43333333333334,6,31,8,3,-0.8660254037844385,-0.5000000000000004,122500.0,1.0
2025-09-01,Đắk Lắk,Cà phê,122500.0,VND/kg,Chợ Giá,https://chogia.vn/gia-ca-phe-dak-lak-hom-nay/,28.6,21.9,24.4,18.7,18.7,13.0,89,0.49,0.485,20.66,122400.0,122400.0,122300.0,122000.0,117600.0,99500.0,122442.85714285714,579.819347891155,121978.57142857143,113216.66666666667,9643.153130529996,13.57142857142857,8.306666666666667,24.099999999999998,25.04,88.14285714285714,83.86666666666666,0,1,9,3,-1.0,-1.8369701987210297e-16,121300.0,1.0
2025-09-02,Đắk Lắk,Cà phê,121300.0,VND/kg,Chợ Giá,https://chogia.vn/gia-ca-phe-dak-lak-hom-nay/,28.6,21.8,24.0,14.9,14.9,14.0,92,0.503,0.498,15.07,122500.0,122400.0,122400.0,122000.0,117100.0,99500.0,122514.28571428571,545.9809869342461,122328.57142857143,113983.33333333333,9426.890493042569,15.285714285714286,8.873333333333333,24.042857142857144,24.94,88.71428571428571,84.3,1,2,9,3,-1.0,-1.8369701987210297e-16,115000.0,1.0
2025-09-03,Đắk Lắk,Cà phê,115000.0,VND/kg,Chợ Giá,https://chogia.vn/gia-ca-phe-dak-lak-hom-nay/,28.5,22.4,24.2,9.9,9.9,16.0,91,0.501,0.495,16.86,121300.0,122500.0,122400.0,122300.0,121700.0,99000.0,122414.28571428571,698.6381310046581,122628.57142857143,114710.0,9106.736801534042,16.985714285714288,9.323333333333332,23.914285714285715,24.843333333333337,90.14285714285714,84.86666666666666,2,3,9,3,-1.0,-1.8369701987210297e-16,115300.0,1.0
2025-09-04,Đắk Lắk,Cà phê,115300.0,VND/kg,Chợ Giá,https://chogia.vn/gia-ca-phe-dak-lak-hom-nay/,29.1,21.6,24.4,13.7,13.7,11.0,90,0.497,0.499,18.96,115000.0,121300.0,122500.0,123700.0,123000.0,100000.0,121371.42857142857,2894.6584632812846,122150.0,115243.33333333333,8609.925440557252,17.37142857142857,9.643333333333334,23.91428571428571,24.73,90.71428571428571,85.43333333333334,3,4,9,3,-1.0,-1.8369701987210297e-16,115000.0,1.0
2025-09-05,Đắk Lắk,Cà phê,115000.0,VND/kg,Chợ Giá,https://chogia.vn/gia-ca-phe-dak-lak-hom-nay/,28.4,22.5,24.7,22.3,22.3,15.0,90,0.488,0.487,19.76,115300.0,115000.0,121300.0,122300.0,123200.0,101000.0,120171.42857142857,3455.29269658098,121600.0,115753.33333333333,8114.76871293132,17.999999999999996,10.073333333333332,24.071428571428573,24.63,90.57142857142857,85.96666666666667,4,5,9,3,-1.0,-1.8369701987210297e-16,113200.0,1.0
2025-09-06,Đắk Lắk,Cà phê,113200.0,VND/kg,Chợ Giá,https://chogia.vn/gia-ca-phe-dak-lak-hom-nay/,28.9,22.7,24.5,10.4,10.4,19.0,91,0.505,0.498,17.33,115000.0,115300.0,115000.0,122400.0,124000.0,100500.0,119128.57142857143,3791.0923165202807,121014.28571428571,116220.0,7624.841434190825,17.785714285714285,10.78,24.24285714285714,24.543333333333333,90.42857142857143,86.5,5,6,9,3,-1.0,-1.8369701987210297e-16,113200.0,1.0
2025-09-07,Đắk Lắk,Cà phê,113200.0,VND/kg,Chợ Giá,https://chogia.vn/gia-ca-phe-dak-lak-hom-nay/,26.7,22.0,23.4,32.5,32.5,24.0,95,0.511,0.505,9.66,113200.0,115000.0,115300.0,122400.0,124000.0,101500.0,117814.28571428571,4053.5698552543286,120242.85714285714,116643.33333333333,7053.083616812493,14.585714285714285,11.08,24.385714285714283,24.476666666666667,90.14285714285714,87.0,6,7,9,3,-1.0,-1.8369701987210297e-16,113200.0,1.0
2025-09-08,Đắk Lắk,Cà phê,113200.0,VND/kg,Chợ Giá,https://chogia.vn/gia-ca-phe-dak-lak-hom-nay/,28.5,21.9,24.1,25.6,25.6,18.0,88,0.503,0.505,17.29,113200.0,113200.0,115000.0,122500.0,122000.0,103800.0,116500.0,3802.6306683660296,119471.42857142857,117033.33333333333,6487.671774795112,17.485714285714284,12.1,24.228571428571428,24.39333333333333,91.14285714285714,87.46666666666667,0,8,9,3,-1.0,-1.8369701987210297e-16,115500.0,1.0
2025-09-09,Đắk Lắk,Cà phê,115500.0,VND/kg,Chợ Giá,https://chogia.vn/gia-ca-phe-dak-lak-hom-nay/,28.5,22.2,24.5,2.9,2.9,8.0,88,0.493,0.498,16.88,113200.0,113200.0,113200.0,121300.0,122000.0,103800.0,115171.42857142857,2866.306732663484,118842.85714285714,117346.66666666667,6037.910881761506,18.471428571428568,12.876666666666667,24.185714285714283,24.33,91.0,87.76666666666667,1,9,9,3,-1.0,-1.8369701987210297e-16,114500.0,1.0
2025-09-10,Đắk Lắk,Cà phê,114500.0,VND/kg,Chợ Giá,https://chogia.vn/gia-ca-phe-dak-lak-hom-nay/,28.2,21.8,24.6,4.1,4.1,7.0,89,0.479,0.485,20.05,115500.0,113200.0,113200.0,115000.0,122300.0,104000.0,114342.85714285714,1082.9852920768499,118378.57142857143,117736.66666666667,5485.3084868040505,16.757142857142856,12.393333333333334,24.257142857142856,24.283333333333335,90.42857142857143,88.03333333333333,2,10,9,3,-1.0,-1.8369701987210297e-16,116800.0,1.0
2025-09-11,Đắk Lắk,Cà phê,116800.0,VND/kg,Chợ Giá,https://chogia.vn/gia-ca-phe-dak-lak-hom-nay/,30.2,22.2,25.0,5.3,5.3,9.0,86,0.474,0.481,21.54,114500.0,115500.0,113200.0,115300.0,123700.0,107300.0,114271.42857142857,1048.3547200472017,117821.42857142857,118086.66666666667,4880.201616336601,15.928571428571429,12.353333333333332,24.314285714285717,24.253333333333334,90.14285714285714,88.26666666666667,3,11,9,3,-1.0,-1.8369701987210297e-16,118200.0,1.0
2025-09-12,Đắk Lắk,Cà phê,118200.0,VND/kg,Chợ Giá,https://chogia.vn/gia-ca-phe-dak-lak-hom-nay/,30.2,21.3,25.2,0.9,0.9,3.0,81,0.452,0.476,23.52,116800.0,114500.0,115500.0,115000.0,122300.0,108000.0,114485.71428571429,1390.957190124685,117328.57142857143,118403.33333333333,4444.94934871549,14.72857142857143,12.123333333333333,24.400000000000002,24.243333333333336,89.57142857142857,88.36666666666666,4,12,9,3,-1.0,-1.8369701987210297e-16,120200.0,1.0
2025-09-13,Đắk Lắk,Cà phê,120200.0,VND/kg,Chợ Giá,https://chogia.vn/gia-ca-phe-dak-lak-hom-nay/,30.9,22.3,25.5,4.5,4.5,3.0,83,0.444,0.462,22.98,118200.0,116800.0,114500.0,113200.0,122400.0,111500.0,114942.85714285714,1986.5020705219988,117035.71428571429,118743.33333333333,3988.4041691000543,11.671428571428569,12.103333333333332,24.47142857142857,24.256666666666664,88.28571428571429,88.23333333333333,5,13,9,3,-1.0,-1.8369701987210297e-16,120200.0,1.0
2025-09-14,Đắk Lắk,Cà phê,120200.0,VND/kg,Chợ Giá,https://chogia.vn/gia-ca-phe-dak-lak-hom-nay/,28.6,21.9,24.0,21.1,21.1,15.0,91,0.485,0.468,18.67,120200.0,118200.0,116800.0,113200.0,122400.0,114800.0,115942.85714285714,2622.8846351911193,116878.57142857143,119033.33333333333,3752.914576178738,10.828571428571427,12.009999999999998,24.614285714285717,24.29,87.14285714285714,88.16666666666667,6,14,9,3,-1.0,-1.8369701987210297e-16,120000.0,1.0
2025-09-15,Đắk Lắk,Cà phê,120000.0,VND/kg,Chợ Giá,https://chogia.vn/gia-ca-phe-dak-lak-hom-nay/,28.5,21.4,24.2,23.8,23.8,10.0,88,0.488,0.481,19.44,120200.0,120200.0,118200.0,113200.0,122500.0,117300.0,116942.85714285714,2734.871808608545,116721.42857142857,119213.33333333333,3671.486904778089,9.2,12.333333333333334,24.7,24.29,86.57142857142857,88.26666666666667,0,15,9,3,-1.0,-1.8369701987210297e-16,122700.0,1.0
2025-09-16,Đắk Lắk,Cà phê,122700.0,VND/kg,Chợ Giá,https://chogia.vn/gia-ca-phe-dak-lak-hom-nay/,28.2,21.5,23.8,6.9,6.9,11.0,89,0.481,0.48,18.24,120000.0,120200.0,120200.0,115500.0,121300.0,117300.0,117914.28571428571,2366.7337347971084,116542.85714285714,119303.33333333333,3656.027930676689,8.942857142857141,12.736666666666668,24.714285714285715,24.316666666666666,86.57142857142857,88.2,1,16,9,3,-1.0,-1.8369701987210297e-16,121200.0,1.0
2025-09-17,Đắk Lắk,Cà phê,121200.0,VND/kg,Chợ Giá,https://chogia.vn/gia-ca-phe-dak-lak-hom-nay/,26.4,21.8,23.5,15.3,15.3,18.0,92,0.484,0.475,16.1,122700.0,120000.0,120200.0,114500.0,115000.0,117600.0,118942.85714285714,2685.6762915242375,116642.85714285714,119483.33333333333,3686.796884067648,9.514285714285714,12.506666666666666,24.614285714285717,24.326666666666664,86.71428571428571,88.13333333333334,2,17,9,3,-1.0,-1.8369701987210297e-16,116500.0,1.0
2025-09-18,Đắk Lắk,Cà phê,116500.0,VND/kg,Chợ Giá,https://chogia.vn/gia-ca-phe-dak-lak-hom-nay/,27.5,22.1,23.8,22.8,22.8,23.0,93,0.504,0.493,15.56,121200.0,122700.0,120000.0,116800.0,115300.0,117100.0,119900.0,1924.4046698477155,117085.71428571429,119603.33333333333,3681.9675524744143,11.114285714285714,12.703333333333335,24.457142857142856,24.3,87.14285714285714,88.3,3,18,9,3,-1.0,-1.8369701987210297e-16,116500.0,1.0
2025-09-19,Đắk Lắk,Cà phê,116500.0,VND/kg,Chợ Giá,https://chogia.vn/gia-ca-phe-dak-lak-hom-nay/,27.9,22.1,24.3,20.6,20.6,13.0,90,0.502,0.506,15.82,116500.0,121200.0,122700.0,118200.0,115000.0,121700.0,119857.14285714286,2006.536936163606,117171.42857142857,119583.33333333333,3697.6304932173753,13.614285714285714,13.32,24.285714285714285,24.263333333333332,88.14285714285714,88.5,4,19,9,3,-1.0,-1.8369701987210297e-16,111500.0,1.0
2025-09-20,Đắk Lắk,Cà phê,111500.0,VND/kg,Chợ Giá,https://chogia.vn/gia-ca-phe-dak-lak-hom-nay/,29.2,22.2,25.1,4.3,4.3,8.0,84,0.482,0.49,23.02,116500.0,116500.0,121200.0,120200.0,113200.0,123000.0,119614.28571428571,2319.0720640147333,117278.57142857143,119410.0,3716.816398200764,16.428571428571427,13.466666666666667,24.157142857142855,24.243333333333332,89.42857142857143,88.63333333333334,5,20,9,3,-1.0,-1.8369701987210297e-16,111500.0,1.0
2025-09-21,Đắk Lắk,Cà phê,111500.0,VND/kg,Chợ Giá,https://chogia.vn/gia-ca-phe-dak-lak-hom-nay/,28.0,22.8,24.4,10.9,10.9,15.0,90,0.489,0.48,16.68,111500.0,116500.0,116500.0,120200.0,113200.0,123200.0,118371.42857142857,3806.8859915131543,117157.14285714286,119026.66666666667,3921.200848204143,16.4,13.203333333333331,24.099999999999998,24.293333333333333,89.57142857142857,88.46666666666667,6,21,9,3,-1.0,-1.8369701987210297e-16,112000.0,1.0
2025-09-22,Đắk Lắk,Cà phê,112000.0,VND/kg,Chợ Giá,https://chogia.vn/gia-ca-phe-dak-lak-hom-nay/,25.8,22.2,23.3,44.9,44.9,24.0,94,0.512,0.511,10.51,111500.0,111500.0,116500.0,120000.0,113200.0,124000.0,117128.57142857143,4472.402145645999,117035.71428571429,118636.66666666667,4070.7944944561636,14.942857142857141,13.450000000000001,24.157142857142855,24.283333333333335,89.42857142857143,88.73333333333333,0,22,9,3,-1.0,-1.8369701987210297e-16,114500.0,1.0
2025-09-23,Đắk Lắk,Cà phê,114500.0,VND/kg,Chợ Giá,https://chogia.vn/gia-ca-phe-dak-lak-hom-nay/,25.9,21.6,23.6,25.1,25.1,18.0,90,0.502,0.507,14.71,112000.0,111500.0,111500.0,122700.0,115500.0,124000.0,115985.71428571429,4635.525346505299,116950.0,118236.66666666667,4114.941934759132,17.957142857142856,14.573333333333332,24.028571428571432,24.253333333333334,90.28571428571429,88.96666666666667,1,23,9,3,-1.0,-1.8369701987210297e-16,111500.0,1.0
2025-09-24,Đắk Lắk,Cà phê,111500.0,VND/kg,Chợ Giá,https://chogia.vn/gia-ca-phe-dak-lak-hom-nay/,28.7,21.9,24.7,2.0,2.0,7.0,83,0.484,0.492,20.57,114500.0,112000.0,111500.0,121200.0,114500.0,122000.0,114814.28571428571,3569.5137724102224,116878.57142857143,117920.0,4020.584963444764,20.557142857142857,15.213333333333335,24.0,24.24,90.42857142857143,89.03333333333333,2,24,9,3,-1.0,-1.8369701987210297e-16,114500.0,1.0
2025-09-25,Đắk Lắk,Cà phê,114500.0,VND/kg,Chợ Giá,https://chogia.vn/gia-ca-phe-dak-lak-hom-nay/,28.4,22.1,24.5,25.6,25.6,22.0,88,0.491,0.491,19.62,111500.0,114500.0,112000.0,116500.0,116800.0,122000.0,113428.57142857143,2352.8098702852653,116664.28571428571,117570.0,4109.2116871313965,18.657142857142855,15.056666666666668,24.17142857142857,24.236666666666668,89.14285714285714,88.96666666666667,3,25,9,3,-1.0,-1.8369701987210297e-16,113000.0,1.0
2025-09-26,Đắk Lắk,Cà phê,113000.0,VND/kg,Chợ Giá,https://chogia.vn/gia-ca-phe-dak-lak-hom-nay/,25.5,22.0,23.5,10.8,10.8,22.0,94,0.504,0.506,12.01,114500.0,111500.0,114500.0,116500.0,118200.0,122300.0,113142.85714285714,2014.8259998126998,116500.0,117320.0,4058.2313117061594,19.057142857142857,15.81,24.27142857142857,24.223333333333336,88.42857142857143,89.16666666666667,4,26,9,3,-1.0,-1.8369701987210297e-16,115500.0,1.0
2025-09-27,Đắk Lắk,Cà phê,115500.0,VND/kg,Chợ Giá,https://chogia.vn/gia-ca-phe-dak-lak-hom-nay/,26.4,21.8,23.5,29.3,29.3,19.0,92,0.503,0.511,11.3,113000.0,114500.0,111500.0,111500.0,120200.0,123700.0,112642.85714285714,1375.8114488746264,116128.57142857143,117010.0,4019.7229274907604,17.657142857142855,15.930000000000001,24.157142857142862,24.2,89.0,89.4,5,27,9,3,-1.0,-1.8369701987210297e-16,115500.0,1.0
2025-09-28,Đắk Lắk,Cà phê,115500.0,VND/kg,Chợ Giá,https://chogia.vn/gia-ca-phe-dak-lak-hom-nay/,27.4,22.0,24.4,4.4,4.4,16.0,87,0.497,0.503,10.95,115500.0,113000.0,114500.0,111500.0,120200.0,122300.0,113214.28571428571,1629.3440105635607,115792.85714285714,116736.66666666667,3823.1133127727835,21.228571428571428,16.596666666666668,23.928571428571427,24.206666666666667,90.14285714285714,89.43333333333334,6,28,9,3,-1.0,-1.8369701987210297e-16,116500.0,1.0
2025-09-29,Đắk Lắk,Cà phê,116500.0,VND/kg,Chợ Giá,https://chogia.vn/gia-ca-phe-dak-lak-hom-nay/,29.6,23.1,25.2,18.3,18.3,5.0,82,0.485,0.5,17.78,115500.0,115500.0,113000.0,112000.0,120000.0,122400.0,113785.71428571429,1629.3440105635868,115457.14285714286,116510.0,3680.8310530885315,20.3,15.95,23.928571428571427,24.236666666666668,89.71428571428571,89.3,0,29,9,3,-1.0,-1.8369701987210297e-16,116000.0,1.0
2025-09-30,Đắk Lắk,Cà phê,116000.0,VND/kg,Chợ Giá,https://chogia.vn/gia-ca-phe-dak-lak-hom-nay/,29.1,21.6,24.4,2.6,2.6,4.0,85,0.485,0.499,18.54,116500.0,115500.0,115500.0,114500.0,122700.0,122400.0,114428.57142857143,1693.8263249357203,115207.14285714286,116313.33333333333,3508.8787219080236,16.5,15.466666666666667,24.2,24.293333333333337,88.0,88.93333333333334,1,30,9,3,-1.0,-1.8369701987210297e-16,116000.0,1.0
2025-10-01,Đắk Lắk,Cà phê,116000.0,VND/kg,Chợ Giá,https://chogia.vn/gia-ca-phe-dak-lak-hom-nay/,30.3,20.8,25.2,0.0,0.0,0.0,80,0.457,0.488,23.53,116000.0,116500.0,115500.0,111500.0,121200.0,122500.0,114642.85714285714,1796.1599250033785,114728.57142857143,116100.0,3315.2729122592496,13.285714285714288,15.146666666666668,24.314285714285713,24.290000000000003,87.28571428571429,88.83333333333333,2,1,10,4,-0.8660254037844386,0.5000000000000001,117700.0,1.0
2025-10-02,Đắk Lắk,Cà phê,117700.0,VND/kg,Chợ Giá,https://chogia.vn/gia-ca-phe-dak-lak-hom-nay/,29.7,21.5,25.1,0.7,0.7,3.0,79,0.42,0.47,23.08,116000.0,116000.0,116500.0,114500.0,116500.0,121300.0,115285.71428571429,1185.2265204422638,114357.14285714286,115883.33333333333,3087.1349660893948,13.0,14.523333333333335,24.38571428571429,24.316666666666666,86.85714285714286,88.53333333333333,3,2,10,4,-0.8660254037844386,0.5000000000000001,115500.0,1.0
2025-10-03,Đắk Lắk,Cà phê,115500.0,VND/kg,Chợ Giá,https://chogia.vn/gia-ca-phe-dak-lak-hom-nay/,30.5,21.9,25.6,5.5,5.5,9.0,77,0.393,0.454,23.27,117700.0,116000.0,116000.0,113000.0,116500.0,115000.0,115742.85714285714,1424.6135649788175,114442.85714285714,115763.33333333333,2935.570594048934,9.442857142857145,14.05,24.471428571428568,24.35333333333333,85.57142857142857,88.1,4,3,10,4,-0.8660254037844386,0.5000000000000001,117000.0,1.0
2025-10-04,Đắk Lắk,Cà phê,117000.0,VND/kg,Chợ Giá,https://chogia.vn/gia-ca-phe-dak-lak-hom-nay/,28.5,21.5,23.7,22.7,22.7,18.0,90,0.45,0.448,19.89,115500.0,117700.0,116000.0,115500.0,111500.0,115300.0,116100.0,797.91394690441,114371.42857142857,115780.0,2932.505107735994,8.685714285714287,13.903333333333334,24.771428571428572,24.4,83.14285714285714,87.63333333333334,5,4,10,4,-0.8660254037844386,0.5000000000000001,117000.0,1.0
2025-10-05,Đắk Lắk,Cà phê,117000.0,VND/kg,Chợ Giá,https://chogia.vn/gia-ca-phe-dak-lak-hom-nay/,28.3,21.7,24.3,3.3,3.3,6.0,86,0.46,0.441,17.65,117000.0,115500.0,117700.0,115500.0,111500.0,115000.0,116314.28571428571,811.2306935102878,114764.28571428571,115836.66666666667,2939.3270791393884,7.742857142857143,14.203333333333335,24.8,24.37666666666667,82.85714285714286,87.63333333333334,6,5,10,4,-0.8660254037844386,0.5000000000000001,117000.0,1.0
2025-10-06,Đắk Lắk,Cà phê,117000.0,VND/kg,Chợ Giá,https://chogia.vn/gia-ca-phe-dak-lak-hom-nay/,29.3,22.2,25.3,0.1,0.1,1.0,79,0.407,0.434,21.76,117000.0,117000.0,115500.0,116500.0,112000.0,113200.0,116528.57142857143,756.5586245486434,115157.14285714286,115903.33333333333,2942.3756919613243,7.585714285714286,13.57,24.785714285714285,24.363333333333333,82.71428571428571,87.5,0,6,10,4,-0.8660254037844386,0.5000000000000001,115000.0,1.0
2025-10-07,Đắk Lắk,Cà phê,115000.0,VND/kg,Chợ Giá,https://chogia.vn/gia-ca-phe-dak-lak-hom-nay/,28.5,21.9,24.4,1.7,1.7,5.0,85,0.381,0.426,16.66,117000.0,117000.0,117000.0,116000.0,114500.0,113200.0,116600.0,776.7453465141125,115514.28571428571,116030.0,2903.5234243696636,4.985714285714286,13.226666666666668,24.8,24.39,82.28571428571429,87.1,1,7,10,4,-0.8660254037844386,0.5000000000000001,114000.0,1.0
2025-10-08,Đắk Lắk,Cà phê,114000.0,VND/kg,Chợ Giá,https://chogia.vn/gia-ca-phe-dak-lak-hom-nay/,29.2,21.8,24.9,0.3,0.3,2.0,81,0.364,0.414,20.07,115000.0,117000.0,117000.0,116000.0,111500.0,113200.0,116457.14285714286,972.7232269193773,115550.0,116090.0,2861.3175166408546,4.857142857142857,12.200000000000001,24.800000000000004,24.423333333333336,82.28571428571429,86.76666666666667,2,8,10,4,-0.8660254037844386,0.5000000000000001,115000.0,1.0
2025-10-09,Đắk Lắk,Cà phê,115000.0,VND/kg,Chợ Giá,https://chogia.vn/gia-ca-phe-dak-lak-hom-nay/,27.8,21.7,24.0,4.1,4.1,9.0,86,0.366,0.407,17.54,114000.0,115000.0,117000.0,117700.0,114500.0,115500.0,116171.42857142857,1349.9559075684174,115728.57142857143,116116.66666666667,2837.0800109455963,4.8999999999999995,11.356666666666667,24.757142857142856,24.45,82.42857142857143,86.53333333333333,3,9,10,4,-0.8660254037844386,0.5000000000000001,114500.0,1.0
2025-10-10,Đắk Lắk,Cà phê,114500.0,VND/kg,Chợ Giá,https://chogia.vn/gia-ca-phe-dak-lak-hom-nay/,27.6,22.2,24.3,9.5,9.5,8.0,87,0.382,0.403,18.66,115000.0,114000.0,115000.0,115500.0,113000.0,114500.0,115785.71428571429,1219.8750911847826,115764.28571428571,116100.0,2842.2914505125054,5.385714285714286,11.396666666666667,24.599999999999998,24.433333333333334,83.42857142857143,86.46666666666667,4,10,10,4,-0.8660254037844386,0.5000000000000001,113800.0,1.0
2025-10-11,Đắk Lắk,Cà phê,113800.0,VND/kg,Chợ Giá,https://chogia.vn/gia-ca-phe-dak-lak-hom-nay/,28.0,21.5,24.0,4.1,4.1,8.0,89,0.415,0.399,14.64,114500.0,115000.0,114000.0,117000.0,115500.0,116800.0,115642.85714285714,1313.845682029778,115871.42857142857,116100.0,2842.2914505125054,5.957142857142857,11.576666666666666,24.414285714285715,24.423333333333332,84.85714285714286,86.4,5,11,10,4,-0.8660254037844386,0.5000000000000001,113800.0,1.0
2025-10-12,Đắk Lắk,Cà phê,113800.0,VND/kg,Chợ Giá,https://chogia.vn/gia-ca-phe-dak-lak-hom-nay/,28.4,21.6,24.2,20.3,20.3,10.0,88,0.436,0.4,16.68,113800.0,114500.0,115000.0,117000.0,115500.0,118200.0,115185.71428571429,1319.6319833295563,115750.0,116000.0,2869.4586777734803,3.3000000000000003,11.536666666666667,24.457142857142856,24.389999999999997,84.71428571428571,86.5,6,12,10,4,-0.8660254037844386,0.5000000000000001,113800.0,1.0
2025-10-13,Đắk Lắk,Cà phê,113800.0,VND/kg,Chợ Giá,https://chogia.vn/gia-ca-phe-dak-lak-hom-nay/,29.6,22.1,24.3,21.8,21.8,16.0,89,0.461,0.41,15.75,113800.0,113800.0,114500.0,117000.0,116500.0,120200.0,114728.57142857143,1126.5201369905733,115628.57142857143,115853.33333333333,2865.578515742717,5.728571428571428,12.183333333333334,24.442857142857143,24.35666666666667,85.0,86.73333333333333,0,13,10,4,-0.8660254037844386,0.5000000000000001,114500.0,1.0
2025-10-14,Đắk Lắk,Cà phê,114500.0,VND/kg,Chợ Giá,https://chogia.vn/gia-ca-phe-dak-lak-hom-nay/,29.4,22.4,24.3,15.5,15.5,13.0,88,0.464,0.415,18.7,113800.0,113800.0,113800.0,115000.0,116000.0,120200.0,114271.42857142857,555.9205150425528,115435.71428571429,115640.0,2767.3714654139353,8.828571428571427,12.76,24.3,24.316666666666666,86.42857142857143,86.93333333333334,1,14,10,4,-0.8660254037844386,0.5000000000000001,113800.0,1.0
2025-10-15,Đắk Lắk,Cà phê,113800.0,VND/kg,Chợ Giá,https://chogia.vn/gia-ca-phe-dak-lak-hom-nay/,29.3,21.3,25.1,0.1,0.1,1.0,81,0.441,0.417,21.2,114500.0,113800.0,113800.0,114000.0,116000.0,120000.0,114200.0,472.58156262266334,115328.57142857143,115450.0,2636.056354376599,10.799999999999999,12.573333333333332,24.285714285714285,24.326666666666668,86.85714285714286,86.83333333333333,2,15,10,4,-0.8660254037844386,0.5000000000000001,114500.0,1.0
2025-10-16,Đắk Lắk,Cà phê,114500.0,VND/kg,Chợ Giá,https://chogia.vn/gia-ca-phe-dak-lak-hom-nay/,27.7,23.1,24.5,0.3,0.3,3.0,85,0.41,0.417,12.52,113800.0,114500.0,113800.0,115000.0,117700.0,122700.0,114171.42857142857,492.3220007053242,115171.42857142857,115243.33333333333,2506.9122831489663,10.771428571428572,11.783333333333333,24.314285714285717,24.35666666666667,86.85714285714286,86.6,3,16,10,4,-0.8660254037844386,0.5000000000000001,115500.0,1.0
2025-10-17,Đắk Lắk,Cà phê,115500.0,VND/kg,Chợ Giá,https://chogia.vn/gia-ca-phe-dak-lak-hom-nay/,29.6,23.1,25.5,0.1,0.1,1.0,81,0.383,0.411,21.59,114500.0,113800.0,114500.0,114500.0,115500.0,121200.0,114100.0,374.1657386740943,114942.85714285714,114970.0,2075.8297053269957,10.228571428571428,11.563333333333334,24.38571428571429,24.380000000000003,86.71428571428571,86.46666666666667,4,17,10,4,-0.8660254037844386,0.5000000000000001,114500.0,1.0
2025-10-18,Đắk Lắk,Cà phê,114500.0,VND/kg,Chợ Giá,https://chogia.vn/gia-ca-phe-dak-lak-hom-nay/,28.2,22.7,25.1,4.0,4.0,4.0,82,0.365,0.405,20.14,115500.0,114500.0,113800.0,113800.0,117000.0,116500.0,114242.85714285714,645.1282633616586,114942.85714285714,114780.0,1715.5274648804798,8.885714285714284,11.056666666666667,24.557142857142857,24.44666666666667,85.85714285714286,86.1,5,18,10,4,-0.8660254037844386,0.5000000000000001,114500.0,1.0
2025-10-19,Đắk Lắk,Cà phê,114500.0,VND/kg,Chợ Giá,https://chogia.vn/gia-ca-phe-dak-lak-hom-nay/,29.7,22.0,24.5,5.8,5.8,6.0,85,0.327,0.394,18.57,114500.0,115500.0,114500.0,113800.0,117000.0,116500.0,114342.85714285714,618.7545093611138,114764.28571428571,114713.33333333333,1684.9707525005294,8.871428571428572,10.43,24.714285714285715,24.49,84.85714285714286,85.73333333333333,6,19,10,4,-0.8660254037844386,0.5000000000000001,114500.0,1.0
2025-10-20,Đắk Lắk,Cà phê,114500.0,VND/kg,Chợ Giá,https://chogia.vn/gia-ca-phe-dak-lak-hom-nay/,28.6,22.2,24.5,8.7,8.7,9.0,87,0.328,0.384,13.84,114500.0,114500.0,115500.0,113800.0,117000.0,111500.0,114442.85714285714,571.1308748334851,114585.71428571429,114646.66666666667,1651.0672271310768,6.799999999999999,9.936666666666667,24.75714285714286,24.496666666666666,84.42857142857143,85.56666666666666,0,20,10,4,-0.8660254037844386,0.5000000000000001,114500.0,1.0
2025-10-21,Đắk Lắk,Cà phê,114500.0,VND/kg,Chợ Giá,https://chogia.vn/gia-ca-phe-dak-lak-hom-nay/,28.4,22.7,24.9,6.2,6.2,9.0,84,0.304,0.372,13.01,114500.0,114500.0,114500.0,114500.0,115000.0,111500.0,114542.85714285714,496.1758520807709,114407.14285714286,114746.66666666667,1541.0997715098574,4.928571428571429,10.083333333333334,24.785714285714285,24.476666666666667,84.14285714285714,85.66666666666667,1,21,10,4,-0.8660254037844386,0.5000000000000001,115600.0,1.0
2025-10-22,Đắk Lắk,Cà phê,115600.0,VND/kg,Chợ Giá,https://chogia.vn/gia-ca-phe-dak-lak-hom-nay/,29.4,22.1,25.5,0.1,0.1,1.0,78,0.281,0.356,17.37,114500.0,114500.0,114500.0,113800.0,114000.0,112000.0,114542.85714285714,496.1758520807709,114371.42857142857,114846.66666666667,1415.3672201293743,3.599999999999999,9.926666666666668,24.87142857142857,24.493333333333336,83.57142857142857,85.46666666666667,2,22,10,4,-0.8660254037844386,0.5000000000000001,118500.0,1.0
2025-10-23,Đắk Lắk,Cà phê,118500.0,VND/kg,Chợ Giá,https://chogia.vn/gia-ca-phe-dak-lak-hom-nay/,30.6,22.3,25.6,0.4,0.4,2.0,73,0.254,0.35,22.15,115600.0,114500.0,114500.0,114500.0,115000.0,114500.0,114800.0,513.1601439423944,114485.71428571429,114966.66666666667,1314.7264913764996,3.599999999999999,8.433333333333334,24.928571428571427,24.566666666666666,83.14285714285714,84.93333333333334,3,23,10,4,-0.8660254037844386,0.5000000000000001,118500.0,1.0
2025-10-24,Đắk Lắk,Cà phê,118500.0,VND/kg,Chợ Giá,https://chogia.vn/gia-ca-phe-dak-lak-hom-nay/,26.8,22.7,24.3,1.2,1.2,4.0,84,0.243,0.34,10.52,118500.0,115600.0,114500.0,115500.0,114500.0,111500.0,115371.42857142857,1465.9630346790354,114735.71428571429,115100.0,1460.5147887908076,3.614285714285714,7.61,25.085714285714285,24.633333333333333,81.42857142857143,84.36666666666666,4,24,10,4,-0.8660254037844386,0.5000000000000001,116500.0,1.0
2025-10-25,Đắk Lắk,Cà phê,116500.0,VND/kg,Chợ Giá,https://chogia.vn/gia-ca-phe-dak-lak-hom-nay/,24.6,21.6,23.1,5.0,5.0,17.0,92,0.321,0.336,5.97,118500.0,118500.0,115600.0,114500.0,113800.0,114500.0,115800.0,1887.6793513017922,115021.42857142857,115333.33333333333,1424.2562083864534,3.771428571428571,7.583333333333333,24.914285714285715,24.62,81.85714285714286,84.4,5,25,10,4,-0.8660254037844386,0.5000000000000001,116500.0,1.0
2025-10-26,Đắk Lắk,Cà phê,116500.0,VND/kg,Chợ Giá,https://chogia.vn/gia-ca-phe-dak-lak-hom-nay/,28.9,21.6,23.7,10.2,10.2,11.0,89,0.38,0.335,12.6,116500.0,118500.0,118500.0,114500.0,113800.0,113000.0,116085.71428571429,1807.7873874139923,115214.28571428571,115400.0,1430.6979246944802,3.914285714285714,6.896666666666666,24.62857142857143,24.573333333333334,83.28571428571429,84.53333333333333,6,26,10,4,-0.8660254037844386,0.5000000000000001,117000.0,1.0
2025-10-27,Đắk Lắk,Cà phê,117000.0,VND/kg,Chợ Giá,https://chogia.vn/gia-ca-phe-dak-lak-hom-nay/,25.9,21.8,22.9,56.3,56.3,24.0,95,0.505,0.437,10.9,116500.0,116500.0,118500.0,114500.0,113800.0,115500.0,116371.42857142857,1668.0470474116942,115407.14285714286,115516.66666666667,1369.642121223971,4.542857142857143,6.876666666666667,24.514285714285712,24.58,83.85714285714286,84.36666666666666,0,27,10,4,-0.8660254037844386,0.5000000000000001,115700.0,1.0
2025-10-28,Đắk Lắk,Cà phê,115700.0,VND/kg,Chợ Giá,https://chogia.vn/gia-ca-phe-dak-lak-hom-nay/,27.9,22.6,24.1,10.8,10.8,16.0,89,0.493,0.445,14.93,117000.0,116500.0,116500.0,114500.0,114500.0,115500.0,116728.57142857143,1454.5495129806582,115635.71428571429,115566.66666666667,1396.1358824626952,11.342857142857142,7.776666666666666,24.285714285714285,24.56,85.0,84.46666666666667,1,28,10,4,-0.8660254037844386,0.5000000000000001,115800.0,1.0
2025-10-29,Đắk Lắk,Cà phê,115800.0,VND/kg,Chợ Giá,https://chogia.vn/gia-ca-phe-dak-lak-hom-nay/,27.3,21.9,23.8,17.9,17.9,12.0,91,0.487,0.464,12.45,115700.0,117000.0,116500.0,115600.0,113800.0,116500.0,116900.0,1195.8260743093106,115721.42857142857,115573.33333333333,1396.284066872977,11.999999999999998,7.989999999999999,24.17142857142857,24.55,85.71428571428571,84.53333333333333,2,29,10,4,-0.8660254037844386,0.5000000000000001,116500.0,1.0
2025-10-30,Đắk Lắk,Cà phê,116500.0,VND/kg,Chợ Giá,https://chogia.vn/gia-ca-phe-dak-lak-hom-nay/,28.5,22.4,24.5,16.9,16.9,12.0,89,0.498,0.505,14.77,115800.0,115700.0,117000.0,118500.0,114500.0,116000.0,116928.57142857143,1161.4850920462313,115864.28571428571,115550.0,1386.0760789194633,14.542857142857143,7.9766666666666675,23.928571428571427,24.503333333333334,87.57142857142857,84.83333333333333,3,30,10,4,-0.8660254037844386,0.5000000000000001,118000.0,1.0
2025-10-31,Đắk Lắk,Cà phê,118000.0,VND/kg,Chợ Giá,https://chogia.vn/gia-ca-phe-dak-lak-hom-nay/,28.9,22.4,24.4,20.4,20.4,13.0,90,0.498,0.503,16.91,116500.0,115800.0,115700.0,118500.0,115500.0,116000.0,116642.85714285714,934.2682392413435,116007.14285714286,115566.66666666667,1394.6531723928376,16.9,8.453333333333333,23.771428571428572,24.506666666666668,89.85714285714286,84.96666666666667,4,31,10,4,-0.8660254037844386,0.5000000000000001,116800.0,1.0
2025-11-01,Đắk Lắk,Cà phê,116800.0,VND/kg,Chợ Giá,https://chogia.vn/gia-ca-phe-dak-lak-hom-nay/,28.5,22.2,23.9,21.1,21.1,17.0,91,0.495,0.502,14.8,118000.0,116500.0,115800.0,116500.0,114500.0,117700.0,116571.42857142857,773.9816658329726,116185.71428571429,115633.33333333333,1462.2451639657768,19.64285714285714,9.133333333333333,23.785714285714285,24.48,90.71428571428571,85.3,5,1,11,4,-0.5000000000000004,0.8660254037844384,116800.0,1.0
2025-11-02,Đắk Lắk,Cà phê,116800.0,VND/kg,Chợ Giá,https://chogia.vn/gia-ca-phe-dak-lak-hom-nay/,25.7,21.7,23.2,11.5,11.5,8.0,93,0.497,0.504,10.67,116800.0,118000.0,116500.0,116500.0,114500.0,115500.0,116614.28571428571,777.6643908267084,116350.0,115603.33333333333,1427.1948211342142,21.942857142857143,9.813333333333334,23.900000000000002,24.44,90.57142857142857,85.7,6,2,11,4,-0.5000000000000004,0.8660254037844384,117000.0,1.0
2025-11-03,Đắk Lắk,Cà phê,117000.0,VND/kg,Chợ Giá,https://chogia.vn/gia-ca-phe-dak-lak-hom-nay/,28.5,21.5,24.0,17.7,17.7,15.0,90,0.492,0.501,15.33,116800.0,116800.0,118000.0,117000.0,114500.0,117000.0,116657.14285714286,778.5823502934377,116514.28571428571,115646.66666666667,1443.5906701657445,22.12857142857143,10.013333333333334,23.82857142857143,24.360000000000003,91.14285714285714,86.23333333333333,0,3,11,4,-0.5000000000000004,0.8660254037844384,119000.0,1.0
2025-11-04,Đắk Lắk,Cà phê,119000.0,VND/kg,Chợ Giá,https://chogia.vn/gia-ca-phe-dak-lak-hom-nay/,29.7,22.4,24.5,9.9,9.9,11.0,89,0.492,0.499,16.37,117000.0,116800.0,116800.0,115700.0,114500.0,117000.0,116657.14285714286,778.5823502934377,116692.85714285714,115646.66666666667,1443.5906701657445,16.61428571428571,9.846666666666666,23.985714285714288,24.37,90.42857142857143,86.23333333333333,1,4,11,4,-0.5000000000000004,0.8660254037844384,118700.0,1.0
2025-11-05,Đắk Lắk,Cà phê,118700.0,VND/kg,Chợ Giá,https://chogia.vn/gia-ca-phe-dak-lak-hom-nay/,28.7,22.4,24.4,3.5,3.5,6.0,87,0.474,0.486,17.19,119000.0,117000.0,116800.0,115800.0,115600.0,117000.0,117128.57142857143,1053.1132982949453,117014.28571428571,115713.33333333333,1550.4689687283696,16.485714285714284,10.066666666666666,24.042857142857144,24.37666666666667,90.42857142857143,86.33333333333333,2,5,11,4,-0.5000000000000004,0.8660254037844384,119000.0,1.0
2025-11-06,Đắk Lắk,Cà phê,119000.0,VND/kg,Chợ Giá,https://chogia.vn/gia-ca-phe-dak-lak-hom-nay/,23.9,21.9,22.6,99.7,99.7,16.0,93,0.488,0.494,3.06,118700.0,119000.0,117000.0,116500.0,118500.0,115000.0,117542.85714285714,1013.0106002350448,117235.71428571429,115770.0,1628.2315348363752,14.428571428571429,10.18,24.12857142857143,24.346666666666668,89.85714285714286,86.6,3,6,11,4,-0.5000000000000004,0.8660254037844384,116800.0,1.0
2025-11-07,Đắk Lắk,Cà phê,116800.0,VND/kg,Chợ Giá,https://chogia.vn/gia-ca-phe-dak-lak-hom-nay/,29.5,21.7,24.5,36.2,36.2,14.0,86,0.499,0.508,17.04,119000.0,118700.0,119000.0,118000.0,118500.0,114000.0,117900.0,1024.695076595051,117271.42857142857,115903.33333333333,1723.9656235741957,26.25714285714286,13.446666666666665,23.857142857142858,24.28666666666667,90.42857142857143,86.86666666666666,4,7,11,4,-0.5000000000000004,0.8660254037844384,119500.0,1.0
2025-11-08,Đắk Lắk,Cà phê,119500.0,VND/kg,Chợ Giá,https://chogia.vn/gia-ca-phe-dak-lak-hom-nay/,30.3,21.4,24.7,3.0,3.0,4.0,86,0.473,0.491,17.87,116800.0,119000.0,118700.0,116800.0,116500.0,115000.0,117728.57142857143,1102.594343225287,117150.0,115996.66666666667,1692.882327485843,28.514285714285712,14.643333333333334,23.87142857142857,24.273333333333333,89.85714285714286,87.03333333333333,5,8,11,4,-0.5000000000000004,0.8660254037844384,119500.0,1.0
2025-11-09,Đắk Lắk,Cà phê,119500.0,VND/kg,Chợ Giá,https://chogia.vn/gia-ca-phe-dak-lak-hom-nay/,30.2,22.0,25.3,1.1,1.1,6.0,82,0.442,0.477,20.06,119500.0,116800.0,119000.0,116800.0,116500.0,114500.0,118114.28571428571,1192.2367933538767,117364.28571428571,116146.66666666667,1797.6485279070457,25.928571428571427,14.606666666666666,23.985714285714284,24.296666666666667,89.14285714285714,87.03333333333333,6,9,11,4,-0.5000000000000004,0.8660254037844384,119600.0,1.0
2025-11-10,Đắk Lắk,Cà phê,119600.0,VND/kg,Chợ Giá,https://chogia.vn/gia-ca-phe-dak-lak-hom-nay/,29.4,21.6,25.4,0.4,0.4,4.0,80,0.413,0.463,20.61,119500.0,119500.0,116800.0,117000.0,117000.0,113800.0,118500.0,1131.3708498976816,117578.57142857143,116313.33333333333,1870.0421041425127,24.442857142857143,14.326666666666664,24.285714285714285,24.330000000000002,87.57142857142857,86.86666666666666,0,10,11,4,-0.5000000000000004,0.8660254037844384,119000.0,1.0
2025-11-11,Đắk Lắk,Cà phê,119000.0,VND/kg,Chợ Giá,https://chogia.vn/gia-ca-phe-dak-lak-hom-nay/,29.5,21.8,24.7,2.8,2.8,7.0,85,0.398,0.45,17.79,119600.0,119500.0,119500.0,119000.0,115700.0,113800.0,118871.42857142857,972.478424291526,117764.28571428571,116506.66666666667,1900.8044274111544,21.97142857142857,14.203333333333335,24.485714285714288,24.37666666666667,86.14285714285714,86.56666666666666,1,11,11,4,-0.5000000000000004,0.8660254037844384,118500.0,1.0
2025-11-12,Đắk Lắk,Cà phê,118500.0,VND/kg,Chợ Giá,https://chogia.vn/gia-ca-phe-dak-lak-hom-nay/,29.2,22.5,25.1,0.6,0.6,4.0,80,0.375,0.435,19.88,119000.0,119600.0,119500.0,118700.0,115800.0,113800.0,118871.42857142857,972.478424291526,118000.0,116680.0,1882.4781905596126,20.95714285714286,13.620000000000001,24.514285714285712,24.39333333333333,85.57142857142857,86.46666666666667,2,12,11,4,-0.5000000000000004,0.8660254037844384,113500.0,1.0
2025-11-13,Đắk Lắk,Cà phê,113500.0,VND/kg,Chợ Giá,https://chogia.vn/gia-ca-phe-dak-lak-hom-nay/,28.1,21.2,24.0,0.0,0.0,0.0,78,0.34,0.419,20.33,118500.0,119000.0,119600.0,119000.0,116500.0,114500.0,118842.85714285714,981.2528434890687,118192.85714285714,116836.66666666667,1829.355140448865,20.542857142857144,12.913333333333332,24.61428571428571,24.42,84.57142857142857,86.16666666666667,3,13,11,4,-0.5000000000000004,0.8660254037844384,113000.0,1.0
2025-11-14,Đắk Lắk,Cà phê,113000.0,VND/kg,Chợ Giá,https://chogia.vn/gia-ca-phe-dak-lak-hom-nay/,26.1,18.3,22.0,0.0,0.0,0.0,76,0.325,0.412,19.62,113500.0,118500.0,119000.0,116800.0,118000.0,113800.0,118057.14285714286,2235.2159797631653,117978.57142857143,116803.33333333333,1881.7606087139147,6.3,12.396666666666667,24.814285714285713,24.41,82.42857142857143,85.83333333333333,4,14,11,4,-0.5000000000000004,0.8660254037844384,113000.0,1.0
2025-11-15,Đắk Lắk,Cà phê,113000.0,VND/kg,Chợ Giá,https://chogia.vn/gia-ca-phe-dak-lak-hom-nay/,26.9,17.9,22.4,0.0,0.0,0.0,78,0.309,0.403,16.09,113000.0,113500.0,118500.0,119500.0,116800.0,114500.0,117514.28571428571,2941.3310883725117,117621.42857142857,116776.66666666667,1930.8178244635028,1.1285714285714286,12.393333333333334,24.457142857142856,24.306666666666665,81.0,85.66666666666667,5,15,11,4,-0.5000000000000004,0.8660254037844384,113000.0,1.0
2025-11-16,Đắk Lắk,Cà phê,113000.0,VND/kg,Chợ Giá,https://chogia.vn/gia-ca-phe-dak-lak-hom-nay/,24.7,21.1,22.6,13.1,13.1,19.0,93,0.379,0.406,6.57,113000.0,113000.0,113500.0,119500.0,116800.0,115500.0,116585.71428571429,3222.5396669024594,117350.0,116726.66666666667,2009.6205394664096,0.7,12.383333333333333,24.12857142857143,24.236666666666665,79.85714285714286,85.43333333333334,6,16,11,4,-0.5000000000000004,0.8660254037844384,113000.0,1.0
2025-11-17,Đắk Lắk,Cà phê,113000.0,VND/kg,Chợ Giá,https://chogia.vn/gia-ca-phe-dak-lak-hom-nay/,26.0,21.6,23.3,3.3,3.3,8.0,88,0.467,0.441,9.48,113000.0,113000.0,113000.0,119600.0,117000.0,114500.0,115657.14285714286,3179.0235098514495,117078.57142857143,116643.33333333333,2111.4929076016633,2.414285714285714,12.816666666666666,23.74285714285714,24.139999999999997,81.42857142857143,85.83333333333333,0,17,11,4,-0.5000000000000004,0.8660254037844384,113700.0,1.0
2025-11-18,Đắk Lắk,Cà phê,113700.0,VND/kg,Chợ Giá,https://chogia.vn/gia-ca-phe-dak-lak-hom-nay/,26.0,21.8,23.3,8.5,8.5,15.0,89,0.449,0.44,11.73,113000.0,113000.0,113000.0,119000.0,119000.0,114500.0,114714.28571428571,2766.7240384179067,116792.85714285714,116593.33333333333,2180.625239875743,2.8285714285714287,12.793333333333333,23.442857142857143,24.080000000000002,82.57142857142857,86.03333333333333,1,18,11,4,-0.5000000000000004,0.8660254037844384,114700.0,1.0
2025-11-19,Đắk Lắk,Cà phê,114700.0,VND/kg,Chợ Giá,https://chogia.vn/gia-ca-phe-dak-lak-hom-nay/,25.1,20.4,21.9,98.3,98.3,22.0,94,0.51,0.504,5.91,113700.0,113000.0,113000.0,118500.0,118700.0,114500.0,113957.14285714286,2023.9047596633413,116414.28571428571,116566.66666666667,2211.7762144914273,3.642857142857143,12.883333333333333,23.24285714285714,24.040000000000003,83.14285714285714,86.16666666666667,2,19,11,4,-0.5000000000000004,0.8660254037844384,113500.0,1.0
2025-11-20,Đắk Lắk,Cà phê,113500.0,VND/kg,Chợ Giá,https://chogia.vn/gia-ca-phe-dak-lak-hom-nay/,24.2,19.4,21.6,13.7,13.7,20.0,86,0.504,0.51,6.92,114700.0,113700.0,113000.0,113500.0,119000.0,114500.0,113414.28571428571,636.2090102782746,116128.57142857143,116573.33333333333,2205.6249928754723,17.599999999999998,15.87,22.785714285714285,23.953333333333333,85.14285714285714,86.4,3,20,11,4,-0.5000000000000004,0.8660254037844384,114700.0,1.0
2025-11-21,Đắk Lắk,Cà phê,114700.0,VND/kg,Chợ Giá,https://chogia.vn/gia-ca-phe-dak-lak-hom-nay/,24.0,20.3,21.7,1.2,1.2,5.0,84,0.495,0.499,6.0,113500.0,114700.0,113700.0,113000.0,116800.0,115600.0,113414.28571428571,636.2090102782746,115735.71428571429,116540.0,2245.24017607858,19.557142857142857,16.119999999999997,22.442857142857147,23.84333333333333,86.28571428571429,86.46666666666667,4,21,11,4,-0.5000000000000004,0.8660254037844384,112500.0,1.0
2025-11-22,Đắk Lắk,Cà phê,112500.0,VND/kg,Chợ Giá,https://chogia.vn/gia-ca-phe-dak-lak-hom-nay/,24.4,19.8,22.0,4.1,4.1,11.0,86,0.484,0.491,6.82,114700.0,113500.0,114700.0,113000.0,119500.0,118500.0,113657.14285714286,763.4508123347199,115585.71428571429,116510.0,2264.1661325670357,19.728571428571428,16.156666666666666,22.400000000000002,23.716666666666665,87.42857142857143,86.66666666666667,5,22,11,4,-0.5000000000000004,0.8660254037844384,112500.0,1.0
2025-11-23,Đắk Lắk,Cà phê,112500.0,VND/kg,Chợ Giá,https://chogia.vn/gia-ca-phe-dak-lak-hom-nay/,26.6,21.8,23.5,0.4,0.4,3.0,84,0.471,0.484,12.59,112500.0,114700.0,113500.0,113000.0,119500.0,118500.0,113585.71428571429,853.2849688659869,115085.71428571429,116310.0,2345.8473948663886,20.314285714285713,16.279999999999998,22.342857142857145,23.59666666666667,88.57142857142857,87.1,6,23,11,4,-0.5000000000000004,0.8660254037844384,112000.0,1.0
2025-11-24,Đắk Lắk,Cà phê,112000.0,VND/kg,Chợ Giá,https://chogia.vn/gia-ca-phe-dak-lak-hom-nay/,27.6,22.1,23.9,0.0,0.0,0.0,81,0.446,0.475,18.51,112500.0,112500.0,114700.0,113000.0,119600.0,116500.0,113514.28571428571,928.131764043205,114585.71428571429,116110.0,2407.653028044037,18.5,16.253333333333334,22.47142857142857,23.57,87.28571428571429,87.1,0,24,11,4,-0.5000000000000004,0.8660254037844384,111000.0,1.0
2025-11-25,Đắk Lắk,Cà phê,111000.0,VND/kg,Chợ Giá,https://chogia.vn/gia-ca-phe-dak-lak-hom-nay/,26.3,19.5,22.5,0.0,0.0,0.0,77,0.424,0.463,17.1,112000.0,112500.0,112500.0,113700.0,119000.0,116500.0,113371.42857142857,1084.3035948071206,114042.85714285714,115960.0,2520.0711538944574,18.028571428571432,16.086666666666666,22.557142857142857,23.596666666666668,86.28571428571429,86.73333333333333,1,25,11,4,-0.5000000000000004,0.8660254037844384,112000.0,1.0
2025-11-26,Đắk Lắk,Cà phê,112000.0,VND/kg,Chợ Giá,https://chogia.vn/gia-ca-phe-dak-lak-hom-nay/,25.4,17.8,21.1,0.0,0.0,0.0,78,0.407,0.452,14.8,111000.0,112000.0,112500.0,114700.0,118500.0,117000.0,112985.71428571429,1386.156041514042,113471.42857142857,115776.66666666667,2674.7456641365566,16.814285714285717,15.746666666666668,22.442857142857147,23.55666666666667,84.57142857142857,86.33333333333333,2,26,11,4,-0.5000000000000004,0.8660254037844384,111500.0,1.0
2025-11-27,Đắk Lắk,Cà phê,111500.0,VND/kg,Chợ Giá,https://chogia.vn/gia-ca-phe-dak-lak-hom-nay/,25.4,16.8,20.4,0.0,0.0,0.0,76,0.389,0.44,16.65,112000.0,111000.0,112000.0,113500.0,113500.0,115700.0,112600.0,1191.6375287801495,113007.14285714286,115610.0,2750.5924126796403,2.7714285714285714,13.870000000000001,22.32857142857143,23.49666666666667,82.28571428571429,85.76666666666667,3,27,11,4,-0.5000000000000004,0.8660254037844384,112000.0,1.0
2025-11-28,Đắk Lắk,Cà phê,112000.0,VND/kg,Chợ Giá,https://chogia.vn/gia-ca-phe-dak-lak-hom-nay/,23.3,16.4,19.7,0.0,0.0,0.0,75,0.367,0.426,14.41,111500.0,112000.0,111000.0,114700.0,113000.0,115800.0,112314.28571428571,1179.588305904141,112864.28571428571,115470.0,2850.9103204368794,0.8142857142857143,13.51,22.157142857142855,23.373333333333335,80.85714285714286,85.33333333333333,4,28,11,4,-0.5000000000000004,0.8660254037844384,112300.0,1.0
2025-11-29,Đắk Lắk,Cà phê,112300.0,VND/kg,Chợ Giá,https://chogia.vn/gia-ca-phe-dak-lak-hom-nay/,27.6,19.0,23.0,0.2,0.2,2.0,76,0.357,0.417,14.29,112000.0,111500.0,112000.0,112500.0,113000.0,116500.0,111928.57142857143,534.5224838222183,112792.85714285714,115343.33333333333,2919.339005645987,0.6428571428571429,12.913333333333334,21.87142857142857,23.236666666666665,79.57142857142857,84.8,5,29,11,4,-0.5000000000000004,0.8660254037844384,112300.0,1.0
2025-11-30,Đắk Lắk,Cà phê,112300.0,VND/kg,Chợ Giá,https://chogia.vn/gia-ca-phe-dak-lak-hom-nay/,27.8,20.5,24.3,0.4,0.4,4.0,81,0.336,0.398,16.15,112300.0,112000.0,111500.0,112500.0,113000.0,118000.0,111900.0,503.32229568192014,112742.85714285714,115203.33333333333,2962.348012494046,0.08571428571428573,12.356666666666666,22.014285714285712,23.186666666666664,78.14285714285714,84.36666666666666,6,30,11,4,-0.5000000000000004,0.8660254037844384,111000.0,1.0
2025-12-01,Đắk Lắk,Cà phê,111000.0,VND/kg,Chợ Giá,https://chogia.vn/gia-ca-phe-dak-lak-hom-nay/,28.9,22.1,24.7,3.1,3.1,11.0,83,0.326,0.393,15.98,112300.0,112300.0,112000.0,112000.0,113000.0,116800.0,111871.42857142857,468.02523334196457,112692.85714285714,115013.33333333333,2959.582138880846,0.08571428571428573,11.69,22.12857142857143,23.183333333333334,77.71428571428571,84.06666666666666,0,1,12,4,-2.4492935982947064e-16,1.0,107000.0,1.0
2025-12-02,Đắk Lắk,Cà phê,107000.0,VND/kg,Chợ Giá,https://chogia.vn/gia-ca-phe-dak-lak-hom-nay/,28.2,21.0,24.7,1.2,1.2,9.0,83,0.326,0.386,17.9,111000.0,112300.0,112300.0,111000.0,113700.0,116800.0,111728.57142857143,564.843003891151,112550.0,114820.0,3027.506086442951,0.5285714285714286,11.09,22.24285714285714,23.209999999999997,78.0,83.8,1,2,12,4,-2.4492935982947064e-16,1.0,105500.0,1.0
2025-12-03,Đắk Lắk,Cà phê,105500.0,VND/kg,Chợ Giá,https://chogia.vn/gia-ca-phe-dak-lak-hom-nay/,25.1,22.1,23.2,18.7,18.7,11.0,91,0.375,0.382,6.99,107000.0,111000.0,112300.0,112000.0,114700.0,117000.0,111157.14285714286,1891.0818269412762,112071.42857142857,114493.33333333333,3320.9817133237266,0.7000000000000001,10.746666666666666,22.557142857142853,23.259999999999998,78.85714285714286,83.46666666666667,2,3,12,4,-2.4492935982947064e-16,1.0,103600.0,1.0
2025-12-04,Đắk Lắk,Cà phê,103600.0,VND/kg,Chợ Giá,https://chogia.vn/gia-ca-phe-dak-lak-hom-nay/,27.0,21.5,23.6,2.3,2.3,1.0,82,0.386,0.384,17.07,105500.0,107000.0,111000.0,111500.0,113500.0,119000.0,110228.57142857143,2790.2892835172565,111414.28571428571,114110.0,3667.3160344524827,3.3714285714285714,10.78,22.857142857142858,23.233333333333334,80.71428571428571,83.5,3,4,12,4,-2.4492935982947064e-16,1.0,104000.0,1.0
2025-12-05,Đắk Lắk,Cà phê,104000.0,VND/kg,Chợ Giá,https://chogia.vn/gia-ca-phe-dak-lak-hom-nay/,26.7,20.3,22.9,0.0,0.0,0.0,80,0.35,0.38,16.97,103600.0,105500.0,107000.0,112000.0,114700.0,118700.0,109100.0,3654.2213032779146,110707.14285714286,113596.66666666667,4020.0774853858366,3.6999999999999997,10.526666666666667,23.314285714285713,23.20333333333333,81.57142857142857,83.26666666666667,4,5,12,4,-2.4492935982947064e-16,1.0,103000.0,1.0
2025-12-06,Đắk Lắk,Cà phê,103000.0,VND/kg,Chợ Giá,https://chogia.vn/gia-ca-phe-dak-lak-hom-nay/,25.6,19.1,21.9,0.0,0.0,0.0,78,0.323,0.376,16.38,104000.0,103600.0,105500.0,112300.0,112500.0,119000.0,107957.14285714286,3842.246366756535,109942.85714285714,113106.66666666667,4265.008657737389,3.6999999999999997,10.41,23.771428571428572,23.153333333333332,82.28571428571429,83.03333333333333,5,6,12,4,-2.4492935982947064e-16,1.0,103000.0,1.0
2025-12-07,Đắk Lắk,Cà phê,103000.0,VND/kg,Chợ Giá,https://chogia.vn/gia-ca-phe-dak-lak-hom-nay/,26.6,17.3,21.1,0.0,0.0,0.0,74,0.298,0.372,19.66,103000.0,104000.0,103600.0,112300.0,112500.0,116800.0,106628.57142857143,3695.363890838186,109264.28571428571,112573.33333333333,4496.737003446043,3.6714285714285713,7.086666666666667,23.614285714285717,23.13,82.57142857142857,82.53333333333333,6,7,12,4,-2.4492935982947064e-16,1.0,103200.0,1.0
2025-12-08,Đắk Lắk,Cà phê,103200.0,VND/kg,Chợ Giá,https://chogia.vn/gia-ca-phe-dak-lak-hom-nay/,25.7,16.2,20.6,0.0,0.0,0.0,79,0.28,0.368,14.36,103000.0,103000.0,104000.0,111000.0,112000.0,119500.0,105300.0,2903.4462281909473,108585.71428571429,112113.33333333333,4748.265260966951,3.614285714285714,5.879999999999999,23.157142857142855,23.016666666666666,81.57142857142857,82.13333333333334,0,8,12,4,-2.4492935982947064e-16,1.0,101100.0,1.0
2025-12-09,Đắk Lắk,Cà phê,101100.0,VND/kg,Chợ Giá,https://chogia.vn/gia-ca-phe-dak-lak-hom-nay/,25.7,18.5,21.6,0.1,0.1,1.0,80,0.275,0.368,13.9,103200.0,103000.0,103000.0,107000.0,111000.0,119500.0,104185.71428571429,1517.0460017496569,107957.14285714286,111570.0,4806.113204860101,3.1714285714285713,5.779999999999999,22.571428571428573,22.88,81.0,81.9,1,9,12,4,-2.4492935982947064e-16,1.0,101300.0,1.0
2025-12-10,Đắk Lắk,Cà phê,101300.0,VND/kg,Chợ Giá,https://chogia.vn/gia-ca-phe-dak-lak-hom-nay/,26.0,19.9,22.4,5.2,5.2,11.0,88,0.293,0.37,9.82,101100.0,103200.0,103000.0,105500.0,112000.0,119600.0,103342.85714285714,1318.9100839404177,107250.0,110956.66666666667,4931.648904731521,3.014285714285714,5.746666666666666,22.12857142857143,22.756666666666664,80.57142857142857,81.83333333333333,2,10,12,4,-2.4492935982947064e-16,1.0,101800.0,1.0
2025-12-11,Đắk Lắk,Cà phê,101800.0,VND/kg,Chợ Giá,https://chogia.vn/gia-ca-phe-dak-lak-hom-nay/,28.0,21.8,23.9,0.0,0.0,0.0,80,0.291,0.376,15.94,101300.0,101100.0,103200.0,103600.0,111500.0,119000.0,102742.85714285714,1113.339036196802,106485.71428571429,110346.66666666667,4957.38622269021,1.0857142857142856,5.906666666666666,22.014285714285712,22.656666666666663,80.14285714285714,82.1,3,11,12,4,-2.4492935982947064e-16,1.0,101000.0,1.0
2025-12-12,Đắk Lắk,Cà phê,101000.0,VND/kg,Chợ Giá,https://chogia.vn/gia-ca-phe-dak-lak-hom-nay/,27.2,21.1,23.6,0.0,0.0,0.0,78,0.272,0.369,14.9,101800.0,101300.0,101100.0,104000.0,112000.0,118500.0,102485.71428571429,1089.9978156358889,105792.85714285714,109773.33333333333,4916.54022825919,0.7571428571428571,5.8133333333333335,22.057142857142857,22.630000000000003,79.85714285714286,81.93333333333334,4,12,12,4,-2.4492935982947064e-16,1.0,99200.0,1.0
2025-12-13,Đắk Lắk,Cà phê,99200.0,VND/kg,Chợ Giá,https://chogia.vn/gia-ca-phe-dak-lak-hom-nay/,27.6,20.4,23.2,0.0,0.0,0.0,78,0.253,0.363,16.8,101000.0,101800.0,101300.0,103000.0,112300.0,113500.0,102057.14285714286,979.5528620342625,105007.14285714286,109190.0,4883.4943679068665,0.7571428571428571,5.793333333333334,22.157142857142855,22.58,79.57142857142857,81.86666666666666,5,13,12,4,-2.4492935982947064e-16,1.0,99200.0,1.0
2025-12-14,Đắk Lắk,Cà phê,99200.0,VND/kg,Chợ Giá,https://chogia.vn/gia-ca-phe-dak-lak-hom-nay/,26.6,20.7,22.8,0.0,0.0,0.0,79,0.241,0.361,15.04,99200.0,101000.0,101800.0,103000.0,112300.0,113000.0,101514.28571428571,1352.0707222963097,104071.42857142857,108713.33333333333,5139.484298115261,0.7571428571428571,5.793333333333334,22.342857142857138,22.553333333333335,79.57142857142857,81.86666666666666,6,14,12,4,-2.4492935982947064e-16,1.0,97300.0,1.0
2025-12-15,Đắk Lắk,Cà phê,97300.0,VND/kg,Chợ Giá,https://chogia.vn/gia-ca-phe-dak-lak-hom-nay/,26.1,20.6,22.7,0.0,0.0,0.0,79,0.232,0.358,13.53,99200.0,99200.0,101000.0,103200.0,111000.0,113000.0,100971.42857142857,1417.4087692134435,103135.71428571429,108253.33333333333,5355.611516217557,0.7571428571428571,5.793333333333334,22.585714285714285,22.58,80.28571428571429,81.96666666666667,0,15,12,4,-2.4492935982947064e-16,1.0,95300.0,1.0
2025-12-16,Đắk Lắk,Cà phê,95300.0,VND/kg,Chợ Giá,https://chogia.vn/gia-ca-phe-dak-lak-hom-nay/,26.9,20.5,22.9,0.0,0.0,0.0,79,0.224,0.357,13.98,97300.0,99200.0,99200.0,101100.0,107000.0,113000.0,100128.57142857143,1612.1562018126665,102157.14285714286,107730.0,5635.549111941242,0.7571428571428571,5.793333333333334,22.885714285714283,22.59,80.28571428571429,82.0,1,16,12,4,-2.4492935982947064e-16,1.0,93300.0,1.0
2025-12-17,Đắk Lắk,Cà phê,93300.0,VND/kg,Chợ Giá,https://chogia.vn/gia-ca-phe-dak-lak-hom-nay/,27.3,20.5,22.9,0.7,0.7,4.0,81,0.221,0.358,14.88,95300.0,97300.0,99200.0,101300.0,105500.0,113000.0,99300.0,2350.8863576663916,101321.42857142857,107140.0,5980.750731333224,0.7428571428571429,5.3566666666666665,23.071428571428573,22.6,80.14285714285714,81.53333333333333,2,17,12,4,-2.4492935982947064e-16,1.0,89800.0,1.0
2025-12-18,Đắk Lắk,Cà phê,89800.0,VND/kg,Chợ Giá,https://chogia.vn/gia-ca-phe-dak-lak-hom-nay/,26.3,19.7,22.4,0.0,0.0,0.0,79,0.22,0.356,13.69,93300.0,95300.0,97300.0,101800.0,103600.0,113700.0,98157.14285714286,3055.5180372868967,100450.0,106483.33333333333,6383.118000029195,0.09999999999999999,5.27,23.142857142857142,22.586666666666662,79.14285714285714,81.3,3,18,12,4,-2.4492935982947064e-16,1.0,89300.0,1.0
2025-12-19,Đắk Lắk,Cà phê,89300.0,VND/kg,Chợ Giá,https://chogia.vn/gia-ca-phe-dak-lak-hom-nay/,27.5,19.5,22.9,0.1,0.1,1.0,81,0.215,0.354,13.94,89800.0,93300.0,95300.0,101000.0,104000.0,114700.0,96442.85714285714,3916.1448487237135,99464.28571428571,105686.66666666667,6920.221908607078,0.09999999999999999,4.986666666666666,22.928571428571427,22.55666666666667,79.0,80.96666666666667,4,19,12,4,-2.4492935982947064e-16,1.0,90300.0,1.0
2025-12-20,Đắk Lắk,Cà phê,90300.0,VND/kg,Chợ Giá,https://chogia.vn/gia-ca-phe-dak-lak-hom-nay/,27.9,20.3,23.3,1.2,1.2,5.0,80,0.216,0.353,16.62,89300.0,89800.0,93300.0,99200.0,103000.0,113500.0,94771.42857142857,4137.517083836894,98414.28571428571,104840.0,7321.607134672008,0.11428571428571428,1.7133333333333334,22.828571428571426,22.59,79.42857142857143,80.53333333333333,5,20,12,4,-2.4492935982947064e-16,1.0,90300.0,1.0
2025-12-21,Đắk Lắk,Cà phê,90300.0,VND/kg,Chợ Giá,https://chogia.vn/gia-ca-phe-dak-lak-hom-nay/,27.9,21.4,23.8,0.4,0.4,4.0,80,0.217,0.354,17.69,90300.0,89300.0,89800.0,99200.0,103000.0,114700.0,93500.0,3911.0953282502596,97507.14285714286,104066.66666666667,7595.476572790751,0.2857142857142857,1.2966666666666669,22.842857142857145,22.646666666666665,79.71428571428571,80.33333333333333,6,21,12,4,-2.4492935982947064e-16,1.0,91500.0,1.0
2025-12-22,Đắk Lắk,Cà phê,91500.0,VND/kg,Chợ Giá,https://chogia.vn/gia-ca-phe-dak-lak-hom-nay/,27.4,21.2,23.6,0.2,0.2,2.0,79,0.214,0.353,17.27,90300.0,90300.0,89300.0,97300.0,103200.0,112500.0,92228.57142857143,3114.864515893921,96600.0,103253.33333333333,7722.905176668485,0.34285714285714286,1.27,22.985714285714288,22.716666666666665,79.85714285714286,80.2,0,22,12,4,-2.4492935982947064e-16,1.0,92500.0,1.0
2025-12-23,Đắk Lắk,Cà phê,92500.0,VND/kg,Chợ Giá,https://chogia.vn/gia-ca-phe-dak-lak-hom-nay/,28.2,20.4,23.4,0.0,0.0,0.0,77,0.207,0.347,16.51,91500.0,90300.0,90300.0,95300.0,101100.0,112500.0,91400.0,2168.716978613691,95764.28571428571,102553.33333333333,7807.146740639734,0.3714285714285714,1.1400000000000001,23.114285714285717,22.769999999999996,79.85714285714286,79.96666666666667,1,23,12,4,-2.4492935982947064e-16,1.0,95000.0,1.0
2025-12-24,Đắk Lắk,Cà phê,95000.0,VND/kg,Chợ Giá,https://chogia.vn/gia-ca-phe-dak-lak-hom-nay/,27.2,21.0,23.7,0.0,0.0,0.0,79,0.197,0.34,11.87,92500.0,91500.0,90300.0,93300.0,101300.0,112000.0,91000.0,1477.6106839513675,95150.0,101886.66666666667,7782.373245567814,0.3714285714285714,1.1266666666666667,23.185714285714287,22.766666666666666,79.57142857142857,79.73333333333333,2,24,12,4,-2.4492935982947064e-16,1.0,96700.0,1.0
2025-12-25,Đắk Lắk,Cà phê,96700.0,VND/kg,Chợ Giá,https://chogia.vn/gia-ca-phe-dak-lak-hom-nay/,28.0,21.0,23.3,2.5,2.5,7.0,81,0.199,0.335,12.45,95000.0,92500.0,91500.0,89800.0,101800.0,111000.0,91242.85714285714,1974.721197920796,94700.0,101320.0,7638.170931080948,0.2714285714285714,1.1266666666666667,23.3,22.759999999999998,79.28571428571429,79.66666666666667,3,25,12,4,-2.4492935982947064e-16,1.0,96700.0,1.0
2025-12-26,Đắk Lắk,Cà phê,96700.0,VND/kg,Chợ Giá,https://chogia.vn/gia-ca-phe-dak-lak-hom-nay/,26.5,19.7,22.2,0.0,0.0,0.0,76,0.192,0.33,12.62,96700.0,95000.0,92500.0,89300.0,101000.0,112000.0,92228.57142857143,2717.0537264424934,94335.71428571429,100843.33333333333,7457.312233447283,0.6285714285714287,1.2100000000000002,23.428571428571427,22.78666666666667,79.57142857142857,79.8,4,26,12,4,-2.4492935982947064e-16,1.0,98000.0,1.0
2025-12-27,Đắk Lắk,Cà phê,98000.0,VND/kg,Chợ Giá,https://chogia.vn/gia-ca-phe-dak-lak-hom-nay/,25.9,19.3,21.8,0.0,0.0,0.0,74,0.189,0.327,16.75,96700.0,96700.0,95000.0,90300.0,99200.0,111500.0,93285.71428571429,2825.1422214505997,94028.57142857143,100333.33333333333,7186.25763875542,0.6142857142857144,1.2100000000000002,23.32857142857143,22.82333333333333,78.85714285714286,79.73333333333333,5,27,12,4,-2.4492935982947064e-16,1.0,98000.0,1.0
2025-12-28,Đắk Lắk,Cà phê,98000.0,VND/kg,Chợ Giá,https://chogia.vn/gia-ca-phe-dak-lak-hom-nay/,27.3,19.0,22.0,0.0,0.0,0.0,76,0.187,0.322,19.32,98000.0,96700.0,96700.0,90300.0,99200.0,112000.0,94385.71428571429,2964.472168546986,93942.85714285714,99883.33333333333,6879.007713793652,0.4428571428571429,1.2100000000000002,23.114285714285717,22.87,78.0,79.66666666666667,6,28,12,4,-2.4492935982947064e-16,1.0,96500.0,1.0
2025-12-29,Đắk Lắk,Cà phê,96500.0,VND/kg,Chợ Giá,https://chogia.vn/gia-ca-phe-dak-lak-hom-nay/,27.3,18.4,21.7,0.0,0.0,0.0,75,0.184,0.317,20.29,98000.0,98000.0,96700.0,91500.0,97300.0,112300.0,95485.71428571429,2602.196874070673,93857.14285714286,99416.66666666667,6492.705898549012,0.3857142857142857,1.2100000000000002,22.857142857142858,22.94666666666667,77.42857142857143,79.7,0,29,12,4,-2.4492935982947064e-16,1.0,97300.0,1.0
2025-12-30,Đắk Lắk,Cà phê,97300.0,VND/kg,Chợ Giá,https://chogia.vn/gia-ca-phe-dak-lak-hom-nay/,26.8,18.4,21.4,0.0,0.0,0.0,72,0.183,0.313,20.92,96500.0,98000.0,98000.0,92500.0,95300.0,112300.0,96200.0,1923.5384061657646,93800.0,98890.0,6036.403930635244,0.35714285714285715,1.2033333333333334,22.585714285714285,22.903333333333332,76.85714285714286,79.66666666666667,1,30,12,4,-2.4492935982947064e-16,1.0,98000.0,1.0
2025-12-31,Đắk Lắk,Cà phê,98000.0,VND/kg,Chợ Giá,https://chogia.vn/gia-ca-phe-dak-lak-hom-nay/,26.8,17.2,21.3,0.0,0.0,0.0,68,0.18,0.306,21.28,97300.0,96500.0,98000.0,95000.0,93300.0,111000.0,96885.71428571429,1035.098339011041,93942.85714285714,98390.0,5483.225202441082,0.35714285714285715,1.1900000000000002,22.3,22.806666666666665,76.14285714285714,79.36666666666666,2,31,12,4,-2.4492935982947064e-16,1.0,98300.0,1.0
2026-01-01,Đắk Lắk,Cà phê,98300.0,VND/kg,Chợ Giá,https://chogia.vn/gia-ca-phe-dak-lak-hom-nay/,26.2,17.5,21.3,0.0,0.0,0.0,69,0.179,0.301,20.07,98000.0,97300.0,96500.0,96700.0,89800.0,107000.0,97314.28571428571,686.6065623218936,94278.57142857143,97956.66666666667,4938.985190566878,0.35714285714285715,1.0866666666666667,21.957142857142856,22.693333333333335,74.57142857142857,78.86666666666666,3,1,1,1,0.49999999999999994,0.8660254037844387,98500.0,1.0
2026-01-02,Đắk Lắk,Cà phê,98500.0,VND/kg,Chợ Giá,https://chogia.vn/gia-ca-phe-dak-lak-hom-nay/,26.2,17.8,21.0,0.0,0.0,0.0,73,0.178,0.3,16.69,98300.0,98000.0,97300.0,96700.0,89300.0,105500.0,97542.85714285714,713.8093649699271,94885.71428571429,97666.66666666667,4635.79278146024,0.0,1.0466666666666666,21.67142857142857,22.58,72.85714285714286,78.4,4,2,1,1,0.49999999999999994,0.8660254037844387,98500.0,1.0
2026-01-03,Đắk Lắk,Cà phê,98500.0,VND/kg,Chợ Giá,https://chogia.vn/gia-ca-phe-dak-lak-hom-nay/,25.4,17.3,20.6,0.0,0.0,0.0,71,0.178,0.3,17.76,98500.0,98300.0,98000.0,98000.0,90300.0,103600.0,97800.0,683.130051060324,95542.85714285714,97433.33333333333,4397.98804575113,0.0,0.4233333333333333,21.5,22.506666666666664,72.42857142857143,77.8,5,3,1,1,0.49999999999999994,0.8660254037844387,98500.0,1.0
2026-01-04,Đắk Lắk,Cà phê,98500.0,VND/kg,Chợ Giá,https://chogia.vn/gia-ca-phe-dak-lak-hom-nay/,25.4,16.7,20.7,0.0,0.0,0.0,79,0.188,0.304,12.87,98500.0,98500.0,98300.0,98000.0,90300.0,104000.0,97871.42857142857,731.9250547080029,96128.57142857143,97263.33333333333,4247.391356271331,0.0,0.3466666666666666,21.328571428571426,22.40666666666667,72.0,77.43333333333334,6,4,1,1,0.49999999999999994,0.8660254037844387,98500.0,1.0
2026-01-05,Đắk Lắk,Cà phê,98500.0,VND/kg,Chợ Giá,https://chogia.vn/gia-ca-phe-dak-lak-hom-nay/,25.7,19.4,21.8,0.0,0.0,0.0,76,0.191,0.305,13.59,98500.0,98500.0,98500.0,96500.0,91500.0,103000.0,97942.85714285714,769.9721701803138,96714.28571428571,97080.0,4061.2041699894703,0.0,0.3466666666666666,21.142857142857142,22.333333333333332,72.42857142857143,77.4,0,5,1,1,0.49999999999999994,0.8660254037844387,98000.0,1.0
2026-01-06,Đắk Lắk,Cà phê,98000.0,VND/kg,Chợ Giá,https://chogia.vn/gia-ca-phe-dak-lak-hom-nay/,25.6,18.5,21.1,0.0,0.0,0.0,71,0.197,0.311,16.39,98500.0,98500.0,98500.0,97300.0,92500.0,103000.0,98228.57142857143,449.8677054157558,97214.28571428571,96930.0,3915.49970387299,0.0,0.3466666666666666,21.157142857142855,22.33,72.57142857142857,77.33333333333333,1,6,1,1,0.49999999999999994,0.8660254037844387,99000.0,1.0
2026-01-07,Đắk Lắk,Cà phê,99000.0,VND/kg,Chợ Giá,https://chogia.vn/gia-ca-phe-dak-lak-hom-nay/,23.8,17.3,19.8,0.0,0.0,0.0,72,0.191,0.316,15.4,98000.0,98500.0,98500.0,98000.0,95000.0,103200.0,98328.57142857143,236.03873773045405,97607.14285714286,96763.33333333333,3751.1821891354316,0.0,0.3466666666666666,21.114285714285717,22.33,72.42857142857143,77.23333333333333,2,7,1,1,0.49999999999999994,0.8660254037844387,98000.0,1.0
2026-01-08,Đắk Lắk,Cà phê,98000.0,VND/kg,Chợ Giá,https://chogia.vn/gia-ca-phe-dak-lak-hom-nay/,24.7,15.7,19.1,0.0,0.0,0.0,69,0.187,0.312,17.07,99000.0,98000.0,98500.0,98300.0,96700.0,101100.0,98471.42857142857,298.40847682789,97892.85714285714,96623.33333333333,3577.0034977594582,0.0,0.3466666666666666,20.900000000000002,22.303333333333335,73.0,77.0,3,8,1,1,0.49999999999999994,0.8660254037844387,97800.0,1.0
2026-01-09,Đắk Lắk,Cà phê,97800.0,VND/kg,Chợ Giá,https://chogia.vn/gia-ca-phe-dak-lak-hom-nay/,24.2,14.5,18.4,0.0,0.0,0.0,68,0.179,0.31,19.79,98000.0,99000.0,98000.0,98500.0,96700.0,101300.0,98428.57142857143,345.0327796640992,97985.71428571429,96520.0,3486.8620415133414,0.0,0.3433333333333333,20.585714285714285,22.220000000000002,73.0,76.63333333333334,4,9,1,1,0.49999999999999994,0.8660254037844387,97500.0,1.0
2026-01-10,Đắk Lắk,Cà phê,97500.0,VND/kg,Chợ Giá,https://chogia.vn/gia-ca-phe-dak-lak-hom-nay/,24.4,13.4,18.8,0.0,0.0,0.0,71,0.185,0.31,19.72,97800.0,98000.0,99000.0,98500.0,98000.0,101800.0,98328.57142857143,415.1878519129048,98064.28571428571,96403.33333333333,3378.2757623426187,0.0,0.16999999999999998,20.214285714285715,22.086666666666666,72.28571428571429,75.96666666666667,5,10,1,1,0.49999999999999994,0.8660254037844387,97500.0,1.0
2026-01-11,Đắk Lắk,Cà phê,97500.0,VND/kg,Chợ Giá,https://chogia.vn/gia-ca-phe-dak-lak-hom-nay/,25.0,15.4,19.7,0.0,0.0,0.0,68,0.187,0.309,17.76,97500.0,97800.0,98000.0,98500.0,98000.0,101000.0,98185.71428571429,508.0307452215035,98028.57142857143,96260.0,3229.348178064296,0.0,0.16999999999999998,19.95714285714286,21.916666666666668,72.28571428571429,75.66666666666667,6,11,1,1,0.49999999999999994,0.8660254037844387,97500.0,1.0
2026-01-12,Đắk Lắk,Cà phê,97500.0,VND/kg,Chợ Giá,https://chogia.vn/gia-ca-phe-dak-lak-hom-nay/,26.4,16.4,20.6,0.0,0.0,0.0,69,0.182,0.309,21.36,97500.0,97500.0,97800.0,98500.0,96500.0,99200.0,98042.85714285714,544.2338432930568,97992.85714285714,96143.33333333333,3113.339855760371,0.0,0.16999999999999998,19.814285714285717,21.78666666666667,70.71428571428571,75.33333333333333,0,12,1,1,0.49999999999999994,0.8660254037844387,97500.0,1.0
2026-01-13,Đắk Lắk,Cà phê,97500.0,VND/kg,Chợ Giá,https://chogia.vn/gia-ca-phe-dak-lak-hom-nay/,26.0,16.9,20.8,0.0,0.0,0.0,66,0.187,0.308,21.03,97500.0,97500.0,97500.0,98000.0,97300.0,99200.0,97900.0,535.4126134689939,98064.28571428571,96086.66666666667,3070.968996051143,0.0,0.16999999999999998,19.642857142857142,21.7,69.71428571428571,75.03333333333333,1,13,1,1,0.49999999999999994,0.8660254037844387,98400.0,1.0
2026-01-14,Đắk Lắk,Cà phê,98400.0,VND/kg,Chợ Giá,https://chogia.vn/gia-ca-phe-dak-lak-hom-nay/,27.2,17.7,21.6,0.0,0.0,0.0,73,0.187,0.307,20.97,97500.0,97500.0,97500.0,99000.0,98000.0,97300.0,97828.57142857143,552.914356577315,98078.57142857143,96030.0,3026.908061667518,0.0,0.16999999999999998,19.599999999999998,21.633333333333333,69.0,74.6,2,14,1,1,0.49999999999999994,0.8660254037844387,98500.0,1.0
2026-01-15,Đắk Lắk,Cà phê,98500.0,VND/kg,Chợ Giá,https://chogia.vn/gia-ca-phe-dak-lak-hom-nay/,30.2,17.5,22.4,0.0,0.0,0.0,70,0.188,0.305,20.69,98400.0,97500.0,97500.0,98000.0,98300.0,95300.0,97742.85714285714,350.5098327467441,98107.14285714286,96066.66666666667,3049.4016748712133,0.0,0.16999999999999998,19.857142857142858,21.596666666666668,69.14285714285714,74.4,3,15,1,1,0.49999999999999994,0.8660254037844387,99000.0,1.0
2026-01-16,Đắk Lắk,Cà phê,99000.0,VND/kg,Chợ Giá,https://chogia.vn/gia-ca-phe-dak-lak-hom-nay/,29.3,17.1,22.5,0.0,0.0,0.0,66,0.184,0.304,22.02,98500.0,98400.0,97500.0,97800.0,98500.0,93300.0,97814.28571428571,448.80794492031004,98121.42857142857,96173.33333333333,3077.4971170972485,0.0,0.16999999999999998,20.32857142857143,21.58,69.28571428571429,74.1,4,16,1,1,0.49999999999999994,0.8660254037844387,99000.0,1.0
2026-01-17,Đắk Lắk,Cà phê,99000.0,VND/kg,Chợ Giá,https://chogia.vn/gia-ca-phe-dak-lak-hom-nay/,30.0,18.1,23.3,0.0,0.0,0.0,64,0.184,0.302,19.03,99000.0,98500.0,98400.0,97500.0,98500.0,89800.0,97985.71428571429,633.5839103257163,98157.14285714286,96363.33333333333,3069.9301725548457,0.0,0.14666666666666667,20.914285714285715,21.566666666666666,69.0,73.6,5,17,1,1,0.49999999999999994,0.8660254037844387,99000.0,1.0
2026-01-18,Đắk Lắk,Cà phê,99000.0,VND/kg,Chợ Giá,https://chogia.vn/gia-ca-phe-dak-lak-hom-nay/,29.3,18.9,23.1,0.0,0.0,0.0,58,0.184,0.301,19.97,99000.0,99000.0,98500.0,97500.0,98500.0,89300.0,98200.0,692.8203230240118,98192.85714285714,96670.0,2842.794885076233,0.0,0.14666666666666667,21.557142857142857,21.596666666666668,68.0,73.1,6,18,1,1,0.49999999999999994,0.8660254037844387,99000.0,1.0
2026-01-19,Đắk Lắk,Cà phê,99000.0,VND/kg,Chợ Giá,https://chogia.vn/gia-ca-phe-dak-lak-hom-nay/,28.6,18.4,22.5,0.0,0.0,0.0,63,0.184,0.3,20.7,99000.0,99000.0,99000.0,97500.0,98500.0,90300.0,98414.28571428571,671.8843437852298,98228.57142857143,96993.33333333333,2507.496805557299,0.0,0.14333333333333337,22.042857142857144,21.603333333333335,66.57142857142857,72.33333333333333,0,19,1,1,0.49999999999999994,0.8660254037844387,99600.0,1.0
2026-01-20,Đắk Lắk,Cà phê,99600.0,VND/kg,Chợ Giá,https://chogia.vn/gia-ca-phe-dak-lak-hom-nay/,27.5,17.8,22.0,0.0,0.0,0.0,65,0.183,0.3,19.86,99000.0,99000.0,99000.0,97500.0,98000.0,90300.0,98628.57142857143,561.884583975627,98264.28571428571,97283.33333333333,2189.6438591424285,0.0,0.10333333333333333,22.314285714285717,21.576666666666668,65.71428571428571,71.76666666666667,1,20,1,1,0.49999999999999994,0.8660254037844387,98200.0,1.0
2026-01-21,Đắk Lắk,Cà phê,98200.0,VND/kg,Chợ Giá,https://chogia.vn/gia-ca-phe-dak-lak-hom-nay/,27.6,17.0,21.3,0.0,0.0,0.0,70,0.181,0.297,20.82,99600.0,99000.0,99000.0,98400.0,99000.0,91500.0,98928.57142857143,394.60649476348067,98378.57142857143,97593.33333333333,1788.455957701744,0.0,0.09000000000000001,22.485714285714288,21.516666666666666,65.57142857142857,71.26666666666667,2,21,1,1,0.49999999999999994,0.8660254037844387,100000.0,1.0
2026-01-22,Đắk Lắk,Cà phê,100000.0,VND/kg,Chợ Giá,https://chogia.vn/gia-ca-phe-dak-lak-hom-nay/,26.8,17.8,21.1,0.0,0.0,0.0,74,0.183,0.296,14.88,98200.0,99600.0,99000.0,98500.0,98000.0,92500.0,98900.0,443.4711565162898,98321.42857142857,97816.66666666667,1370.900366944005,0.0,0.08333333333333333,22.442857142857147,21.44,65.14285714285714,70.96666666666667,3,22,1,1,0.49999999999999994,0.8660254037844387,99200.0,1.0
2026-01-23,Đắk Lắk,Cà phê,99200.0,VND/kg,Chợ Giá,https://chogia.vn/gia-ca-phe-dak-lak-hom-nay/,26.6,17.9,21.3,0.0,0.0,0.0,72,0.177,0.295,19.84,100000.0,98200.0,99600.0,99000.0,97800.0,95000.0,99114.28571428571,563.9993245479181,98464.28571428571,98066.66666666667,1002.1815285103233,0.0,0.08333333333333333,22.25714285714286,21.363333333333333,65.71428571428571,70.86666666666666,4,23,1,1,0.49999999999999994,0.8660254037844387,101000.0,1.0
2026-01-24,Đắk Lắk,Cà phê,101000.0,VND/kg,Chợ Giá,https://chogia.vn/gia-ca-phe-dak-lak-hom-nay/,27.3,17.7,21.3,0.0,0.0,0.0,70,0.17,0.295,21.18,99200.0,100000.0,98200.0,99000.0,97500.0,96700.0,99142.85714285714,562.3081683434372,98564.28571428571,98206.66666666667,839.1018734446774,0.0,0.08333333333333333,22.085714285714285,21.283333333333335,66.57142857142857,70.63333333333334,5,24,1,1,0.49999999999999994,0.8660254037844387,101000.0,1.0
2026-01-25,Đắk Lắk,Cà phê,101000.0,VND/kg,Chợ Giá,https://chogia.vn/gia-ca-phe-dak-lak-hom-nay/,27.5,17.0,21.3,0.0,0.0,0.0,68,0.162,0.297,22.1,101000.0,99200.0,100000.0,99000.0,97500.0,96700.0,99428.57142857143,890.1578244200756,98814.28571428571,98350.0,934.676783519628,0.0,0.0,21.8,21.216666666666665,67.42857142857143,70.26666666666667,6,25,1,1,0.49999999999999994,0.8660254037844387,101000.0,1.0
2026-01-26,Đắk Lắk,Cà phê,101000.0,VND/kg,Chợ Giá,https://chogia.vn/gia-ca-phe-dak-lak-hom-nay/,27.6,17.7,21.6,0.0,0.0,0.0,69,0.161,0.294,21.63,101000.0,101000.0,99200.0,99000.0,97500.0,98000.0,99714.28571428571,1038.3136511144494,99064.28571428571,98493.33333333333,1000.3217873046617,0.0,0.0,21.542857142857144,21.186666666666667,68.85714285714286,70.0,0,26,1,1,0.49999999999999994,0.8660254037844387,101600.0,1.0
2026-01-27,Đắk Lắk,Cà phê,101600.0,VND/kg,Chợ Giá,https://chogia.vn/gia-ca-phe-dak-lak-hom-nay/,27.5,17.4,21.7,0.0,0.0,0.0,69,0.162,0.293,22.08,101000.0,101000.0,101000.0,99600.0,97500.0,98000.0,100000.0,1083.2051206160195,99314.28571428571,98593.33333333333,1094.7943700253418,0.0,0.0,21.414285714285715,21.18,69.71428571428571,69.83333333333333,1,27,1,1,0.49999999999999994,0.8660254037844387,102300.0,1.0
2026-01-28,Đắk Lắk,Cà phê,102300.0,VND/kg,Chợ Giá,https://chogia.vn/gia-ca-phe-dak-lak-hom-nay/,27.6,17.6,21.6,0.0,0.0,0.0,72,0.162,0.292,18.2,101600.0,101000.0,101000.0,98200.0,98400.0,96500.0,100285.71428571429,1215.7694016920793,99607.14285714286,98713.33333333333,1217.8934139782677,0.0,0.0,21.37142857142857,21.169999999999998,70.28571428571429,69.6,2,28,1,1,0.49999999999999994,0.8660254037844387,101300.0,1.0
2026-01-29,Đắk Lắk,Cà phê,101300.0,VND/kg,Chợ Giá,https://chogia.vn/gia-ca-phe-dak-lak-hom-nay/,27.9,18.0,22.1,0.0,0.0,0.0,67,0.166,0.292,22.34,102300.0,101600.0,101000.0,100000.0,98500.0,97300.0,100871.42857142857,1014.4198435771989,99885.71428571429,98906.66666666667,1311.2072177240739,0.0,0.0,21.414285714285718,21.166666666666668,70.57142857142857,69.5,3,29,1,1,0.49999999999999994,0.8660254037844387,101800.0,1.0
2026-01-30,Đắk Lắk,Cà phê,101800.0,VND/kg,Chợ Giá,https://chogia.vn/gia-ca-phe-dak-lak-hom-nay/,28.9,18.3,22.5,0.0,0.0,0.0,65,0.163,0.291,21.33,101300.0,102300.0,101600.0,99200.0,99000.0,98000.0,101057.14285714286,944.9111825207378,100085.71428571429,99040.0,1345.13170743258,0.0,0.0,21.557142857142857,21.19,69.57142857142857,69.33333333333333,4,30,1,1,0.49999999999999994,0.8660254037844387,100800.0,1.0
2026-01-31,Đắk Lắk,Cà phê,100800.0,VND/kg,Chợ Giá,https://chogia.vn/gia-ca-phe-dak-lak-hom-nay/,28.3,18.7,22.5,0.0,0.0,0.0,65,0.163,0.29,19.75,101800.0,101300.0,102300.0,101000.0,99000.0,98300.0,101428.57142857143,499.0467102819796,100285.71428571429,99166.66666666667,1420.619906778704,0.0,0.0,21.72857142857143,21.23,68.57142857142857,69.23333333333333,5,31,1,1,0.49999999999999994,0.8660254037844387,100800.0,1.0
2026-02-01,Đắk Lắk,Cà phê,100800.0,VND/kg,Chợ Giá,https://chogia.vn/gia-ca-phe-dak-lak-hom-nay/,28.0,17.4,21.8,0.0,0.0,0.0,71,0.164,0.29,17.34,100800.0,101800.0,101300.0,101000.0,99000.0,98500.0,101400.0,532.2906474182859,100414.28571428571,99250.0,1441.2039985765286,0.0,0.0,21.900000000000002,21.27,67.85714285714286,69.1,6,1,2,1,0.8660254037844386,0.5000000000000001,101000.0,1.0
2026-02-02,Đắk Lắk,Cà phê,101000.0,VND/kg,Chợ Giá,https://chogia.vn/gia-ca-phe-dak-lak-hom-nay/,27.9,18.1,22.0,0.0,0.0,0.0,74,0.168,0.288,17.7,100800.0,100800.0,101800.0,101000.0,99000.0,98500.0,101371.42857142857,561.8845839760392,100542.85714285714,99326.66666666667,1460.9711775408018,0.0,0.0,21.971428571428568,21.296666666666667,68.28571428571429,69.03333333333333,0,2,2,1,0.8660254037844386,0.5000000000000001,99800.0,1.0
2026-02-03,Đắk Lắk,Cà phê,99800.0,VND/kg,Chợ Giá,https://chogia.vn/gia-ca-phe-dak-lak-hom-nay/,26.6,19.3,22.1,0.0,0.0,0.0,74,0.169,0.288,14.54,101000.0,100800.0,100800.0,101600.0,99600.0,98500.0,101371.42857142857,561.8845839760392,100685.71428571429,99410.0,1483.3210641348485,0.0,0.0,22.02857142857143,21.34333333333333,69.0,69.13333333333334,1,3,2,1,0.8660254037844386,0.5000000000000001,95500.0,1.0
2026-02-04,Đắk Lắk,Cà phê,95500.0,VND/kg,Chợ Giá,https://chogia.vn/gia-ca-phe-dak-lak-hom-nay/,28.1,18.4,22.4,0.0,0.0,0.0,71,0.165,0.29,21.96,99800.0,101000.0,100800.0,102300.0,98200.0,98500.0,101114.28571428571,800.8923594492469,100700.0,99453.33333333333,1474.7842234520062,0.0,0.0,22.08571428571429,21.389999999999997,69.71428571428571,68.96666666666667,2,4,2,1,0.8660254037844386,0.5000000000000001,94700.0,1.0
2026-02-05,Đắk Lắk,Cà phê,94700.0,VND/kg,Chợ Giá,https://chogia.vn/gia-ca-phe-dak-lak-hom-nay/,30.0,19.0,24.1,0.0,0.0,0.0,67,0.165,0.289,17.61,95500.0,99800.0,101000.0,101300.0,100000.0,98000.0,100142.85714285714,2135.3041491832773,100507.14285714286,99353.33333333333,1634.6956551765973,0.0,0.0,22.199999999999996,21.41,69.57142857142857,68.8,3,5,2,1,0.8660254037844386,0.5000000000000001,95800.0,1.0
2026-02-06,Đắk Lắk,Cà phê,95800.0,VND/kg,Chợ Giá,https://chogia.vn/gia-ca-phe-dak-lak-hom-nay/,31.0,19.0,24.8,0.0,0.0,0.0,64,0.17,0.288,19.05,94700.0,95500.0,99800.0,101800.0,99200.0,99000.0,99200.0,2869.95934930481,100128.57142857143,99243.33333333333,1828.4501319568994,0.0,0.0,22.485714285714288,21.509999999999998,69.57142857142857,68.66666666666667,4,6,2,1,0.8660254037844386,0.5000000000000001,94800.0,1.0
2026-02-07,Đắk Lắk,Cà phê,94800.0,VND/kg,Chợ Giá,https://chogia.vn/gia-ca-phe-dak-lak-hom-nay/,30.2,19.3,23.8,0.0,0.0,0.0,69,0.169,0.287,19.05,95800.0,94700.0,95500.0,100800.0,101000.0,98000.0,98342.85714285714,2859.986679954846,99885.71428571429,99136.66666666667,1933.4591714881867,0.0,0.0,22.814285714285713,21.67666666666667,69.42857142857143,68.4,5,7,2,1,0.8660254037844386,0.5000000000000001,94800.0,1.0
2026-02-08,Đắk Lắk,Cà phê,94800.0,VND/kg,Chợ Giá,https://chogia.vn/gia-ca-phe-dak-lak-hom-nay/,28.0,18.7,22.4,0.0,0.0,0.0,68,0.166,0.287,19.11,94800.0,95800.0,94700.0,100800.0,101000.0,97800.0,97485.71428571429,2899.6715741770636,99442.85714285714,99030.0,2080.9729156953795,0.0,0.0,23.0,21.833333333333332,70.0,68.4,6,8,2,1,0.8660254037844386,0.5000000000000001,95800.0,1.0
2026-02-09,Đắk Lắk,Cà phê,95800.0,VND/kg,Chợ Giá,https://chogia.vn/gia-ca-phe-dak-lak-hom-nay/,28.1,18.9,22.4,0.0,0.0,0.0,69,0.167,0.286,21.94,94800.0,94800.0,95800.0,101000.0,101000.0,97500.0,96628.57142857143,2631.04179981545,99000.0,98930.0,2210.1880088531802,0.0,0.0,23.08571428571429,21.966666666666665,69.57142857142857,68.4,0,9,2,1,0.8660254037844386,0.5000000000000001,96300.0,1.0
2026-02-10,Đắk Lắk,Cà phê,96300.0,VND/kg,Chợ Giá,https://chogia.vn/gia-ca-phe-dak-lak-hom-nay/,28.4,18.6,22.6,0.0,0.0,0.0,72,0.167,0.286,21.06,95800.0,94800.0,94800.0,99800.0,101600.0,97500.0,95885.71428571429,1791.115640624676,98628.57142857143,98873.33333333333,2269.1230773639168,0.0,0.0,23.142857142857142,22.086666666666662,68.85714285714286,68.33333333333333,1,10,2,1,0.8660254037844386,0.5000000000000001,95300.0,1.0
2026-02-11,Đắk Lắk,Cà phê,95300.0,VND/kg,Chợ Giá,https://chogia.vn/gia-ca-phe-dak-lak-hom-nay/,26.4,20.7,22.5,3.0,3.0,8.0,79,0.194,0.29,10.18,96300.0,95800.0,94800.0,95500.0,102300.0,97500.0,95385.71428571429,625.6425268662841,98250.0,98833.33333333333,2304.4684230076296,0.0,0.0,23.214285714285715,22.183333333333334,68.57142857142857,68.46666666666667,2,11,2,1,0.8660254037844386,0.5000000000000001,95500.0,1.0
2026-02-12,Đắk Lắk,Cà phê,95500.0,VND/kg,Chợ Giá,https://chogia.vn/gia-ca-phe-dak-lak-hom-nay/,28.4,20.6,23.6,0.0,0.0,0.0,69,0.192,0.289,19.36,95300.0,96300.0,95800.0,94700.0,101300.0,97500.0,95357.14285714286,624.1184258767441,97750.0,98760.0,2382.059381406621,0.42857142857142855,0.1,23.22857142857143,22.246666666666666,69.71428571428571,68.8,3,12,2,1,0.8660254037844386,0.5000000000000001,97500.0,1.0
2026-02-13,Đắk Lắk,Cà phê,97500.0,VND/kg,Chợ Giá,https://chogia.vn/gia-ca-phe-dak-lak-hom-nay/,29.7,19.0,23.3,0.0,0.0,0.0,68,0.177,0.289,22.58,95500.0,95300.0,96300.0,95800.0,101800.0,98400.0,95471.42857142857,552.9143565773543,97335.71428571429,98693.33333333333,2445.676457205425,0.42857142857142855,0.1,23.157142857142855,22.34,70.0,68.9,4,13,2,1,0.8660254037844386,0.5000000000000001,97700.0,1.0
2026-02-14,Đắk Lắk,Cà phê,97700.0,VND/kg,Chợ Giá,https://chogia.vn/gia-ca-phe-dak-lak-hom-nay/,29.5,19.3,23.6,0.0,0.0,0.0,66,0.17,0.288,22.8,97500.0,95500.0,95300.0,94800.0,100800.0,98500.0,95714.28571428571,951.189731208757,97028.57142857143,98663.33333333333,2454.9012668294,0.42857142857142855,0.1,22.942857142857147,22.39666666666667,70.57142857142857,68.73333333333333,5,14,2,1,0.8660254037844386,0.5000000000000001,97700.0,1.0
2026-02-15,Đắk Lắk,Cà phê,97700.0,VND/kg,Chợ Giá,https://chogia.vn/gia-ca-phe-dak-lak-hom-nay/,28.2,19.3,23.3,0.0,0.0,0.0,73,0.179,0.288,19.47,97700.0,97500.0,95500.0,94800.0,100800.0,99000.0,96128.57142857143,1105.6133828676589,96807.14285714286,98636.66666666667,2461.073964241382,0.42857142857142855,0.1,22.914285714285715,22.436666666666667,70.14285714285714,68.6,6,15,2,1,0.8660254037844386,0.5000000000000001,97700.0,1.0
2026-02-16,Đắk Lắk,Cà phê,97700.0,VND/kg,Chợ Giá,https://chogia.vn/gia-ca-phe-dak-lak-hom-nay/,30.9,20.3,24.6,0.1,0.1,1.0,71,0.185,0.29,22.87,97700.0,97700.0,97500.0,95800.0,101000.0,99000.0,96542.85714285714,1067.4848052871587,96585.71428571429,98593.33333333333,2465.8961207148263,0.42857142857142855,0.1,23.04285714285714,22.463333333333335,70.85714285714286,68.83333333333333,0,16,2,1,0.8660254037844386,0.5000000000000001,97700.0,1.0
2026-02-17,Đắk Lắk,Cà phê,97700.0,VND/kg,Chợ Giá,https://chogia.vn/gia-ca-phe-dak-lak-hom-nay/,30.2,20.7,24.3,0.0,0.0,0.0,68,0.181,0.289,21.77,97700.0,97700.0,97700.0,96300.0,99800.0,99000.0,96814.28571428571,1088.467686592986,96350.0,98550.0,2469.922517281626,0.4428571428571429,0.10333333333333333,23.35714285714286,22.506666666666668,71.14285714285714,69.06666666666666,1,17,2,1,0.8660254037844386,0.5000000000000001,97700.0,1.0
2026-02-18,Đắk Lắk,Cà phê,97700.0,VND/kg,Chợ Giá,https://chogia.vn/gia-ca-phe-dak-lak-hom-nay/,29.9,21.1,24.2,0.0,0.0,0.0,71,0.177,0.288,20.89,97700.0,97700.0,97700.0,95300.0,95500.0,99000.0,97014.28571428571,1106.6896153651708,96200.0,98506.66666666667,2473.1570405297584,0.4428571428571429,0.10333333333333333,23.599999999999998,22.546666666666667,70.57142857142857,69.4,2,18,2,1,0.8660254037844386,0.5000000000000001,97700.0,1.0
2026-02-19,Đắk Lắk,Cà phê,97700.0,VND/kg,Chợ Giá,https://chogia.vn/gia-ca-phe-dak-lak-hom-nay/,29.1,19.9,23.6,0.0,0.0,0.0,69,0.18,0.288,18.59,97700.0,97700.0,97700.0,95500.0,94700.0,99600.0,97357.14285714286,822.3080178289156,96357.14285714286,98463.33333333333,2475.602794350855,0.014285714285714287,0.10333333333333333,23.842857142857145,22.603333333333335,69.42857142857143,69.66666666666667,3,19,2,1,0.8660254037844386,0.5000000000000001,97700.0,1.0
2026-02-20,Đắk Lắk,Cà phê,97700.0,VND/kg,Chợ Giá,https://chogia.vn/gia-ca-phe-dak-lak-hom-nay/,29.1,19.6,23.2,0.0,0.0,0.0,69,0.178,0.286,22.13,97700.0,97700.0,97700.0,97500.0,95800.0,98200.0,97671.42857142857,75.59289457060859,96571.42857142857,98400.0,2469.8178070447707,0.014285714285714287,0.10333333333333333,23.842857142857145,22.656666666666663,69.42857142857143,69.8,4,20,2,1,0.8660254037844386,0.5000000000000001,97700.0,1.0
2026-02-21,Đắk Lắk,Cà phê,97700.0,VND/kg,Chợ Giá,https://chogia.vn/gia-ca-phe-dak-lak-hom-nay/,31.9,18.9,24.4,0.0,0.0,0.0,65,0.178,0.286,24.34,97700.0,97700.0,97700.0,97700.0,94800.0,100000.0,97700.0,0.0,96707.14285714286,98383.33333333333,2472.89908509282,0.014285714285714287,0.10333333333333333,23.82857142857143,22.720000000000002,69.57142857142857,69.76666666666667,5,21,2,1,0.8660254037844386,0.5000000000000001,97700.0,1.0
2026-02-22,Đắk Lắk,Cà phê,97700.0,VND/kg,Chợ Giá,https://chogia.vn/gia-ca-phe-dak-lak-hom-nay/,32.8,19.2,25.4,0.0,0.0,0.0,66,0.178,0.285,22.17,97700.0,97700.0,97700.0,97700.0,94800.0,99200.0,97700.0,0.0,96914.28571428571,98306.66666666667,2456.6494330239743,0.014285714285714287,0.10333333333333333,23.942857142857143,22.83,69.42857142857143,69.46666666666667,6,22,2,1,0.8660254037844386,0.5000000000000001,93700.0,1.0
2026-02-23,Đắk Lắk,Cà phê,93700.0,VND/kg,Chợ Giá,https://chogia.vn/gia-ca-phe-dak-lak-hom-nay/,32.3,20.6,25.3,0.0,0.0,0.0,62,0.181,0.283,24.52,97700.0,97700.0,97700.0,97700.0,95800.0,101000.0,97700.0,0.0,97121.42857142857,98256.66666666667,2453.1026565705615,0.014285714285714287,0.10333333333333333,24.242857142857144,22.966666666666665,68.42857142857143,69.26666666666667,0,23,2,1,0.8660254037844386,0.5000000000000001,93400.0,1.0
2026-02-24,Đắk Lắk,Cà phê,93400.0,VND/kg,Chợ Giá,https://chogia.vn/gia-ca-phe-dak-lak-hom-nay/,32.6,19.7,25.2,0.0,0.0,0.0,61,0.182,0.284,23.97,93700.0,97700.0,97700.0,97700.0,96300.0,101000.0,97128.57142857143,1511.8578920369102,96971.42857142857,98013.33333333333,2532.374289125756,0.0,0.10333333333333333,24.342857142857138,23.1,67.14285714285714,69.0,1,24,2,1,0.8660254037844386,0.5000000000000001,96000.0,1.0
2026-02-25,Đắk Lắk,Cà phê,96000.0,VND/kg,Chợ Giá,https://chogia.vn/gia-ca-phe-dak-lak-hom-nay/,31.9,19.6,25.1,0.0,0.0,0.0,65,0.182,0.284,24.09,93400.0,93700.0,97700.0,97700.0,95300.0,101000.0,96514.28571428571,2026.8436639502454,96764.28571428571,97760.0,2602.465674356167,0.0,0.10333333333333333,24.47142857142857,23.23,66.14285714285714,68.76666666666667,2,25,2,1,0.8660254037844386,0.5000000000000001,97000.0,1.0
2026-02-26,Đắk Lắk,Cà phê,97000.0,VND/kg,Chợ Giá,https://chogia.vn/gia-ca-phe-dak-lak-hom-nay/,32.3,22.2,25.2,6.2,6.2,6.0,74,0.208,0.281,19.06,96000.0,93400.0,93700.0,97700.0,95500.0,101600.0,96271.42857142857,1961.8989828856234,96814.28571428571,97593.33333333333,2547.3357729645745,0.0,0.10333333333333333,24.599999999999998,23.346666666666668,65.28571428571429,68.63333333333334,3,26,2,1,0.8660254037844386,0.5000000000000001,96000.0,1.0
2026-02-27,Đắk Lắk,Cà phê,96000.0,VND/kg,Chợ Giá,https://chogia.vn/gia-ca-phe-dak-lak-hom-nay/,28.5,21.6,23.8,10.6,10.6,19.0,86,0.425,0.323,13.4,97000.0,96000.0,93400.0,97700.0,97500.0,102300.0,96171.42857142857,1893.59823767195,96921.42857142857,97440.0,2433.7568518215185,0.8857142857142858,0.31,24.828571428571426,23.463333333333335,66.0,68.8,4,27,2,1,0.8660254037844386,0.5000000000000001,96000.0,1.0
2026-02-28,Đắk Lắk,Cà phê,96000.0,VND/kg,Chợ Giá,https://chogia.vn/gia-ca-phe-dak-lak-hom-nay/,29.6,20.6,24.2,0.8,0.8,2.0,84,0.459,0.448,19.68,96000.0,97000.0,96000.0,97700.0,97700.0,101300.0,95928.57142857143,1769.8533703052897,96814.28571428571,97230.0,2265.962534308887,2.4,0.6633333333333333,24.914285714285715,23.53666666666667,68.42857142857143,69.26666666666667,5,28,2,1,0.8660254037844386,0.5000000000000001,96000.0,1.0
2026-03-01,Đắk Lắk,Cà phê,96000.0,VND/kg,Chợ Giá,https://chogia.vn/gia-ca-phe-dak-lak-hom-nay/,30.4,21.4,25.0,2.9,2.9,9.0,82,0.442,0.44,20.28,96000.0,96000.0,97000.0,97700.0,97700.0,101800.0,95685.71428571429,1594.185864768793,96692.85714285714,97053.33333333333,2140.855989507707,2.514285714285714,0.69,24.885714285714283,23.60666666666667,71.14285714285714,69.83333333333333,6,1,3,1,1.0,6.123233995736766e-17,95500.0,1.0
2026-03-02,Đắk Lắk,Cà phê,95500.0,VND/kg,Chợ Giá,https://chogia.vn/gia-ca-phe-dak-lak-hom-nay/,31.2,21.7,25.7,1.1,1.1,6.0,81,0.447,0.436,21.08,96000.0,96000.0,96000.0,93700.0,97700.0,100800.0,95442.85714285714,1346.4238347775956,96571.42857142857,96860.0,1950.8795540672447,2.9285714285714284,0.7866666666666666,24.828571428571426,23.69,73.42857142857143,70.4,0,2,3,1,1.0,6.123233995736766e-17,96200.0,1.0
2026-03-03,Đắk Lắk,Cà phê,96200.0,VND/kg,Chợ Giá,https://chogia.vn/gia-ca-phe-dak-lak-hom-nay/,31.4,21.8,25.7,0.8,0.8,3.0,78,0.408,0.426,19.42,95500.0,96000.0,96000.0,93400.0,97700.0,100800.0,95700.0,1109.0536506409615,96414.28571428571,96683.33333333333,1817.1754006634562,3.0857142857142854,0.8233333333333334,24.88571428571429,23.796666666666667,76.14285714285714,70.93333333333334,1,3,3,1,1.0,6.123233995736766e-17,94800.0,1.0
2026-03-04,Đắk Lắk,Cà phê,94800.0,VND/kg,Chợ Giá,https://chogia.vn/gia-ca-phe-dak-lak-hom-nay/,31.3,21.7,25.9,0.0,0.0,0.0,71,0.357,0.41,23.25,96200.0,95500.0,96000.0,96000.0,97700.0,101000.0,96100.0,450.9249752823061,96307.14285714286,96530.0,1643.6187996659721,3.1999999999999997,0.85,24.957142857142856,23.92666666666667,78.57142857142857,71.16666666666667,2,4,3,1,1.0,6.123233995736766e-17,96000.0,1.0
2026-03-05,Đắk Lắk,Cà phê,96000.0,VND/kg,Chợ Giá,https://chogia.vn/gia-ca-phe-dak-lak-hom-nay/,28.2,21.2,24.1,1.1,1.1,2.0,77,0.326,0.399,14.85,94800.0,96200.0,95500.0,97000.0,97700.0,99800.0,95928.57142857143,670.1101544131734,96100.0,96323.33333333333,1439.272645165283,3.1999999999999997,0.85,25.071428571428573,24.05666666666667,79.42857142857143,71.06666666666666,3,5,3,1,1.0,6.123233995736766e-17,96000.0,1.0
2026-03-06,Đắk Lắk,Cà phê,96000.0,VND/kg,Chợ Giá,https://chogia.vn/gia-ca-phe-dak-lak-hom-nay/,28.1,21.0,23.7,2.2,2.2,5.0,76,0.311,0.391,18.16,96000.0,94800.0,96200.0,96000.0,97700.0,95500.0,95785.71428571429,484.5223470201813,95978.57142857143,96196.66666666667,1281.2933480170493,2.4714285714285715,0.8866666666666666,24.914285714285715,24.123333333333335,79.85714285714286,71.16666666666667,4,6,3,1,1.0,6.123233995736766e-17,96500.0,1.0
2026-03-07,Đắk Lắk,Cà phê,96500.0,VND/kg,Chợ Giá,https://chogia.vn/gia-ca-phe-dak-lak-hom-nay/,27.3,20.0,23.2,0.0,0.0,0.0,71,0.294,0.383,17.02,96000.0,96000.0,94800.0,96000.0,97700.0,94700.0,95785.71428571429,484.5223470201813,95857.14285714286,96213.33333333333,1275.1560643702924,1.2714285714285711,0.9599999999999999,24.900000000000002,24.166666666666668,78.42857142857143,71.33333333333333,5,7,3,1,1.0,6.123233995736766e-17,96500.0,1.0
2026-03-08,Đắk Lắk,Cà phê,96500.0,VND/kg,Chợ Giá,https://chogia.vn/gia-ca-phe-dak-lak-hom-nay/,28.8,18.9,23.1,0.0,0.0,0.0,72,0.274,0.375,19.83,96500.0,96000.0,96000.0,96000.0,97700.0,95800.0,95857.14285714286,553.3448076836986,95771.42857142857,96273.33333333333,1243.447192097374,1.1571428571428568,0.9599999999999999,24.75714285714286,24.136666666666667,76.57142857142857,71.46666666666667,6,8,3,1,1.0,6.123233995736766e-17,96500.0,1.0
2026-03-09,Đắk Lắk,Cà phê,96500.0,VND/kg,Chợ Giá,https://chogia.vn/gia-ca-phe-dak-lak-hom-nay/,29.1,20.5,23.8,0.5,0.5,4.0,76,0.258,0.367,19.6,96500.0,96500.0,96000.0,95500.0,93700.0,94800.0,95928.57142857143,604.7431568147842,95685.71428571429,96296.66666666667,1240.823790131195,0.7428571428571427,0.9599999999999999,24.485714285714288,24.08,75.14285714285714,71.73333333333333,0,9,3,1,1.0,6.123233995736766e-17,96500.0,1.0
2026-03-10,Đắk Lắk,Cà phê,96500.0,VND/kg,Chợ Giá,https://chogia.vn/gia-ca-phe-dak-lak-hom-nay/,28.6,20.8,23.9,0.1,0.1,1.0,73,0.239,0.357,23.14,96500.0,96500.0,96500.0,96200.0,93400.0,94800.0,96071.42857142857,604.7431568147704,95885.71428571429,96353.33333333333,1208.5138588866446,0.6571428571428568,0.9766666666666666,24.214285714285715,24.08,74.42857142857143,71.96666666666667,1,10,3,1,1.0,6.123233995736766e-17,95700.0,1.0
2026-03-11,Đắk Lắk,Cà phê,95700.0,VND/kg,Chợ Giá,https://chogia.vn/gia-ca-phe-dak-lak-hom-nay/,28.5,19.6,23.2,0.0,0.0,0.0,68,0.221,0.351,19.85,96500.0,96500.0,96500.0,94800.0,96000.0,95800.0,96114.28571428571,625.6425268702363,96107.14285714286,96410.0,1172.4863060717228,0.5571428571428568,0.98,23.957142857142856,24.130000000000003,73.71428571428571,72.13333333333334,2,11,3,1,1.0,6.123233995736766e-17,92700.0,1.0
2026-03-12,Đắk Lắk,Cà phê,92700.0,VND/kg,Chợ Giá,https://chogia.vn/gia-ca-phe-dak-lak-hom-nay/,28.5,19.6,23.2,0.6,0.6,2.0,71,0.215,0.347,22.11,95700.0,96500.0,96500.0,96000.0,97000.0,96300.0,96242.85714285714,335.9421718944045,96085.71428571429,96406.66666666667,1174.4208648567042,0.5571428571428569,0.98,23.571428571428573,24.15666666666667,73.28571428571429,72.1,3,12,3,1,1.0,6.123233995736766e-17,94000.0,1.0
2026-03-13,Đắk Lắk,Cà phê,94000.0,VND/kg,Chợ Giá,https://chogia.vn/gia-ca-phe-dak-lak-hom-nay/,27.9,19.5,23.0,0.3,0.3,2.0,70,0.209,0.341,19.54,92700.0,95700.0,96500.0,96000.0,96000.0,95300.0,95771.42857142857,1391.2994953331697,95778.57142857143,96286.66666666667,1355.635322065414,0.4857142857142854,1.0,23.442857142857143,24.17666666666667,72.42857142857143,72.06666666666666,4,13,3,1,1.0,6.123233995736766e-17,90500.0,1.0
2026-03-14,Đắk Lắk,Cà phê,90500.0,VND/kg,Chợ Giá,https://chogia.vn/gia-ca-phe-dak-lak-hom-nay/,27.7,20.2,22.9,0.1,0.1,1.0,74,0.199,0.334,18.22,94000.0,92700.0,95700.0,96500.0,96000.0,95500.0,95485.71428571429,1534.523347740917,95635.71428571429,96243.33333333333,1408.0270700095405,0.21428571428571397,0.9099999999999999,23.342857142857138,24.193333333333335,71.57142857142857,71.76666666666667,5,14,3,1,1.0,6.123233995736766e-17,90500.0,1.0
2026-03-15,Đắk Lắk,Cà phê,90500.0,VND/kg,Chợ Giá,https://chogia.vn/gia-ca-phe-dak-lak-hom-nay/,28.7,19.4,23.0,2.6,2.6,2.0,72,0.203,0.331,21.87,90500.0,94000.0,92700.0,96500.0,96000.0,97500.0,94628.57142857143,2338.5994994970465,95242.85714285714,96076.66666666667,1752.7679259654874,0.22857142857142823,0.9133333333333333,23.3,24.17,72.0,71.93333333333334,6,15,3,1,1.0,6.123233995736766e-17,90300.0,1.0
2026-03-16,Đắk Lắk,Cà phê,90300.0,VND/kg,Chợ Giá,https://chogia.vn/gia-ca-phe-dak-lak-hom-nay/,29.6,19.4,23.7,0.2,0.2,2.0,67,0.187,0.323,24.56,90500.0,90500.0,94000.0,96500.0,95500.0,97700.0,93771.42857142857,2620.8868001209,94850.0,95843.33333333333,2004.5952955259968,0.5999999999999996,1.0,23.285714285714285,24.16,72.0,72.06666666666666,0,16,3,1,1.0,6.123233995736766e-17,90500.0,1.0
2026-03-17,Đắk Lắk,Cà phê,90500.0,VND/kg,Chợ Giá,https://chogia.vn/gia-ca-phe-dak-lak-hom-nay/,30.9,19.6,24.4,0.0,0.0,0.0,61,0.188,0.319,25.48,90300.0,90500.0,90500.0,96500.0,96200.0,97700.0,92885.71428571429,2592.5718064171447,94478.57142857143,95596.66666666667,2212.734824214847,0.5571428571428568,1.0066666666666666,23.27142857142857,24.163333333333334,70.71428571428571,72.1,1,17,3,1,1.0,6.123233995736766e-17,92000.0,1.0
2026-03-18,Đắk Lắk,Cà phê,92000.0,VND/kg,Chợ Giá,https://chogia.vn/gia-ca-phe-dak-lak-hom-nay/,32.3,19.3,25.0,0.0,0.0,0.0,59,0.19,0.317,25.31,90500.0,90300.0,90500.0,95700.0,94800.0,97700.0,92028.57142857143,2153.0708965835033,94071.42857142857,95356.66666666667,2362.1561356501265,0.5428571428571426,1.0066666666666666,23.342857142857145,24.2,69.0,71.7,2,18,3,1,1.0,6.123233995736766e-17,92500.0,1.0
2026-03-19,Đắk Lắk,Cà phê,92500.0,VND/kg,Chợ Giá,https://chogia.vn/gia-ca-phe-dak-lak-hom-nay/,32.1,19.6,25.2,0.0,0.0,0.0,63,0.197,0.315,24.93,92000.0,90500.0,90300.0,92700.0,96000.0,97700.0,91500.0,1436.430761761255,93871.42857142857,95166.66666666667,2396.165519198609,0.5428571428571426,1.0033333333333332,23.599999999999998,24.21333333333333,67.71428571428571,71.3,3,19,3,1,1.0,6.123233995736766e-17,93500.0,1.0
2026-03-20,Đắk Lắk,Cà phê,93500.0,VND/kg,Chợ Giá,https://chogia.vn/gia-ca-phe-dak-lak-hom-nay/,32.8,19.9,25.6,0.0,0.0,0.0,63,0.191,0.311,23.72,92500.0,92000.0,90500.0,94000.0,96000.0,97700.0,91471.42857142857,1410.335995090641,93621.42857142857,94993.33333333333,2394.6684074424893,0.4571428571428569,1.0033333333333332,23.885714285714283,24.243333333333332,66.57142857142857,71.13333333333334,4,20,3,1,1.0,6.123233995736766e-17,94000.0,1.0
2026-03-21,Đắk Lắk,Cà phê,94000.0,VND/kg,Chợ Giá,https://chogia.vn/gia-ca-phe-dak-lak-hom-nay/,32.1,19.8,25.3,0.0,0.0,0.0,66,0.186,0.305,25.44,93500.0,92500.0,92000.0,90500.0,96500.0,97700.0,91400.0,1266.2279942151174,93442.85714285714,94853.33333333333,2353.388361831314,0.41428571428571404,1.0033333333333332,24.25714285714286,24.29,65.57142857142857,70.86666666666666,5,21,3,1,1.0,6.123233995736766e-17,94000.0,1.0
2026-03-22,Đắk Lắk,Cà phê,94000.0,VND/kg,Chợ Giá,https://chogia.vn/gia-ca-phe-dak-lak-hom-nay/,32.1,20.5,25.5,0.0,0.0,0.0,65,0.188,0.302,26.06,94000.0,93500.0,92500.0,90500.0,96500.0,97700.0,91900.0,1517.6736583778322,93264.28571428571,94730.0,2295.2950377541097,0.39999999999999974,1.0033333333333332,24.599999999999998,24.346666666666668,64.42857142857143,70.76666666666667,6,22,3,1,1.0,6.123233995736766e-17,94000.0,1.0
2026-03-23,Đắk Lắk,Cà phê,94000.0,VND/kg,Chợ Giá,https://chogia.vn/gia-ca-phe-dak-lak-hom-nay/,32.4,19.8,25.3,0.0,0.0,0.0,62,0.188,0.299,26.04,94000.0,94000.0,93500.0,90300.0,96500.0,97700.0,92400.0,1555.634918610577,93085.71428571429,94606.66666666667,2228.6432138649716,0.028571428571428255,1.0033333333333332,24.957142857142856,24.423333333333332,63.42857142857143,70.63333333333334,0,23,3,1,1.0,6.123233995736766e-17,93500.0,1.0
2026-03-24,Đắk Lắk,Cà phê,93500.0,VND/kg,Chợ Giá,https://chogia.vn/gia-ca-phe-dak-lak-hom-nay/,34.2,19.4,25.7,0.0,0.0,0.0,58,0.184,0.296,26.61,94000.0,94000.0,94000.0,90500.0,96500.0,97700.0,92928.57142857143,1336.3062095622881,92907.14285714286,94483.33333333333,2152.638050092565,0.0,1.0033333333333332,25.185714285714287,24.453333333333333,62.714285714285715,70.53333333333333,1,24,3,1,1.0,6.123233995736766e-17,94000.0,1.0
2026-03-25,Đắk Lắk,Cà phê,94000.0,VND/kg,Chợ Giá,https://chogia.vn/gia-ca-phe-dak-lak-hom-nay/,33.7,18.6,26.0,0.0,0.0,0.0,61,0.184,0.292,26.51,93500.0,94000.0,94000.0,92000.0,95700.0,93700.0,93357.14285714286,801.7837257374995,92692.85714285714,94343.33333333333,2071.2620396210636,0.0,1.0033333333333332,25.37142857142857,24.46333333333333,62.285714285714285,70.26666666666667,2,25,3,1,1.0,6.123233995736766e-17,93200.0,1.0
2026-03-26,Đắk Lắk,Cà phê,93200.0,VND/kg,Chợ Giá,https://chogia.vn/gia-ca-phe-dak-lak-hom-nay/,35.6,19.7,26.9,0.0,0.0,0.0,57,0.184,0.29,26.94,94000.0,93500.0,94000.0,92500.0,92700.0,93400.0,93642.85714285714,556.3486402644622,92571.42857142857,94353.33333333333,2068.771638424026,0.0,1.0033333333333332,25.514285714285712,24.486666666666665,62.57142857142857,70.23333333333333,3,26,3,1,1.0,6.123233995736766e-17,92500.0,1.0
2026-03-27,Đắk Lắk,Cà phê,92500.0,VND/kg,Chợ Giá,https://chogia.vn/gia-ca-phe-dak-lak-hom-nay/,36.6,19.9,27.4,0.0,0.0,0.0,56,0.183,0.288,26.68,93200.0,94000.0,93500.0,93500.0,94000.0,96000.0,93742.85714285714,335.9421718948505,92607.14285714286,94346.66666666667,2072.2690101838407,0.0,1.0033333333333332,25.757142857142856,24.543333333333337,61.714285714285715,70.1,4,27,3,1,1.0,6.123233995736766e-17,92300.0,1.0
2026-03-28,Đắk Lắk,Cà phê,92300.0,VND/kg,Chợ Giá,https://chogia.vn/gia-ca-phe-dak-lak-hom-nay/,37.6,20.4,28.0,0.0,0.0,0.0,56,0.183,0.286,26.67,92500.0,93200.0,94000.0,94000.0,90500.0,97000.0,93600.0,580.2298395179115,92500.0,94230.0,2074.500355297985,0.0,1.0033333333333332,26.014285714285712,24.62,60.714285714285715,69.8,5,28,3,1,1.0,6.123233995736766e-17,92300.0,1.0
2026-03-29,Đắk Lắk,Cà phê,92300.0,VND/kg,Chợ Giá,https://chogia.vn/gia-ca-phe-dak-lak-hom-nay/,36.1,20.5,27.9,0.0,0.0,0.0,60,0.183,0.284,25.7,92300.0,92500.0,93200.0,94000.0,90500.0,96000.0,93357.14285714286,723.0886134198944,92628.57142857143,94073.33333333333,2035.196056526052,0.0,0.7966666666666666,26.400000000000002,24.71333333333333,59.285714285714285,69.2,6,29,3,1,1.0,6.123233995736766e-17,92300.0,1.0
2026-03-30,Đắk Lắk,Cà phê,92300.0,VND/kg,Chợ Giá,https://chogia.vn/gia-ca-phe-dak-lak-hom-nay/,34.9,22.3,28.5,0.0,0.0,0.0,57,0.182,0.279,23.68,92300.0,92300.0,92500.0,94000.0,90300.0,96000.0,93114.28571428571,755.9289460187265,92757.14285714286,93950.0,2026.5054004182691,0.0,0.44333333333333336,26.742857142857144,24.85,58.57142857142857,68.33333333333333,0,30,3,1,1.0,6.123233995736766e-17,87500.0,1.0
2026-03-31,Đắk Lắk,Cà phê,87500.0,VND/kg,Chợ Giá,https://chogia.vn/gia-ca-phe-dak-lak-hom-nay/,34.8,22.2,28.5,0.2,0.2,2.0,53,0.184,0.282,24.13,92300.0,92300.0,92300.0,93500.0,90500.0,96000.0,92871.42857142857,694.5365018351514,92900.0,93826.66666666667,2009.9636869808894,0.0,0.4166666666666667,27.2,24.993333333333332,57.857142857142854,67.43333333333334,1,31,3,1,1.0,6.123233995736766e-17,89200.0,1.0
2026-04-01,Đắk Lắk,Cà phê,89200.0,VND/kg,Chợ Giá,https://chogia.vn/gia-ca-phe-dak-lak-hom-nay/,36.6,23.2,29.5,0.0,0.0,0.0,46,0.182,0.282,25.53,87500.0,92300.0,92300.0,94000.0,92000.0,95500.0,92014.28571428571,2089.998860788172,92685.71428571429,93543.33333333333,2274.700940301656,0.028571428571428255,0.3266666666666667,27.6,25.11,57.142857142857146,66.46666666666667,2,1,4,2,0.8660254037844387,-0.4999999999999998,90000.0,1.0
2026-04-02,Đắk Lắk,Cà phê,90000.0,VND/kg,Chợ Giá,https://chogia.vn/gia-ca-phe-dak-lak-hom-nay/,35.1,21.6,27.9,0.0,0.0,0.0,50,0.181,0.286,26.89,89200.0,87500.0,92300.0,93200.0,92500.0,96200.0,91328.57142857143,2117.163421274254,92485.71428571429,93333.33333333333,2376.36832935777,0.028571428571428255,0.29,28.1,25.236666666666668,55.0,65.3,3,2,4,2,0.8660254037844387,-0.4999999999999998,89200.0,1.0
2026-04-03,Đắk Lắk,Cà phê,89200.0,VND/kg,Chợ Giá,https://chogia.vn/gia-ca-phe-dak-lak-hom-nay/,34.6,19.5,27.6,0.0,0.0,0.0,42,0.177,0.287,27.13,90000.0,89200.0,87500.0,92500.0,93500.0,94800.0,90871.42857142857,1987.2210795602118,92307.14285714286,93126.66666666667,2388.0353103903385,0.028571428571428255,0.26333333333333336,28.24285714285714,25.31,54.0,64.36666666666666,4,3,4,2,0.8660254037844387,-0.4999999999999998,89200.0,1.0
2026-04-04,Đắk Lắk,Cà phê,89200.0,VND/kg,Chợ Giá,https://chogia.vn/gia-ca-phe-dak-lak-hom-nay/,35.5,22.1,29.2,0.0,0.0,0.0,49,0.176,0.28,25.63,89200.0,90000.0,89200.0,92300.0,94000.0,96000.0,90400.0,1927.0011243728563,92000.0,92940.0,2470.1807835543323,0.028571428571428255,0.26333333333333336,28.271428571428572,25.366666666666667,52.0,63.4,5,4,4,2,0.8660254037844387,-0.4999999999999998,89200.0,1.0
2026-04-05,Đắk Lắk,Cà phê,89200.0,VND/kg,Chợ Giá,https://chogia.vn/gia-ca-phe-dak-lak-hom-nay/,36.6,22.8,29.9,0.0,0.0,0.0,46,0.174,0.279,26.21,89200.0,89200.0,90000.0,92300.0,94000.0,96000.0,89957.14285714286,1767.1607575028752,91657.14285714286,92713.33333333333,2491.604293224685,0.028571428571428255,0.22666666666666668,28.442857142857143,25.53666666666667,51.0,62.46666666666667,6,5,4,2,0.8660254037844387,-0.4999999999999998,89200.0,1.0
2026-04-06,Đắk Lắk,Cà phê,89200.0,VND/kg,Chợ Giá,https://chogia.vn/gia-ca-phe-dak-lak-hom-nay/,36.6,23.4,30.2,0.0,0.0,0.0,48,0.172,0.279,25.76,89200.0,89200.0,89200.0,92300.0,94000.0,96500.0,89514.28571428571,1440.4033826546536,91314.28571428571,92486.66666666667,2491.60429322466,0.028571428571428255,0.15333333333333335,28.728571428571428,25.743333333333336,49.0,61.46666666666667,0,6,4,2,0.8660254037844387,-0.4999999999999998,89200.0,1.0
2026-04-07,Đắk Lắk,Cà phê,89200.0,VND/kg,Chợ Giá,https://chogia.vn/gia-ca-phe-dak-lak-hom-nay/,36.2,23.7,30.1,0.0,0.0,0.0,47,0.175,0.287,25.37,89200.0,89200.0,89200.0,87500.0,93500.0,96500.0,89071.42857142857,754.3524501509601,90971.42857142857,92243.33333333333,2442.1137443252546,0.028571428571428255,0.15333333333333335,28.971428571428568,25.976666666666667,47.714285714285715,60.7,1,7,4,2,0.8660254037844387,-0.4999999999999998,85200.0,1.0
2026-04-08,Đắk Lắk,Cà phê,85200.0,VND/kg,Chợ Giá,https://chogia.vn/gia-ca-phe-dak-lak-hom-nay/,37.6,23.8,30.6,0.0,0.0,0.0,45,0.177,0.284,26.0,89200.0,89200.0,89200.0,89200.0,94000.0,96500.0,89314.28571428571,302.37157840918604,90664.28571428571,92000.0,2365.8489764358656,0.0,0.15333333333333335,29.199999999999996,26.209999999999997,46.857142857142854,59.86666666666667,2,8,4,2,0.8660254037844387,-0.4999999999999998,85800.0,1.0
2026-04-09,Đắk Lắk,Cà phê,85800.0,VND/kg,Chợ Giá,https://chogia.vn/gia-ca-phe-dak-lak-hom-nay/,35.9,23.9,30.2,0.0,0.0,0.0,53,0.177,0.283,24.56,85200.0,89200.0,89200.0,90000.0,93200.0,96500.0,88742.85714285714,1590.4476758211872,90035.71428571429,91623.33333333333,2519.261431632612,0.0,0.1366666666666667,29.357142857142858,26.436666666666667,46.714285714285715,58.833333333333336,3,9,4,2,0.8660254037844387,-0.4999999999999998,85500.0,1.0
2026-04-10,Đắk Lắk,Cà phê,85500.0,VND/kg,Chợ Giá,https://chogia.vn/gia-ca-phe-dak-lak-hom-nay/,35.9,23.8,30.1,0.0,0.0,0.0,47,0.177,0.282,24.8,85800.0,85200.0,89200.0,89200.0,92500.0,95700.0,88142.85714285714,1813.7044438179935,89507.14285714286,91266.66666666667,2562.10222592382,0.0,0.13333333333333336,29.685714285714287,26.64666666666667,47.142857142857146,58.166666666666664,4,10,4,2,0.8660254037844387,-0.4999999999999998,85700.0,1.0
2026-04-11,Đắk Lắk,Cà phê,85700.0,VND/kg,Chợ Giá,https://chogia.vn/gia-ca-phe-dak-lak-hom-nay/,36.2,24.2,30.4,0.0,0.0,0.0,47,0.175,0.279,25.85,85500.0,85800.0,85200.0,89200.0,92300.0,92700.0,87614.28571428571,1985.3031434594602,89007.14285714286,90926.66666666667,2629.4005260569206,0.0,0.13333333333333336,30.04285714285714,26.876666666666665,47.857142857142854,57.46666666666667,5,11,4,2,0.8660254037844387,-0.4999999999999998,85700.0,1.0
2026-04-12,Đắk Lắk,Cà phê,85700.0,VND/kg,Chợ Giá,https://chogia.vn/gia-ca-phe-dak-lak-hom-nay/,36.6,24.1,30.8,0.0,0.0,0.0,47,0.184,0.282,26.27,85700.0,85500.0,85800.0,89200.0,92300.0,94000.0,87114.28571428571,1959.9562677340864,88535.71428571429,90693.33333333333,2773.263151188255,0.0,0.11333333333333333,30.214285714285715,27.116666666666667,47.57142857142857,56.666666666666664,6,12,4,2,0.8660254037844387,-0.4999999999999998,86000.0,1.0
2026-04-13,Đắk Lắk,Cà phê,86000.0,VND/kg,Chợ Giá,https://chogia.vn/gia-ca-phe-dak-lak-hom-nay/,35.9,24.9,30.2,0.2,0.2,1.0,56,0.177,0.28,24.23,85700.0,85700.0,85500.0,89200.0,92300.0,90500.0,86614.28571428571,1777.103046561146,88064.28571428571,90416.66666666667,2845.0905486251872,0.0,0.10333333333333333,30.342857142857145,27.376666666666665,47.714285714285715,55.9,0,13,4,2,0.8660254037844387,-0.4999999999999998,86500.0,1.0
2026-04-14,Đắk Lắk,Cà phê,86500.0,VND/kg,Chợ Giá,https://chogia.vn/gia-ca-phe-dak-lak-hom-nay/,35.9,25.3,30.1,0.0,0.0,0.0,59,0.196,0.281,23.24,86000.0,85700.0,85700.0,89200.0,87500.0,90500.0,86157.14285714286,1364.8652471430703,87614.28571428571,90266.66666666667,2956.971112627034,0.028571428571428255,0.10666666666666667,30.342857142857145,27.62,48.857142857142854,55.3,1,14,4,2,0.8660254037844387,-0.4999999999999998,87100.0,1.0
2026-04-15,Đắk Lắk,Cà phê,87100.0,VND/kg,Chợ Giá,https://chogia.vn/gia-ca-phe-dak-lak-hom-nay/,36.0,24.2,28.7,0.3,0.3,2.0,66,0.228,0.28,22.82,86500.0,86000.0,85700.0,85200.0,89200.0,90300.0,85771.42857142857,407.0801956815729,87542.85714285714,90133.33333333333,3035.2337106312025,0.028571428571428255,0.020000000000000004,30.342857142857145,27.856666666666666,50.57142857142857,54.86666666666667,2,15,4,2,0.8660254037844387,-0.4999999999999998,88300.0,1.0
2026-04-16,Đắk Lắk,Cà phê,88300.0,VND/kg,Chợ Giá,https://chogia.vn/gia-ca-phe-dak-lak-hom-nay/,34.1,23.0,27.7,0.5,0.5,2.0,70,0.289,0.285,23.56,87100.0,86500.0,86000.0,85800.0,90000.0,90500.0,86042.85714285714,565.2643713569904,87392.85714285714,90026.66666666667,3084.9952029606015,0.0714285714285711,0.02333333333333333,30.071428571428573,28.023333333333333,53.57142857142857,54.833333333333336,3,16,4,2,0.8660254037844387,-0.4999999999999998,87000.0,1.0
2026-04-17,Đắk Lắk,Cà phê,87000.0,VND/kg,Chợ Giá,https://chogia.vn/gia-ca-phe-dak-lak-hom-nay/,33.9,22.9,28.0,0.4,0.4,2.0,65,0.263,0.291,23.51,88300.0,87100.0,86500.0,85500.0,89200.0,92000.0,86400.0,1004.9875621129512,87271.42857142857,89953.33333333333,3099.4697358853477,0.14285714285714254,0.04,29.714285714285715,28.133333333333333,56.0,55.13333333333333,4,17,4,2,0.8660254037844387,-0.4999999999999998,85000.0,1.0
2026-04-18,Đắk Lắk,Cà phê,85000.0,VND/kg,Chợ Giá,https://chogia.vn/gia-ca-phe-dak-lak-hom-nay/,33.2,23.1,27.8,0.0,0.0,0.0,64,0.225,0.299,21.94,87000.0,88300.0,87100.0,85700.0,89200.0,92500.0,86614.28571428571,938.8442743236286,87114.28571428571,89786.66666666667,3119.9837901126402,0.19999999999999968,0.05333333333333334,29.414285714285715,28.233333333333334,58.57142857142857,55.333333333333336,5,18,4,2,0.8660254037844387,-0.4999999999999998,85000.0,1.0
2026-04-19,Đắk Lắk,Cà phê,85000.0,VND/kg,Chợ Giá,https://chogia.vn/gia-ca-phe-dak-lak-hom-nay/,35.0,22.4,28.1,0.0,0.0,0.0,57,0.197,0.278,25.55,85000.0,87000.0,88300.0,85700.0,89200.0,93500.0,86514.28571428571,1079.241356121796,86814.28571428571,89536.66666666667,3194.6596962279737,0.19999999999999968,0.05333333333333334,29.042857142857144,28.32,61.0,55.36666666666667,6,19,4,2,0.8660254037844387,-0.4999999999999998,85300.0,1.0
2026-04-20,Đắk Lắk,Cà phê,85300.0,VND/kg,Chợ Giá,https://chogia.vn/gia-ca-phe-dak-lak-hom-nay/,33.5,22.1,27.4,0.3,0.3,3.0,55,0.192,0.299,25.24,85000.0,85000.0,87000.0,86000.0,89200.0,94000.0,86414.28571428571,1193.6339073449753,86514.28571428571,89253.33333333333,3207.9355627417513,0.19999999999999968,0.05333333333333334,28.657142857142855,28.403333333333332,62.42857142857143,55.166666666666664,0,20,4,2,0.8660254037844387,-0.4999999999999998,87300.0,1.0
2026-04-21,Đắk Lắk,Cà phê,87300.0,VND/kg,Chợ Giá,https://chogia.vn/gia-ca-phe-dak-lak-hom-nay/,33.9,22.6,28.1,0.1,0.1,1.0,54,0.19,0.307,24.48,85300.0,85000.0,85000.0,86500.0,89200.0,94000.0,86314.28571428571,1261.5183595296262,86235.71428571429,88963.33333333333,3156.8735443002874,0.21428571428571397,0.06333333333333332,28.25714285714286,28.473333333333336,62.285714285714285,54.8,1,21,4,2,0.8660254037844387,-0.4999999999999998,86800.0,1.0
2026-04-22,Đắk Lắk,Cà phê,86800.0,VND/kg,Chợ Giá,https://chogia.vn/gia-ca-phe-dak-lak-hom-nay/,33.3,23.0,28.0,0.0,0.0,0.0,58,0.192,0.305,21.74,87300.0,85300.0,85000.0,87100.0,85200.0,94000.0,86428.57142857143,1316.1994348816136,86100.0,88740.0,3022.399138385666,0.22857142857142826,0.06666666666666667,27.97142857142857,28.560000000000002,61.57142857142857,54.43333333333333,2,22,4,2,0.8660254037844387,-0.4999999999999998,87800.0,1.0
2026-04-23,Đắk Lắk,Cà phê,87800.0,VND/kg,Chợ Giá,https://chogia.vn/gia-ca-phe-dak-lak-hom-nay/,34.8,23.5,28.5,0.6,0.6,2.0,62,0.189,0.298,24.7,86800.0,87300.0,85300.0,88300.0,85800.0,93500.0,86385.71428571429,1295.4131534367607,86214.28571428571,88500.0,2872.4613979562464,0.18571428571428542,0.06666666666666667,27.87142857142857,28.65,60.42857142857143,54.3,3,23,4,2,0.8660254037844387,-0.4999999999999998,89300.0,1.0
2026-04-24,Đắk Lắk,Cà phê,89300.0,VND/kg,Chợ Giá,https://chogia.vn/gia-ca-phe-dak-lak-hom-nay/,34.4,24.0,28.8,0.4,0.4,4.0,64,0.194,0.296,23.52,87800.0,86800.0,87300.0,87000.0,85500.0,94000.0,86314.28571428571,1181.0003830497476,86357.14285714286,88310.0,2714.501287781851,0.19999999999999968,0.08666666666666667,27.985714285714288,28.743333333333336,59.285714285714285,54.43333333333333,4,24,4,2,0.8660254037844387,-0.4999999999999998,88000.0,1.0
2026-04-25,Đắk Lắk,Cà phê,88000.0,VND/kg,Chợ Giá,https://chogia.vn/gia-ca-phe-dak-lak-hom-nay/,33.8,24.5,28.0,0.9,0.9,1.0,66,0.194,0.293,22.55,89300.0,87800.0,86800.0,85000.0,85700.0,93200.0,86642.85714285714,1635.9066220882394,86628.57142857143,88153.33333333333,2502.1002671988103,0.19999999999999968,0.1,28.099999999999998,28.836666666666666,59.142857142857146,54.53333333333333,5,25,4,2,0.8660254037844387,-0.4999999999999998,88000.0,1.0
2026-04-26,Đắk Lắk,Cà phê,88000.0,VND/kg,Chợ Giá,https://chogia.vn/gia-ca-phe-dak-lak-hom-nay/,34.8,23.2,28.3,0.0,0.0,0.0,57,0.175,0.29,24.31,88000.0,89300.0,87800.0,85000.0,85700.0,92500.0,87071.42857142857,1522.8419547179558,86792.85714285714,87980.0,2313.4389985451994,0.3285714285714283,0.13,28.128571428571426,28.87333333333333,59.42857142857143,54.833333333333336,6,26,4,2,0.8660254037844387,-0.4999999999999998,88000.0,1.0
2026-04-27,Đắk Lắk,Cà phê,88000.0,VND/kg,Chợ Giá,https://chogia.vn/gia-ca-phe-dak-lak-hom-nay/,34.2,23.2,28.4,2.0,2.0,5.0,62,0.18,0.297,24.26,88000.0,88000.0,89300.0,85300.0,86000.0,92300.0,87500.0,1238.2783747343833,86957.14285714286,87830.0,2150.404933797369,0.3285714285714283,0.13,28.157142857142855,28.903333333333332,59.42857142857143,54.86666666666667,0,27,4,2,0.8660254037844387,-0.4999999999999998,87000.0,1.0
2026-04-28,Đắk Lắk,Cà phê,87000.0,VND/kg,Chợ Giá,https://chogia.vn/gia-ca-phe-dak-lak-hom-nay/,32.9,23.5,26.7,12.5,12.5,7.0,74,0.217,0.301,18.51,88000.0,88000.0,88000.0,87300.0,86500.0,92300.0,87885.71428571429,771.20808136541,87100.0,87686.66666666667,1978.6329891459802,0.5714285714285711,0.19666666666666668,28.3,28.916666666666668,60.42857142857143,55.06666666666667,1,28,4,2,0.8660254037844387,-0.4999999999999998,88600.0,1.0
2026-04-29,Đắk Lắk,Cà phê,88600.0,VND/kg,Chợ Giá,https://chogia.vn/gia-ca-phe-dak-lak-hom-nay/,32.5,23.9,26.9,3.7,3.7,5.0,76,0.229,0.317,21.47,87000.0,88000.0,88000.0,86800.0,87100.0,92300.0,87842.85714285714,816.204922915745,87135.71428571429,87510.0,1779.064070096061,2.3428571428571425,0.6133333333333333,28.099999999999998,28.876666666666665,63.285714285714285,55.53333333333333,2,29,4,2,0.8660254037844387,-0.4999999999999998,87600.0,1.0
2026-04-30,Đắk Lắk,Cà phê,87600.0,VND/kg,Chợ Giá,https://chogia.vn/gia-ca-phe-dak-lak-hom-nay/,32.2,23.6,27.4,0.3,0.3,2.0,72,0.287,0.314,24.71,88600.0,87000.0,88000.0,87800.0,88300.0,87500.0,88100.0,709.4598884607223,87242.85714285714,87386.66666666667,1548.9113715029198,2.871428571428571,0.7366666666666667,27.942857142857143,28.823333333333334,65.85714285714286,56.166666666666664,3,30,4,2,0.8660254037844387,-0.4999999999999998,86400.0,1.0
2026-05-01,Đắk Lắk,Cà phê,86400.0,VND/kg,Chợ Giá,https://chogia.vn/gia-ca-phe-dak-lak-hom-nay/,33.1,22.7,27.2,0.4,0.4,2.0,68,0.257,0.314,24.59,87600.0,88600.0,87000.0,89300.0,87000.0,89200.0,88071.42857142857,727.3565968965919,87192.85714285714,87390.0,1549.2712413582697,2.8285714285714283,0.7400000000000001,27.785714285714285,28.78666666666667,67.28571428571429,56.8,4,1,5,2,0.49999999999999994,-0.8660254037844387,86500.0,1.0
2026-05-02,Đắk Lắk,Cà phê,86500.0,VND/kg,Chợ Giá,https://chogia.vn/gia-ca-phe-dak-lak-hom-nay/,33.9,23.3,27.6,2.5,2.5,1.0,69,0.251,0.322,24.36,86400.0,87600.0,88600.0,88000.0,85000.0,90000.0,87657.14285714286,736.7883976139917,87150.0,87296.66666666667,1520.545123057438,2.8285714285714283,0.7533333333333334,27.557142857142853,28.709999999999997,67.85714285714286,57.53333333333333,5,2,5,2,0.49999999999999994,-0.8660254037844387,86500.0,1.0
2026-05-03,Đắk Lắk,Cà phê,86500.0,VND/kg,Chợ Giá,https://chogia.vn/gia-ca-phe-dak-lak-hom-nay/,35.3,22.7,28.5,0.0,0.0,0.0,63,0.244,0.314,26.14,86500.0,86400.0,87600.0,88000.0,85000.0,89200.0,87442.85714285714,832.38040754131,87257.14285714286,87180.0,1438.0062826548553,3.057142857142857,0.8366666666666667,27.499999999999996,28.7,68.28571428571429,58.166666666666664,6,3,5,2,0.49999999999999994,-0.8660254037844387,85600.0,1.0
2026-05-04,Đắk Lắk,Cà phê,85600.0,VND/kg,Chợ Giá,https://chogia.vn/gia-ca-phe-dak-lak-hom-nay/,33.5,23.6,28.1,0.1,0.1,1.0,65,0.215,0.311,23.1,86500.0,86500.0,86400.0,88000.0,85300.0,89200.0,87228.57142857143,857.7378887025017,87364.28571428571,87090.0,1390.9436142131344,3.057142857142857,0.8366666666666667,27.52857142857143,28.73,69.14285714285714,58.86666666666667,0,4,5,2,0.49999999999999994,-0.8660254037844387,85600.0,1.0
2026-05-05,Đắk Lắk,Cà phê,85600.0,VND/kg,Chợ Giá,https://chogia.vn/gia-ca-phe-dak-lak-hom-nay/,32.3,23.7,27.2,1.1,1.1,6.0,69,0.201,0.312,21.44,85600.0,86500.0,86500.0,87000.0,87300.0,89200.0,86885.71428571429,970.2724212458021,87385.71428571429,86970.0,1357.5205593119772,2.7857142857142856,0.8400000000000001,27.485714285714288,28.69333333333333,69.57142857142857,59.4,1,5,5,2,0.49999999999999994,-0.8660254037844387,86000.0,1.0
2026-05-06,Đắk Lắk,Cà phê,86000.0,VND/kg,Chợ Giá,https://chogia.vn/gia-ca-phe-dak-lak-hom-nay/,33.8,22.9,27.3,4.8,4.8,3.0,70,0.222,0.304,21.57,85600.0,85600.0,86500.0,88600.0,86800.0,89200.0,86685.71428571429,1080.7845474917317,87264.28571428571,86850.0,1311.9477491656576,1.1571428571428568,0.8766666666666667,27.557142857142857,28.603333333333335,68.85714285714286,60.166666666666664,2,6,5,2,0.49999999999999994,-0.8660254037844387,87000.0,1.0
2026-05-07,Đắk Lắk,Cà phê,87000.0,VND/kg,Chợ Giá,https://chogia.vn/gia-ca-phe-dak-lak-hom-nay/,34.3,23.5,28.4,0.0,0.0,0.0,64,0.243,0.309,25.94,86000.0,85600.0,85600.0,87600.0,87800.0,89200.0,86314.28571428571,689.0296835141894,87207.14285714286,86743.33333333333,1242.5455887889698,1.3142857142857143,1.0366666666666666,27.614285714285717,28.506666666666668,68.0,60.9,3,7,5,2,0.49999999999999994,-0.8660254037844387,87500.0,1.0
2026-05-08,Đắk Lắk,Cà phê,87500.0,VND/kg,Chợ Giá,https://chogia.vn/gia-ca-phe-dak-lak-hom-nay/,34.1,23.2,27.9,0.0,0.0,0.0,63,0.209,0.302,26.55,87000.0,86000.0,85600.0,86400.0,89300.0,85200.0,86228.57142857143,518.6980037067799,87150.0,86670.0,1154.347106102972,1.2714285714285711,1.0366666666666666,27.757142857142856,28.45,66.85714285714286,61.46666666666667,4,8,5,2,0.49999999999999994,-0.8660254037844387,87100.0,1.0
2026-05-09,Đắk Lắk,Cà phê,87100.0,VND/kg,Chợ Giá,https://chogia.vn/gia-ca-phe-dak-lak-hom-nay/,33.7,22.9,27.6,1.5,1.5,4.0,66,0.199,0.304,24.9,87500.0,87000.0,86000.0,86500.0,88000.0,85800.0,86385.71428571429,710.4659772034452,87021.42857142857,86746.66666666667,1129.4592338409493,1.2142857142857142,1.0366666666666666,27.857142857142858,28.36,66.14285714285714,62.06666666666667,5,9,5,2,0.49999999999999994,-0.8660254037844387,87100.0,1.0
2026-05-10,Đắk Lắk,Cà phê,87100.0,VND/kg,Chợ Giá,https://chogia.vn/gia-ca-phe-dak-lak-hom-nay/,33.6,24.0,28.1,0.3,0.3,2.0,66,0.196,0.303,24.87,87100.0,87500.0,87000.0,86500.0,88000.0,85500.0,86471.42857142857,760.9517849702037,86957.14285714286,86790.0,1116.7532990878306,1.0714285714285712,1.0866666666666667,27.857142857142858,28.27333333333333,65.71428571428571,62.5,6,10,5,2,0.49999999999999994,-0.8660254037844387,87000.0,1.0
2026-05-11,Đắk Lắk,Cà phê,87000.0,VND/kg,Chợ Giá,https://chogia.vn/gia-ca-phe-dak-lak-hom-nay/,33.8,23.8,28.3,0.0,0.0,0.0,65,0.191,0.296,25.47,87100.0,87100.0,87500.0,85600.0,88000.0,85700.0,86557.14285714286,797.6154939519248,86892.85714285714,86843.33333333333,1090.929162123148,1.114285714285714,1.0966666666666667,27.800000000000004,28.206666666666667,66.14285714285714,63.13333333333333,0,11,5,2,0.49999999999999994,-0.8660254037844387,88000.0,1.0
2026-05-12,Đắk Lắk,Cà phê,88000.0,VND/kg,Chợ Giá,https://chogia.vn/gia-ca-phe-dak-lak-hom-nay/,36.3,24.2,29.6,0.0,0.0,0.0,58,0.194,0.296,26.02,87000.0,87100.0,87100.0,85600.0,87000.0,85700.0,86757.14285714286,685.2180744299238,86821.42857142857,86886.66666666667,1069.5578633143875,1.0999999999999999,1.0966666666666667,27.828571428571426,28.136666666666663,66.14285714285714,63.733333333333334,1,12,5,2,0.49999999999999994,-0.8660254037844387,87900.0,1.0
2026-05-13,Đắk Lắk,Cà phê,87900.0,VND/kg,Chợ Giá,https://chogia.vn/gia-ca-phe-dak-lak-hom-nay/,33.6,24.6,28.6,1.3,1.3,4.0,70,0.201,0.299,22.55,88000.0,87000.0,87100.0,86000.0,88600.0,86000.0,87100.0,605.53007082078,86892.85714285714,86963.33333333333,1063.9818942320164,0.9428571428571425,1.0966666666666667,28.17142857142857,28.096666666666668,64.57142857142857,64.1,2,13,5,2,0.49999999999999994,-0.8660254037844387,88900.0,1.0
2026-05-14,Đắk Lắk,Cà phê,88900.0,VND/kg,Chợ Giá,https://chogia.vn/gia-ca-phe-dak-lak-hom-nay/,34.0,24.3,28.2,6.2,6.2,16.0,76,0.217,0.29,23.16,87900.0,88000.0,87000.0,87000.0,87600.0,86500.0,87371.42857142857,430.9458036873801,86842.85714285714,87026.66666666667,1061.2072933830848,0.4428571428571426,1.1333333333333333,28.357142857142858,28.043333333333333,64.57142857142857,64.56666666666666,3,14,5,2,0.49999999999999994,-0.8660254037844387,87700.0,1.0
2026-05-15,Đắk Lắk,Cà phê,87700.0,VND/kg,Chợ Giá,https://chogia.vn/gia-ca-phe-dak-lak-hom-nay/,34.4,23.2,28.0,3.2,3.2,6.0,76,0.24,0.287,24.43,88900.0,87900.0,88000.0,87500.0,86400.0,87100.0,87642.85714285714,682.7814263670888,86935.71428571429,87106.66666666667,1109.499213941318,1.3285714285714285,1.34,28.32857142857143,27.980000000000004,66.28571428571429,65.13333333333334,4,15,5,2,0.49999999999999994,-0.8660254037844387,87700.0,1.0
2026-05-16,Đắk Lắk,Cà phê,87700.0,VND/kg,Chợ Giá,https://chogia.vn/gia-ca-phe-dak-lak-hom-nay/,30.7,23.1,26.5,23.2,23.2,11.0,78,0.433,0.297,15.17,87700.0,88900.0,87900.0,87100.0,86500.0,88300.0,87671.42857142857,679.985994254547,87028.57142857143,87126.66666666667,1114.7702201204738,1.7857142857142854,1.4366666666666668,28.342857142857145,27.956666666666667,68.14285714285714,65.46666666666667,5,16,5,2,0.49999999999999994,-0.8660254037844387,87700.0,1.0
2026-05-17,Đắk Lắk,Cà phê,87700.0,VND/kg,Chợ Giá,https://chogia.vn/gia-ca-phe-dak-lak-hom-nay/,31.5,24.2,26.4,2.3,2.3,8.0,83,0.43,0.311,19.57,87700.0,87700.0,88900.0,87100.0,86500.0,87000.0,87757.14285714286,632.0789582996568,87114.28571428571,87106.66666666667,1098.2535770620123,4.885714285714285,2.1933333333333334,28.185714285714287,27.916666666666668,69.85714285714286,65.73333333333333,6,17,5,2,0.49999999999999994,-0.8660254037844387,87000.0,1.0
2026-05-18,Đắk Lắk,Cà phê,87000.0,VND/kg,Chợ Giá,https://chogia.vn/gia-ca-phe-dak-lak-hom-nay/,32.9,23.4,26.2,20.4,20.4,19.0,87,0.459,0.315,19.74,87700.0,87700.0,87700.0,87000.0,85600.0,85000.0,87842.85714285714,565.264371356586,87200.0,87130.0,1103.333506957664,5.171428571428572,2.2566666666666664,27.942857142857143,27.863333333333333,72.28571428571429,66.33333333333333,0,18,5,2,0.49999999999999994,-0.8660254037844387,85300.0,1.0
2026-05-19,Đắk Lắk,Cà phê,85300.0,VND/kg,Chợ Giá,https://chogia.vn/gia-ca-phe-dak-lak-hom-nay/,32.1,23.6,26.4,10.7,10.7,15.0,86,0.447,0.34,19.75,87000.0,87700.0,87700.0,88000.0,85600.0,85000.0,87842.85714285714,565.264371356586,87300.0,87196.66666666667,1028.0491512863573,8.085714285714285,2.9366666666666665,27.642857142857142,27.81,75.42857142857143,67.1,1,19,5,2,0.49999999999999994,-0.8660254037844387,86100.0,1.0
2026-05-20,Đắk Lắk,Cà phê,86100.0,VND/kg,Chợ Giá,https://chogia.vn/gia-ca-phe-dak-lak-hom-nay/,31.9,24.1,27.2,1.4,1.4,5.0,80,0.42,0.362,21.18,85300.0,87000.0,87700.0,87900.0,86000.0,85300.0,87457.14285714286,1104.3205193807005,87278.57142857143,87206.66666666667,1007.1925245942491,9.614285714285714,3.2933333333333334,27.185714285714283,27.753333333333334,79.42857142857143,68.06666666666666,2,20,5,2,0.49999999999999994,-0.8660254037844387,86000.0,1.0
2026-05-21,Đắk Lắk,Cà phê,86000.0,VND/kg,Chợ Giá,https://chogia.vn/gia-ca-phe-dak-lak-hom-nay/,32.5,23.9,27.0,3.1,3.1,9.0,83,0.388,0.354,22.74,86100.0,85300.0,87000.0,88900.0,87000.0,87300.0,87200.0,1190.2380714244448,87285.71428571429,87233.33333333333,964.663004698033,9.62857142857143,3.3299999999999996,26.985714285714284,27.746666666666666,80.85714285714286,68.9,3,21,5,2,0.49999999999999994,-0.8660254037844387,86700.0,1.0
2026-05-22,Đắk Lắk,Cà phê,86700.0,VND/kg,Chợ Giá,https://chogia.vn/gia-ca-phe-dak-lak-hom-nay/,32.7,23.9,27.8,0.5,0.5,4.0,76,0.382,0.355,25.28,86000.0,86100.0,85300.0,87700.0,87500.0,86800.0,86785.71428571429,987.3003113356746,87214.28571428571,87190.0,990.4196254477646,9.185714285714285,3.43,26.814285714285713,27.709999999999997,81.85714285714286,69.86666666666666,4,22,5,2,0.49999999999999994,-0.8660254037844387,88000.0,1.0
2026-05-23,Đắk Lắk,Cà phê,88000.0,VND/kg,Chợ Giá,https://chogia.vn/gia-ca-phe-dak-lak-hom-nay/,31.5,24.5,26.9,2.9,2.9,7.0,82,0.338,0.343,23.29,86700.0,86000.0,86100.0,87700.0,87100.0,87800.0,86642.85714285714,901.5859043146103,87157.14285714286,87186.66666666667,991.9445664843552,8.799999999999999,3.4466666666666668,26.785714285714285,27.703333333333333,81.85714285714286,70.46666666666667,5,23,5,2,0.49999999999999994,-0.8660254037844387,88000.0,1.0
2026-05-24,Đắk Lắk,Cà phê,88000.0,VND/kg,Chợ Giá,https://chogia.vn/gia-ca-phe-dak-lak-hom-nay/,33.1,22.8,27.3,5.4,5.4,9.0,78,0.326,0.335,24.11,88000.0,86700.0,86000.0,87700.0,87100.0,89300.0,86685.71428571429,965.1054716611088,87221.42857142857,87193.33333333333,996.8686605697438,5.8999999999999995,3.523333333333333,26.842857142857145,27.65,82.42857142857143,71.13333333333334,6,24,5,2,0.49999999999999994,-0.8660254037844387,87600.0,1.0
2026-05-25,Đắk Lắk,Cà phê,87600.0,VND/kg,Chợ Giá,https://chogia.vn/gia-ca-phe-dak-lak-hom-nay/,32.2,23.4,26.9,1.5,1.5,4.0,79,0.293,0.338,23.25,88000.0,88000.0,86700.0,87000.0,87000.0,88000.0,86728.57142857143,1022.6017238964125,87285.71428571429,87150.0,928.0123364164031,6.3428571428571425,3.69,26.971428571428568,27.6,81.71428571428571,71.6,0,25,5,2,0.49999999999999994,-0.8660254037844387,87800.0,1.0
2026-05-26,Đắk Lắk,Cà phê,87800.0,VND/kg,Chợ Giá,https://chogia.vn/gia-ca-phe-dak-lak-hom-nay/,32.6,23.7,27.0,1.9,1.9,7.0,77,0.25,0.33,24.72,87600.0,88000.0,88000.0,85300.0,88000.0,88000.0,86814.28571428571,1073.046397612973,87328.57142857143,87136.66666666667,918.2003888107909,3.642857142857143,3.71,27.071428571428573,27.563333333333333,80.57142857142857,72.03333333333333,1,26,5,2,0.49999999999999994,-0.8660254037844387,88500.0,1.0
2026-05-27,Đắk Lắk,Cà phê,88500.0,VND/kg,Chợ Giá,https://chogia.vn/gia-ca-phe-dak-lak-hom-nay/,33.2,23.4,26.8,3.4,3.4,6.0,80,0.265,0.325,24.77,87800.0,87600.0,88000.0,86100.0,87900.0,88000.0,87171.42857142857,884.523008396313,87314.28571428571,87130.0,912.4238277076095,2.3857142857142857,3.7733333333333334,27.157142857142855,27.519999999999996,79.28571428571429,72.7,2,27,5,2,0.49999999999999994,-0.8660254037844387,87700.0,1.0
2026-05-28,Đắk Lắk,Cà phê,87700.0,VND/kg,Chợ Giá,https://chogia.vn/gia-ca-phe-dak-lak-hom-nay/,30.4,22.8,26.7,3.5,3.5,6.0,81,0.286,0.329,18.62,88500.0,87800.0,87600.0,86000.0,88900.0,87000.0,87514.28571428571,864.9249898671331,87357.14285714286,87146.66666666667,933.1937498193766,2.6714285714285713,3.82,27.1,27.466666666666665,79.28571428571429,73.3,3,28,5,2,0.49999999999999994,-0.8660254037844387,89100.0,1.0
2026-05-29,Đắk Lắk,Cà phê,89100.0,VND/kg,Chợ Giá,https://chogia.vn/gia-ca-phe-dak-lak-hom-nay/,28.8,22.7,25.9,5.5,5.5,8.0,84,0.314,0.334,12.49,87700.0,88500.0,87800.0,86700.0,87700.0,88600.0,87757.14285714286,550.3245795514682,87271.42857142857,87170.0,938.1382884549497,2.7285714285714286,3.52,27.057142857142857,27.466666666666665,79.0,73.53333333333333,4,29,5,2,0.49999999999999994,-0.8660254037844387,87300.0,1.0
2026-05-30,Đắk Lắk,Cà phê,87300.0,VND/kg,Chợ Giá,https://chogia.vn/gia-ca-phe-dak-lak-hom-nay/,28.1,22.4,24.3,18.5,18.5,17.0,93,0.429,0.343,13.39,89100.0,87700.0,88500.0,88000.0,87700.0,87600.0,88100.0,529.150262214119,87371.42857142857,87186.66666666667,968.3734436807486,3.442857142857143,3.5799999999999996,26.785714285714285,27.433333333333334,80.14285714285714,73.8,5,30,5,2,0.49999999999999994,-0.8660254037844387,87300.0,1.0
2026-05-31,Đắk Lắk,Cà phê,87300.0,VND/kg,Chợ Giá,https://chogia.vn/gia-ca-phe-dak-lak-hom-nay/,25.4,21.8,23.5,25.0,25.0,21.0,97,0.495,0.407,7.08,87300.0,89100.0,87700.0,88000.0,87700.0,86400.0,88000.0,611.0100926618384,87342.85714285714,87176.66666666667,965.5026681931929,5.671428571428572,4.1866666666666665,26.41428571428571,27.33,81.71428571428571,74.5,6,31,5,2,0.49999999999999994,-0.8660254037844387,87300.0,1.0
2026-06-01,Đắk Lắk,Cà phê,87300.0,VND/kg,Chợ Giá,https://chogia.vn/gia-ca-phe-dak-lak-hom-nay/,27.6,22.2,24.1,22.7,22.7,24.0,93,0.504,0.477,13.03,87300.0,87300.0,89100.0,87600.0,87000.0,86500.0,87900.0,665.8328118489294,87314.28571428571,87206.66666666667,954.4571785766343,8.471428571428572,5.006666666666667,25.871428571428574,27.206666666666667,84.42857142857143,75.46666666666667,0,1,6,2,1.2246467991473532e-16,-1.0,86700.0,1.0
2026-06-02,Đắk Lắk,Cà phê,86700.0,VND/kg,Chợ Giá,https://chogia.vn/gia-ca-phe-dak-lak-hom-nay/,28.6,23.0,24.8,6.5,6.5,10.0,90,0.496,0.486,14.7,87300.0,87300.0,87300.0,87800.0,85300.0,86500.0,87857.14285714286,697.2736021045142,87335.71428571429,87233.33333333333,945.1631252448929,11.5,5.680000000000001,25.47142857142857,27.09,86.42857142857143,76.26666666666667,1,2,6,2,1.2246467991473532e-16,-1.0,87200.0,1.0
2026-06-03,Đắk Lắk,Cà phê,87200.0,VND/kg,Chợ Giá,https://chogia.vn/gia-ca-phe-dak-lak-hom-nay/,29.2,22.7,25.4,5.5,5.5,10.0,85,0.476,0.473,20.69,86700.0,87300.0,87300.0,88500.0,86100.0,85600.0,87700.0,824.6211251243603,87435.71428571429,87240.0,940.506099994729,12.157142857142858,5.8966666666666665,25.157142857142855,26.966666666666665,88.28571428571429,77.16666666666667,2,3,6,2,1.2246467991473532e-16,-1.0,86000.0,1.0
2026-06-04,Đắk Lắk,Cà phê,86000.0,VND/kg,Chợ Giá,https://chogia.vn/gia-ca-phe-dak-lak-hom-nay/,29.9,22.9,25.6,2.7,2.7,8.0,85,0.469,0.461,19.62,87200.0,86700.0,87300.0,87700.0,86000.0,85600.0,87514.28571428571,758.1305327998043,87514.28571428571,87293.33333333333,888.2114276563224,12.457142857142857,6.076666666666667,24.957142857142856,26.876666666666665,89.0,77.83333333333333,3,4,6,2,1.2246467991473532e-16,-1.0,85800.0,1.0
2026-06-05,Đắk Lắk,Cà phê,85800.0,VND/kg,Chợ Giá,https://chogia.vn/gia-ca-phe-dak-lak-hom-nay/,30.7,23.4,26.6,1.2,1.2,8.0,80,0.442,0.447,23.72,86000.0,87200.0,86700.0,89100.0,86700.0,86000.0,87271.42857142857,939.3513466123403,87514.28571428571,87306.66666666667,864.6040885136173,12.342857142857143,6.129999999999999,24.8,26.82333333333333,89.57142857142857,78.36666666666666,4,5,6,2,1.2246467991473532e-16,-1.0,85200.0,1.0
2026-06-06,Đắk Lắk,Cà phê,85200.0,VND/kg,Chợ Giá,https://chogia.vn/gia-ca-phe-dak-lak-hom-nay/,31.9,23.5,27.1,2.9,2.9,7.0,79,0.409,0.433,22.82,85800.0,86000.0,87200.0,87300.0,88000.0,87000.0,86800.0,653.1972647433796,87450.0,87300.0,875.7262995442919,11.728571428571428,6.010000000000001,24.900000000000002,26.8,89.0,78.7,5,6,6,2,1.2246467991473532e-16,-1.0,85200.0,1.0
2026-06-07,Đắk Lắk,Cà phê,85200.0,VND/kg,Chợ Giá,https://chogia.vn/gia-ca-phe-dak-lak-hom-nay/,31.9,23.5,26.7,13.4,13.4,10.0,82,0.376,0.415,23.49,85200.0,85800.0,86000.0,87300.0,88000.0,87500.0,86500.0,840.6346808622014,87250.0,87240.0,955.0591243602912,9.5,6.106666666666667,25.3,26.756666666666668,87.0,79.2,6,7,6,2,1.2246467991473532e-16,-1.0,85100.0,1.0
2026-06-08,Đắk Lắk,Cà phê,85100.0,VND/kg,Chợ Giá,https://chogia.vn/gia-ca-phe-dak-lak-hom-nay/,31.2,22.9,26.7,2.4,2.4,10.0,80,0.394,0.405,23.62,85200.0,85200.0,85800.0,87300.0,87600.0,87100.0,86200.0,881.2869377611119,87050.0,87163.33333333333,1023.3425062249618,7.8428571428571425,6.553333333333333,25.75714285714286,26.716666666666665,84.85714285714286,79.83333333333333,0,8,6,2,1.2246467991473532e-16,-1.0,85500.0,1.0
2026-06-09,Đắk Lắk,Cà phê,85500.0,VND/kg,Chợ Giá,https://chogia.vn/gia-ca-phe-dak-lak-hom-nay/,31.8,23.2,26.0,9.4,9.4,16.0,85,0.419,0.398,19.25,85100.0,85200.0,85200.0,86700.0,87800.0,87100.0,85885.71428571429,813.2825901433823,86871.42857142857,87096.66666666667,1090.5497927944343,4.942857142857143,6.583333333333333,26.12857142857143,26.686666666666667,83.0,80.3,1,9,6,2,1.2246467991473532e-16,-1.0,84800.0,1.0
2026-06-10,Đắk Lắk,Cà phê,84800.0,VND/kg,Chợ Giá,https://chogia.vn/gia-ca-phe-dak-lak-hom-nay/,29.9,23.3,25.6,4.7,4.7,13.0,88,0.449,0.409,19.5,85500.0,85100.0,85200.0,87200.0,88500.0,87000.0,85714.28571428571,735.8183005541274,86707.14285714286,87043.33333333333,1128.8331886533672,5.357142857142857,6.886666666666667,26.300000000000004,26.616666666666667,82.28571428571429,80.93333333333334,2,10,6,2,1.2246467991473532e-16,-1.0,85300.0,1.0
2026-06-11,Đắk Lắk,Cà phê,85300.0,VND/kg,Chợ Giá,https://chogia.vn/gia-ca-phe-dak-lak-hom-nay/,29.5,22.5,25.7,2.5,2.5,13.0,86,0.459,0.421,18.65,84800.0,85500.0,85100.0,86000.0,87700.0,88000.0,85371.42857142857,419.1828786056786,86442.85714285714,86970.0,1200.9048312761063,5.242857142857143,7.043333333333333,26.32857142857143,26.526666666666667,82.71428571428571,81.7,3,11,6,2,1.2246467991473532e-16,-1.0,87500.0,1.0
2026-06-12,Đắk Lắk,Cà phê,87500.0,VND/kg,Chợ Giá,https://chogia.vn/gia-ca-phe-dak-lak-hom-nay/,30.4,22.9,25.9,3.7,3.7,7.0,85,0.42,0.418,21.81,85300.0,84800.0,85500.0,85800.0,89100.0,87900.0,85271.42857142857,314.7183169907577,86271.42857142857,86880.0,1222.038997059407,5.214285714285714,7.126666666666666,26.342857142857145,26.396666666666665,82.85714285714286,82.63333333333334,4,12,6,2,1.2246467991473532e-16,-1.0,89500.0,1.0
2026-06-13,Đắk Lắk,Cà phê,89500.0,VND/kg,Chợ Giá,https://chogia.vn/gia-ca-phe-dak-lak-hom-nay/,31.4,22.9,25.9,6.9,6.9,12.0,84,0.389,0.408,24.82,87500.0,85300.0,84800.0,85200.0,87300.0,88900.0,85514.28571428571,900.7933011686977,86157.14285714286,86866.66666666667,1212.6725496327535,5.571428571428571,7.206666666666667,26.24285714285714,26.30666666666667,83.57142857142857,83.13333333333334,5,13,6,2,1.2246467991473532e-16,-1.0,89500.0,1.0
2026-06-14,Đắk Lắk,Cà phê,89500.0,VND/kg,Chợ Giá,https://chogia.vn/gia-ca-phe-dak-lak-hom-nay/,31.2,22.5,25.8,7.0,7.0,7.0,85,0.393,0.404,24.53,89500.0,87500.0,85300.0,85200.0,87300.0,87700.0,86128.57142857143,1732.7379929991341,86314.28571428571,86886.66666666667,1251.6839232279442,6.142857142857143,7.23,26.071428571428573,26.23,84.28571428571429,83.4,6,14,6,2,1.2246467991473532e-16,-1.0,89500.0,1.0
2026-06-15,Đắk Lắk,Cà phê,89500.0,VND/kg,Chợ Giá,https://chogia.vn/gia-ca-phe-dak-lak-hom-nay/,30.9,22.5,26.5,1.6,1.6,10.0,78,0.397,0.4,24.53,89500.0,89500.0,87500.0,85100.0,87300.0,87700.0,86742.85714285714,2076.7419538447084,86471.42857142857,86946.66666666667,1332.5457443963094,5.228571428571429,7.356666666666667,25.942857142857143,26.156666666666663,84.71428571428571,83.7,0,15,6,2,1.2246467991473532e-16,-1.0,89300.0,1.0
2026-06-16,Đắk Lắk,Cà phê,89300.0,VND/kg,Chợ Giá,https://chogia.vn/gia-ca-phe-dak-lak-hom-nay/,31.7,22.6,26.3,13.3,13.3,10.0,82,0.402,0.394,24.29,89500.0,89500.0,89500.0,85500.0,86700.0,87700.0,87371.42857142857,2160.7979125890224,86628.57142857143,87006.66666666667,1406.1278043933496,5.114285714285715,6.636666666666667,25.91428571428571,26.156666666666663,84.42857142857143,83.7,1,16,6,2,1.2246467991473532e-16,-1.0,89300.0,1.0
2026-06-17,Đắk Lắk,Cà phê,89300.0,VND/kg,Chợ Giá,https://chogia.vn/gia-ca-phe-dak-lak-hom-nay/,30.4,22.6,26.1,6.9,6.9,7.0,82,0.416,0.393,23.8,89300.0,89500.0,89500.0,84800.0,87200.0,87000.0,87914.28571428571,2088.4033545821335,86814.28571428571,87060.0,1462.5438395986168,5.671428571428572,7.003333333333333,25.957142857142856,26.153333333333332,84.0,83.66666666666667,2,17,6,2,1.2246467991473532e-16,-1.0,89600.0,1.0
2026-06-18,Đắk Lắk,Cà phê,89600.0,VND/kg,Chợ Giá,https://chogia.vn/gia-ca-phe-dak-lak-hom-nay/,31.0,22.4,25.4,6.6,6.6,10.0,86,0.385,0.385,24.22,89300.0,89300.0,89500.0,85300.0,86000.0,85300.0,88557.14285714286,1607.1269840489688,86964.28571428571,87136.66666666667,1518.5027410913467,5.985714285714286,6.553333333333333,26.02857142857143,26.15,83.14285714285714,83.5,3,18,6,2,1.2246467991473532e-16,-1.0,89900.0,1.0
2026-06-19,Đắk Lắk,Cà phê,89900.0,VND/kg,Chợ Giá,https://chogia.vn/gia-ca-phe-dak-lak-hom-nay/,30.6,22.0,26.2,1.1,1.1,5.0,81,0.417,0.382,23.61,89600.0,89300.0,89300.0,87500.0,85800.0,86100.0,89171.42857142857,745.4624643235463,87221.42857142857,87280.0,1541.9199853976484,6.571428571428571,6.416666666666667,25.985714285714288,26.116666666666667,83.14285714285714,83.5,4,19,6,2,1.2246467991473532e-16,-1.0,89200.0,1.0
2026-06-20,Đắk Lắk,Cà phê,89200.0,VND/kg,Chợ Giá,https://chogia.vn/gia-ca-phe-dak-lak-hom-nay/,31.0,22.7,26.1,8.2,8.2,10.0,83,0.409,0.382,24.09,89900.0,89600.0,89300.0,89500.0,85200.0,86000.0,89514.28571428571,203.54009784202708,87514.28571428571,87406.66666666667,1596.7495719090532,6.200000000000001,6.406666666666667,26.02857142857143,26.083333333333332,82.57142857142857,83.53333333333333,5,20,6,2,1.2246467991473532e-16,-1.0,89200.0,1.0
2026-06-21,Đắk Lắk,Cà phê,89200.0,VND/kg,Chợ Giá,https://chogia.vn/gia-ca-phe-dak-lak-hom-nay/,31.2,22.9,25.8,4.6,4.6,11.0,86,0.419,0.383,23.23,89200.0,89900.0,89600.0,89500.0,85200.0,86700.0,89471.42857142857,236.0387377429086,87800.0,87513.33333333333,1606.3952649070966,6.385714285714285,6.576666666666667,26.057142857142857,26.053333333333335,82.42857142857143,83.53333333333333,6,21,6,2,1.2246467991473532e-16,-1.0,89300.0,1.0
2026-06-22,Đắk Lắk,Cà phê,89300.0,VND/kg,Chợ Giá,https://chogia.vn/gia-ca-phe-dak-lak-hom-nay/,30.8,22.9,26.3,2.2,2.2,9.0,82,0.406,0.378,24.79,89200.0,89200.0,89900.0,89500.0,85100.0,88000.0,89428.57142857143,256.34797778659157,88085.71428571429,87596.66666666667,1627.4548213059095,6.042857142857144,6.713333333333334,26.057142857142857,25.986666666666665,82.57142857142857,83.86666666666666,0,22,6,2,1.2246467991473532e-16,-1.0,88500.0,1.0
2026-06-23,Đắk Lắk,Cà phê,88500.0,VND/kg,Chợ Giá,https://chogia.vn/gia-ca-phe-dak-lak-hom-nay/,30.9,22.3,25.9,6.1,6.1,12.0,85,0.408,0.373,23.53,89300.0,89200.0,89200.0,89300.0,85500.0,88000.0,89400.0,258.19888974908827,88385.71428571429,87640.0,1655.6278109120533,6.128571428571428,6.69,26.028571428571432,25.966666666666665,83.14285714285714,83.86666666666666,1,23,6,2,1.2246467991473532e-16,-1.0,88700.0,1.0
2026-06-24,Đắk Lắk,Cà phê,88700.0,VND/kg,Chợ Giá,https://chogia.vn/gia-ca-phe-dak-lak-hom-nay/,32.1,23.2,26.6,2.6,2.6,7.0,80,0.37,0.368,24.71,88500.0,89300.0,89200.0,89300.0,84800.0,87600.0,89285.71428571429,429.839394149634,88600.0,87656.66666666667,1661.881636790728,5.1,6.713333333333334,25.97142857142857,25.92,83.57142857142857,84.1,2,24,6,2,1.2246467991473532e-16,-1.0,89400.0,1.0
2026-06-25,Đắk Lắk,Cà phê,89400.0,VND/kg,Chợ Giá,https://chogia.vn/gia-ca-phe-dak-lak-hom-nay/,31.7,23.1,26.8,3.5,3.5,7.0,77,0.332,0.364,22.62,88700.0,88500.0,89300.0,89600.0,85300.0,87800.0,89200.0,483.0458915407238,88878.57142857143,87693.33333333333,1672.6879737299696,4.485714285714286,6.75,26.042857142857144,25.910000000000004,83.28571428571429,84.13333333333334,3,25,6,2,1.2246467991473532e-16,-1.0,90400.0,1.0
2026-06-26,Đắk Lắk,Cà phê,90400.0,VND/kg,Chợ Giá,https://chogia.vn/gia-ca-phe-dak-lak-hom-nay/,31.3,23.2,26.7,1.9,1.9,7.0,79,0.341,0.357,23.7,89400.0,88700.0,88500.0,89900.0,87500.0,88500.0,89171.42857142857,460.84807950342855,89171.42857142857,87746.66666666667,1701.466574969007,4.042857142857143,6.803333333333333,26.24285714285714,25.903333333333332,82.0,84.13333333333334,4,26,6,2,1.2246467991473532e-16,-1.0,89800.0,1.0
2026-06-27,Đắk Lắk,Cà phê,89800.0,VND/kg,Chợ Giá,https://chogia.vn/gia-ca-phe-dak-lak-hom-nay/,31.1,23.1,25.9,8.1,8.1,13.0,85,0.364,0.356,22.29,90400.0,89400.0,88700.0,89200.0,89500.0,87700.0,89242.85714285714,607.884700847813,89378.57142857143,87810.0,1764.6627107604147,4.157142857142857,6.753333333333333,26.314285714285717,25.9,81.71428571428571,84.1,5,27,6,2,1.2246467991473532e-16,-1.0,89800.0,1.0
2026-06-28,Đắk Lắk,Cà phê,89800.0,VND/kg,Chợ Giá,https://chogia.vn/gia-ca-phe-dak-lak-hom-nay/,31.3,23.3,25.9,16.1,16.1,11.0,87,0.375,0.349,22.58,89800.0,90400.0,89400.0,89200.0,89500.0,89100.0,89328.57142857143,642.1689438005806,89400.0,87880.0,1801.4170667187475,4.142857142857143,6.906666666666666,26.285714285714285,25.873333333333335,82.0,84.23333333333333,6,28,6,2,1.2246467991473532e-16,-1.0,89800.0,1.0
2026-06-29,Đắk Lắk,Cà phê,89800.0,VND/kg,Chợ Giá,https://chogia.vn/gia-ca-phe-dak-lak-hom-nay/,30.4,23.7,25.9,5.1,5.1,15.0,87,0.4,0.347,19.5,89800.0,89800.0,90400.0,89300.0,89500.0,87300.0,89414.28571428571,661.8876325300345,89421.42857142857,87903.33333333333,1822.1781837468752,5.785714285714286,7.26,26.3,25.87333333333333,82.14285714285714,84.33333333333333,0,29,6,2,1.2246467991473532e-16,-1.0,89200.0,1.0
2026-06-30,Đắk Lắk,Cà phê,89200.0,VND/kg,Chợ Giá,https://chogia.vn/gia-ca-phe-dak-lak-hom-nay/,30.3,23.1,25.4,10.1,10.1,10.0,88,0.404,0.339,17.49,89800.0,89800.0,89800.0,88500.0,89300.0,87300.0,89485.71428571429,674.3603671353013,89442.85714285714,87986.66666666667,1850.579281779274,6.200000000000001,6.813333333333333,26.24285714285714,25.926666666666666,82.85714285714286,84.13333333333334,1,30,6,2,1.2246467991473532e-16,-1.0,90400.0,1.0
2026-07-01,Đắk Lắk,Cà phê,90400.0,VND/kg,Chợ Giá,https://chogia.vn/gia-ca-phe-dak-lak-hom-nay/,28.6,23.0,25.5,8.8,8.8,15.0,89,0.43,0.343,18.93,89200.0,89800.0,89800.0,88700.0,89300.0,87300.0,89585.71428571429,542.9197958840942,89435.71428571429,88050.0,1858.7630295413696,6.771428571428572,6.316666666666666,26.17142857142857,25.990000000000002,83.28571428571429,83.83333333333333,2,1,7,3,-0.4999999999999997,-0.8660254037844388,92000.0,1.0
2026-07-02,Đắk Lắk,Cà phê,92000.0,VND/kg,Chợ Giá,https://chogia.vn/gia-ca-phe-dak-lak-hom-nay/,26.8,22.9,24.4,24.2,24.2,22.0,92,0.462,0.356,12.32,90400.0,89200.0,89800.0,89400.0,89600.0,86700.0,89828.57142857143,453.5573676120049,89514.28571428571,88153.33333333333,1901.3123114672655,7.6571428571428575,5.8533333333333335,26.014285714285712,26.03666666666667,84.57142857142857,83.7,3,2,7,3,-0.4999999999999997,-0.8660254037844388,93000.0,1.0
2026-07-03,Đắk Lắk,Cà phê,93000.0,VND/kg,Chợ Giá,https://chogia.vn/gia-ca-phe-dak-lak-hom-nay/,27.8,22.9,24.5,5.0,5.0,18.0,90,0.475,0.412,10.7,92000.0,90400.0,89200.0,90400.0,89900.0,87200.0,90200.0,894.4271910003233,89685.71428571429,88330.0,2005.0195630631224,10.614285714285714,6.443333333333333,25.671428571428574,26.023333333333333,86.71428571428571,83.76666666666667,4,3,7,3,-0.4999999999999997,-0.8660254037844388,92800.0,1.0
2026-07-04,Đắk Lắk,Cà phê,92800.0,VND/kg,Chợ Giá,https://chogia.vn/gia-ca-phe-dak-lak-hom-nay/,27.5,23.4,24.9,6.3,6.3,12.0,84,0.47,0.446,12.8,93000.0,92000.0,90400.0,89800.0,89200.0,86000.0,90571.42857142857,1392.4969009115382,89907.14285714286,88523.33333333333,2165.5107438198675,11.057142857142855,6.426666666666667,25.357142857142858,25.993333333333336,88.28571428571429,83.93333333333334,5,4,7,3,-0.4999999999999997,-0.8660254037844388,92800.0,1.0
2026-07-05,Đắk Lắk,Cà phê,92800.0,VND/kg,Chợ Giá,https://chogia.vn/gia-ca-phe-dak-lak-hom-nay/,28.5,22.6,25.3,0.5,0.5,4.0,82,0.451,0.442,16.03,92800.0,93000.0,92000.0,89800.0,89200.0,85800.0,91000.0,1566.3120165962548,90164.28571428571,88750.0,2246.6450082497804,10.799999999999999,6.546666666666667,25.21428571428571,25.970000000000002,88.14285714285714,83.9,6,5,7,3,-0.4999999999999997,-0.8660254037844388,92800.0,1.0
2026-07-06,Đắk Lắk,Cà phê,92800.0,VND/kg,Chợ Giá,https://chogia.vn/gia-ca-phe-dak-lak-hom-nay/,29.7,23.0,25.5,8.3,8.3,11.0,87,0.44,0.433,18.96,92800.0,92800.0,93000.0,89800.0,89300.0,85200.0,91428.57142857143,1593.4389285592297,90421.42857142857,88983.33333333333,2292.7296385297236,8.571428571428571,6.5233333333333325,25.12857142857143,25.926666666666666,87.42857142857143,83.96666666666667,0,6,7,3,-0.4999999999999997,-0.8660254037844388,96700.0,1.0
2026-07-07,Đắk Lắk,Cà phê,96700.0,VND/kg,Chợ Giá,https://chogia.vn/gia-ca-phe-dak-lak-hom-nay/,25.5,22.7,23.9,12.6,12.6,18.0,95,0.485,0.439,7.05,92800.0,92800.0,92800.0,89200.0,88500.0,85200.0,91857.14285714286,1481.9549507966558,90671.42857142857,89236.66666666667,2280.121493030357,9.028571428571428,6.703333333333333,25.071428571428573,25.87333333333333,87.42857142857143,84.23333333333333,1,7,7,3,-0.4999999999999997,-0.8660254037844388,94700.0,1.0
2026-07-08,Đắk Lắk,Cà phê,94700.0,VND/kg,Chợ Giá,https://chogia.vn/gia-ca-phe-dak-lak-hom-nay/,29.9,22.2,25.6,3.3,3.3,9.0,78,0.452,0.45,23.16,96700.0,92800.0,92800.0,90400.0,88700.0,85100.0,92928.57142857143,1894.478191758234,91257.14285714286,89620.0,2530.966831754018,9.385714285714286,6.676666666666667,24.857142857142858,25.780000000000005,88.42857142857143,84.66666666666667,2,8,7,3,-0.4999999999999997,-0.8660254037844388,92200.0,1.0
2026-07-09,Đắk Lắk,Cà phê,92200.0,VND/kg,Chợ Giá,https://chogia.vn/gia-ca-phe-dak-lak-hom-nay/,29.4,21.8,25.6,12.4,12.4,13.0,81,0.462,0.447,22.08,94700.0,96700.0,92800.0,92000.0,89400.0,85500.0,93542.85714285714,1614.3699935858042,91685.71428571429,89940.0,2546.6137082999508,8.6,6.706666666666667,24.87142857142857,25.743333333333332,86.85714285714286,84.6,3,9,7,3,-0.4999999999999997,-0.8660254037844388,98200.0,1.0
2026-07-10,Đắk Lắk,Cà phê,98200.0,VND/kg,Chợ Giá,https://chogia.vn/gia-ca-phe-dak-lak-hom-nay/,30.0,23.1,26.4,2.1,2.1,10.0,74,0.434,0.438,23.67,92200.0,94700.0,96700.0,93000.0,90400.0,84800.0,93571.42857142857,1583.9973544950653,91885.71428571429,90163.33333333333,2435.156772312233,6.914285714285714,6.806666666666667,25.04285714285714,25.73,85.28571428571429,84.46666666666667,4,10,7,3,-0.4999999999999997,-0.8660254037844388,95200.0,1.0
2026-07-11,Đắk Lắk,Cà phê,95200.0,VND/kg,Chợ Giá,https://chogia.vn/gia-ca-phe-dak-lak-hom-nay/,29.5,23.1,25.5,13.9,13.9,14.0,80,0.432,0.428,20.65,98200.0,92200.0,94700.0,92800.0,89800.0,85300.0,94314.28571428571,2319.7906309467016,92442.85714285714,90610.0,2637.9655170143487,6.500000000000001,6.720000000000001,25.314285714285713,25.756666666666664,83.0,84.0,5,11,7,3,-0.4999999999999997,-0.8660254037844388,95200.0,1.0
2026-07-12,Đắk Lắk,Cà phê,95200.0,VND/kg,Chợ Giá,https://chogia.vn/gia-ca-phe-dak-lak-hom-nay/,29.6,22.4,25.5,5.0,5.0,14.0,83,0.483,0.442,20.84,95200.0,98200.0,92200.0,92800.0,89800.0,87500.0,94657.14285714286,2234.4702152538453,92828.57142857143,90940.0,2569.1270488426417,7.585714285714286,7.1,25.400000000000002,25.75,82.42857142857143,83.8,6,12,7,3,-0.4999999999999997,-0.8660254037844388,95200.0,1.0
2026-07-13,Đắk Lắk,Cà phê,95200.0,VND/kg,Chợ Giá,https://chogia.vn/gia-ca-phe-dak-lak-hom-nay/,29.8,23.0,25.2,5.2,5.2,15.0,84,0.47,0.455,21.67,95200.0,95200.0,98200.0,92800.0,89800.0,89500.0,95000.0,2080.865204668318,93214.28571428571,91196.66666666667,2598.073999280761,8.22857142857143,7.1433333333333335,25.428571428571427,25.736666666666665,82.57142857142857,83.73333333333333,0,13,7,3,-0.4999999999999997,-0.8660254037844388,96000.0,1.0
2026-07-14,Đắk Lắk,Cà phê,96000.0,VND/kg,Chợ Giá,https://chogia.vn/gia-ca-phe-dak-lak-hom-nay/,29.3,22.6,25.7,3.8,3.8,13.0,81,0.448,0.446,20.8,95200.0,95200.0,95200.0,96700.0,89200.0,89500.0,95342.85714285714,1841.970994032305,93600.0,91386.66666666667,2676.9428437113597,7.785714285714286,7.086666666666667,25.385714285714283,25.71333333333333,82.14285714285714,83.73333333333333,1,14,7,3,-0.4999999999999997,-0.8660254037844388,97200.0,1.0
2026-07-15,Đắk Lắk,Cà phê,97200.0,VND/kg,Chợ Giá,https://chogia.vn/gia-ca-phe-dak-lak-hom-nay/,30.5,22.8,25.6,12.9,12.9,15.0,81,0.433,0.429,21.06,96000.0,95200.0,95200.0,94700.0,90400.0,89500.0,95242.85714285714,1773.750398503048,94085.71428571429,91603.33333333333,2780.0376248162793,6.528571428571429,6.9799999999999995,25.642857142857142,25.71,80.14285714285714,83.6,2,15,7,3,-0.4999999999999997,-0.8660254037844388,98400.0,1.0
2026-07-16,Đắk Lắk,Cà phê,98400.0,VND/kg,Chợ Giá,https://chogia.vn/gia-ca-phe-dak-lak-hom-nay/,28.8,22.4,25.0,4.4,4.4,15.0,84,0.471,0.443,16.74,97200.0,96000.0,95200.0,92200.0,92000.0,89300.0,95600.0,1893.8496948453437,94571.42857142857,91860.0,2930.528962489876,7.8999999999999995,7.3566666666666665,25.642857142857142,25.68,80.57142857142857,83.7,3,16,7,3,-0.4999999999999997,-0.8660254037844388,96200.0,1.0
2026-07-17,Đắk Lắk,Cà phê,96200.0,VND/kg,Chợ Giá,https://chogia.vn/gia-ca-phe-dak-lak-hom-nay/,28.2,22.2,24.7,4.9,4.9,12.0,85,0.473,0.444,17.5,98400.0,97200.0,96000.0,98200.0,93000.0,89300.0,96485.71428571429,1432.2808982275217,95028.57142857143,92163.33333333333,3121.171678019382,6.757142857142857,7.0600000000000005,25.557142857142857,25.636666666666663,81.0,83.76666666666667,4,17,7,3,-0.4999999999999997,-0.8660254037844388,97700.0,1.0
2026-07-18,Đắk Lắk,Cà phê,97700.0,VND/kg,Chợ Giá,https://chogia.vn/gia-ca-phe-dak-lak-hom-nay/,30.1,22.2,25.4,2.1,2.1,11.0,83,0.466,0.453,24.18,96200.0,98400.0,97200.0,95200.0,92800.0,89600.0,96200.0,1216.552506059215,95257.14285714286,92393.33333333333,3156.9226977442013,7.1571428571428575,6.993333333333334,25.314285714285713,25.59,82.57142857142857,83.86666666666666,5,18,7,3,-0.4999999999999997,-0.8660254037844388,97700.0,1.0
2026-07-19,Đắk Lắk,Cà phê,97700.0,VND/kg,Chợ Giá,https://chogia.vn/gia-ca-phe-dak-lak-hom-nay/,31.2,22.1,26.1,0.1,0.1,1.0,77,0.423,0.443,25.57,97700.0,96200.0,98400.0,95200.0,92800.0,89900.0,96557.14285714286,1240.7754871541658,95607.14285714286,92663.33333333333,3254.650077416808,5.471428571428572,6.843333333333334,25.3,25.589999999999996,83.0,83.76666666666667,6,19,7,3,-0.4999999999999997,-0.8660254037844388,98000.0,1.0
2026-07-20,Đắk Lắk,Cà phê,98000.0,VND/kg,Chợ Giá,https://chogia.vn/gia-ca-phe-dak-lak-hom-nay/,31.1,22.8,26.4,0.4,0.4,4.0,75,0.389,0.431,25.3,97700.0,97700.0,96200.0,95200.0,92800.0,89200.0,96914.28571428571,1140.8017230997289,95957.14285714286,92923.33333333333,3336.804514473195,4.771428571428571,6.81,25.385714285714283,25.586666666666666,82.14285714285714,83.63333333333334,0,20,7,3,-0.4999999999999997,-0.8660254037844388,98500.0,1.0
2026-07-21,Đắk Lắk,Cà phê,98500.0,VND/kg,Chợ Giá,https://chogia.vn/gia-ca-phe-dak-lak-hom-nay/,30.9,22.5,26.3,0.9,0.9,7.0,75,0.358,0.418,25.38,98000.0,97700.0,97700.0,96000.0,96700.0,89200.0,97314.28571428571,906.3269671742055,96328.57142857143,93216.66666666667,3384.659442281108,4.085714285714286,6.55,25.557142857142857,25.596666666666668,80.85714285714286,83.36666666666666,1,21,7,3,-0.4999999999999997,-0.8660254037844388,96600.0,1.0
2026-07-22,Đắk Lắk,Cà phê,96600.0,VND/kg,Chợ Giá,https://chogia.vn/gia-ca-phe-dak-lak-hom-nay/,30.6,22.7,25.7,5.8,5.8,10.0,80,0.34,0.405,23.85,98500.0,98000.0,97700.0,97200.0,94700.0,89300.0,97671.42857142857,786.7957924684973,96457.14285714286,93526.66666666667,3429.6811285702815,3.6714285714285717,6.426666666666667,25.642857142857142,25.613333333333337,80.0,83.0,2,22,7,3,-0.4999999999999997,-0.8660254037844388,96400.0,1.0
2026-07-23,Đắk Lắk,Cà phê,96400.0,VND/kg,Chợ Giá,https://chogia.vn/gia-ca-phe-dak-lak-hom-nay/,28.4,22.2,24.9,10.7,10.7,14.0,88,0.346,0.388,23.03,96600.0,98500.0,98000.0,98400.0,92200.0,88500.0,97585.71428571429,874.5066636455341,96592.85714285714,93770.0,3378.037585792613,2.6571428571428575,6.546666666666667,25.657142857142855,25.59333333333333,79.85714285714286,82.93333333333334,3,23,7,3,-0.4999999999999997,-0.8660254037844388,94600.0,1.0
2026-07-24,Đắk Lắk,Cà phê,94600.0,VND/kg,Chợ Giá,https://chogia.vn/gia-ca-phe-dak-lak-hom-nay/,29.9,21.8,25.4,1.3,1.3,6.0,82,0.382,0.383,21.42,96400.0,96600.0,98500.0,96200.0,98200.0,88700.0,97300.0,890.6926143917227,96892.85714285714,94033.33333333333,3258.8694182263152,3.557142857142857,6.7,25.642857142857142,25.56,80.42857142857143,83.03333333333333,4,24,7,3,-0.4999999999999997,-0.8660254037844388,95800.0,1.0
2026-07-25,Đắk Lắk,Cà phê,95800.0,VND/kg,Chợ Giá,https://chogia.vn/gia-ca-phe-dak-lak-hom-nay/,29.5,22.6,25.2,4.1,4.1,10.0,83,0.411,0.378,21.97,94600.0,96400.0,96600.0,97700.0,95200.0,89400.0,97071.42857142857,1321.2548148305796,96635.71428571429,94230.0,3100.072301714176,3.042857142857143,6.656666666666666,25.742857142857144,25.52,80.0,83.1,5,25,7,3,-0.4999999999999997,-0.8660254037844388,95800.0,1.0
2026-07-26,Đắk Lắk,Cà phê,95800.0,VND/kg,Chợ Giá,https://chogia.vn/gia-ca-phe-dak-lak-hom-nay/,29.6,22.6,24.9,21.3,21.3,15.0,86,0.464,0.39,22.98,95800.0,94600.0,96400.0,97700.0,95200.0,90400.0,96800.0,1365.0396819624425,96678.57142857143,94443.33333333333,2973.872818434467,3.3285714285714287,6.676666666666667,25.714285714285715,25.466666666666665,80.0,83.3,6,26,7,3,-0.4999999999999997,-0.8660254037844388,96000.0,1.0
2026-07-27,Đắk Lắk,Cà phê,96000.0,VND/kg,Chợ Giá,https://chogia.vn/gia-ca-phe-dak-lak-hom-nay/,28.9,22.5,24.5,13.8,13.8,14.0,89,0.47,0.394,21.86,95800.0,95800.0,94600.0,98000.0,95200.0,89800.0,96528.57142857143,1345.0084085411906,96721.42857142857,94623.33333333333,2882.7289912121773,6.357142857142857,7.323333333333333,25.542857142857144,25.406666666666663,81.28571428571429,83.53333333333333,0,27,7,3,-0.4999999999999997,-0.8660254037844388,96500.0,1.0
2026-07-28,Đắk Lắk,Cà phê,96500.0,VND/kg,Chợ Giá,https://chogia.vn/gia-ca-phe-dak-lak-hom-nay/,27.9,22.1,24.4,32.6,32.6,21.0,89,0.489,0.422,16.49,96000.0,95800.0,95800.0,98500.0,96000.0,89800.0,96242.85714285714,1183.0147123019224,96778.57142857143,94830.0,2743.914897643678,8.271428571428572,7.513333333333334,25.271428571428572,25.36,83.28571428571429,83.66666666666667,1,28,7,3,-0.4999999999999997,-0.8660254037844388,98300.0,1.0
2026-07-29,Đắk Lắk,Cà phê,98300.0,VND/kg,Chợ Giá,https://chogia.vn/gia-ca-phe-dak-lak-hom-nay/,28.4,22.2,24.5,18.6,18.6,19.0,90,0.479,0.42,19.35,96500.0,96000.0,95800.0,96600.0,97200.0,89800.0,95957.14285714286,682.7814263654037,96814.28571428571,95053.33333333333,2588.66672290827,12.799999999999999,8.063333333333334,25.0,25.31,85.28571428571429,83.73333333333333,2,29,7,3,-0.4999999999999997,-0.8660254037844388,96500.0,1.0
2026-07-30,Đắk Lắk,Cà phê,96500.0,VND/kg,Chợ Giá,https://chogia.vn/gia-ca-phe-dak-lak-hom-nay/,29.6,23.0,25.1,13.0,13.0,16.0,89,0.472,0.428,21.98,98300.0,96500.0,96000.0,96400.0,98400.0,89200.0,96200.0,1115.0485789114002,96892.85714285714,95336.66666666667,2455.6034911485735,14.62857142857143,8.513333333333334,24.82857142857143,25.263333333333335,86.71428571428571,83.83333333333333,3,30,7,3,-0.4999999999999997,-0.8660254037844388,96500.0,1.0
2026-07-31,Đắk Lắk,Cà phê,96500.0,VND/kg,Chợ Giá,https://chogia.vn/gia-ca-phe-dak-lak-hom-nay/,29.5,23.1,25.1,4.2,4.2,12.0,89,0.461,0.429,19.57,96500.0,98300.0,96500.0,94600.0,96200.0,90400.0,96214.28571428571,1118.6726828825153,96757.14285714286,95580.0,2171.8258646127583,14.957142857142857,8.610000000000001,24.857142857142858,25.25333333333333,86.85714285714286,83.86666666666666,4,31,7,3,-0.4999999999999997,-0.8660254037844388,96700.0,1.0
2026-08-01,Đắk Lắk,Cà phê,96700.0,VND/kg,Chợ Giá,https://chogia.vn/gia-ca-phe-dak-lak-hom-nay/,29.0,23.1,25.1,9.7,9.7,12.0,89,0.47,0.432,18.67,96500.0,96500.0,98300.0,95800.0,97700.0,92000.0,96485.71428571429,862.9958891911257,96778.57142857143,95783.33333333333,1943.7048401805484,15.371428571428572,8.456666666666667,24.814285714285713,25.24,87.85714285714286,83.86666666666666,5,1,8,3,-0.8660254037844385,-0.5000000000000004,96700.0,1.0
2026-08-02,Đắk Lắk,Cà phê,96700.0,VND/kg,Chợ Giá,https://chogia.vn/gia-ca-phe-dak-lak-hom-nay/,30.2,22.9,25.8,6.6,6.6,17.0,85,0.471,0.439,22.82,96700.0,96500.0,96500.0,95800.0,97700.0,93000.0,96614.28571428571,809.1735937119604,96707.14285714286,95940.0,1813.2843130613155,16.17142857142857,7.973333333333333,24.8,25.263333333333332,88.71428571428571,83.76666666666667,6,2,8,3,-0.8660254037844385,-0.5000000000000004,96500.0,1.0
2026-08-03,Đắk Lắk,Cà phê,96500.0,VND/kg,Chợ Giá,https://chogia.vn/gia-ca-phe-dak-lak-hom-nay/,30.6,22.7,26.4,2.9,2.9,10.0,81,0.46,0.454,24.24,96700.0,96700.0,96500.0,96000.0,98000.0,92800.0,96742.85714285714,725.3898787474557,96635.71428571429,96063.33333333333,1730.3544251903766,14.071428571428571,8.026666666666666,24.928571428571427,25.306666666666665,88.57142857142857,83.6,0,3,8,3,-0.8660254037844385,-0.5000000000000004,96500.0,1.0
2026-08-04,Đắk Lắk,Cà phê,96500.0,VND/kg,Chợ Giá,https://chogia.vn/gia-ca-phe-dak-lak-hom-nay/,29.0,22.1,25.4,12.2,12.2,13.0,86,0.442,0.444,19.03,96500.0,96700.0,96700.0,96500.0,98500.0,92800.0,96814.28571428571,661.8876325283479,96528.57142857143,96186.66666666667,1617.9453409899702,12.514285714285714,7.913333333333333,25.2,25.35666666666667,87.42857142857143,83.5,1,4,8,3,-0.8660254037844385,-0.5000000000000004,98300.0,1.0
2026-08-05,Đắk Lắk,Cà phê,98300.0,VND/kg,Chợ Giá,https://chogia.vn/gia-ca-phe-dak-lak-hom-nay/,26.9,22.9,24.7,6.5,6.5,18.0,89,0.469,0.441,11.82,96500.0,96500.0,96700.0,98300.0,96600.0,92800.0,96814.28571428571,661.8876325283479,96385.71428571429,96310.0,1486.5720809024244,9.6,8.303333333333333,25.342857142857138,25.360000000000003,87.0,83.63333333333334,2,5,8,3,-0.8660254037844385,-0.5000000000000004,98800.0,1.0
2026-08-06,Đắk Lắk,Cà phê,98800.0,VND/kg,Chợ Giá,https://chogia.vn/gia-ca-phe-dak-lak-hom-nay/,29.6,23.3,25.3,13.8,13.8,13.0,88,0.469,0.438,17.1,98300.0,96500.0,96500.0,96500.0,96400.0,96700.0,96814.28571428571,661.8876325283479,96507.14285714286,96493.33333333333,1373.6267960065259,7.871428571428571,8.243333333333332,25.37142857142857,25.333333333333332,86.85714285714286,83.7,3,6,8,3,-0.8660254037844385,-0.5000000000000004,98800.0,1.0
2026-08-07,Đắk Lắk,Cà phê,98800.0,VND/kg,Chợ Giá,https://chogia.vn/gia-ca-phe-dak-lak-hom-nay/,28.8,23.1,25.6,0.8,0.8,6.0,82,0.465,0.446,20.7,98800.0,98300.0,96500.0,96500.0,94600.0,94700.0,97142.85714285714,976.1440174767962,96678.57142857143,96563.33333333333,1436.5867913878176,7.985714285714286,8.283333333333333,25.4,25.38,86.71428571428571,83.46666666666667,4,7,8,3,-0.8660254037844385,-0.5000000000000004,98800.0,1.0
2026-08-08,Đắk Lắk,Cà phê,98800.0,VND/kg,Chợ Giá,https://chogia.vn/gia-ca-phe-dak-lak-hom-nay/,29.6,23.2,25.7,2.9,2.9,7.0,82,0.458,0.463,20.3,98800.0,98800.0,98300.0,96700.0,95800.0,92200.0,97471.42857142857,1102.59434322544,96978.57142857143,96700.0,1448.1855472642142,7.499999999999999,8.2,25.47142857142857,25.380000000000003,85.71428571428571,83.6,5,8,8,3,-0.8660254037844385,-0.5000000000000004,98800.0,1.0
2026-08-09,Đắk Lắk,Cà phê,98800.0,VND/kg,Chợ Giá,https://chogia.vn/gia-ca-phe-dak-lak-hom-nay/,26.6,22.5,24.5,10.2,10.2,19.0,89,0.468,0.453,8.94,98800.0,98800.0,98800.0,96700.0,95800.0,98200.0,97771.42857142857,1142.6785574747653,97192.85714285714,96920.0,1225.1389787432652,6.528571428571429,7.883333333333334,25.557142857142857,25.383333333333333,84.71428571428571,83.63333333333334,6,9,8,3,-0.8660254037844385,-0.5000000000000004,98800.0,1.0
2026-08-10,Đắk Lắk,Cà phê,98800.0,VND/kg,Chợ Giá,https://chogia.vn/gia-ca-phe-dak-lak-hom-nay/,28.5,22.2,24.5,26.3,26.3,19.0,88,0.501,0.474,20.62,98800.0,98800.0,98800.0,96500.0,96000.0,95200.0,98071.42857142857,1088.9050857225716,97407.14285714286,96940.0,1251.3716612092028,7.042857142857143,8.153333333333332,25.37142857142857,25.32,85.28571428571429,84.13333333333334,0,10,8,3,-0.8660254037844385,-0.5000000000000004,98800.0,1.0
2026-08-11,Đắk Lắk,Cà phê,98800.0,VND/kg,Chợ Giá,https://chogia.vn/gia-ca-phe-dak-lak-hom-nay/,28.7,22.4,24.8,16.6,16.6,22.0,87,0.502,0.493,18.87,98800.0,98800.0,98800.0,96500.0,96500.0,95200.0,98400.0,858.2928793044488,97607.14285714286,97060.0,1251.3716612092262,10.385714285714286,8.566666666666666,25.099999999999998,25.28666666666667,86.28571428571429,84.4,1,11,8,3,-0.8660254037844385,-0.5000000000000004,98800.0,1.0
2026-08-12,Đắk Lắk,Cà phê,98800.0,VND/kg,Chợ Giá,https://chogia.vn/gia-ca-phe-dak-lak-hom-nay/,29.4,22.9,25.7,3.2,3.2,11.0,84,0.483,0.484,23.22,98800.0,98800.0,98800.0,98300.0,98300.0,95200.0,98728.57142857143,188.98223649908022,97771.42857142857,97180.0,1239.4103158475484,11.014285714285714,8.953333333333331,25.014285714285716,25.263333333333335,86.42857142857143,84.53333333333333,2,12,8,3,-0.8660254037844385,-0.5000000000000004,98800.0,1.0
2026-08-13,Đắk Lắk,Cà phê,98800.0,VND/kg,Chợ Giá,https://chogia.vn/gia-ca-phe-dak-lak-hom-nay/,29.7,23.0,26.1,3.6,3.6,14.0,81,0.473,0.471,24.39,98800.0,98800.0,98800.0,98800.0,96500.0,96000.0,98800.0,0.0,97807.14285714286,97300.0,1215.1344469369742,10.542857142857143,8.886666666666667,25.157142857142855,25.279999999999998,85.71428571428571,84.53333333333333,3,13,8,3,-0.8660254037844385,-0.5000000000000004,98800.0,1.0
2026-08-14,Đắk Lắk,Cà phê,98800.0,VND/kg,Chợ Giá,https://chogia.vn/gia-ca-phe-dak-lak-hom-nay/,30.0,23.2,25.9,10.6,10.6,16.0,83,0.471,0.46,24.27,98800.0,98800.0,98800.0,98800.0,96500.0,97200.0,98800.0,0.0,97971.42857142857,97393.33333333333,1219.3648242866384,9.085714285714285,8.879999999999999,25.271428571428572,25.293333333333333,84.71428571428571,84.53333333333333,4,14,8,3,-0.8660254037844385,-0.5000000000000004,94700.0,1.0
2026-08-15,Đắk Lắk,Cà phê,94700.0,VND/kg,Chợ Giá,https://chogia.vn/gia-ca-phe-dak-lak-hom-nay/,29.9,23.1,25.3,31.2,31.2,16.0,87,0.489,0.468,20.92,98800.0,98800.0,98800.0,98800.0,96700.0,98400.0,98800.0,0.0,98135.71428571429,97446.66666666667,1245.331511970853,10.485714285714286,8.803333333333335,25.314285714285713,25.303333333333335,84.85714285714286,84.6,5,15,8,3,-0.8660254037844385,-0.5000000000000004,94700.0,1.0
2026-08-16,Đắk Lắk,Cà phê,94700.0,VND/kg,Chợ Giá,https://chogia.vn/gia-ca-phe-dak-lak-hom-nay/,30.0,23.1,26.1,1.8,1.8,9.0,81,0.466,0.466,23.72,94700.0,98800.0,98800.0,98800.0,96700.0,96200.0,98214.28571428571,1549.6543393378306,97992.85714285714,97323.33333333333,1328.1263269074939,14.528571428571427,9.696666666666665,25.25714285714286,25.313333333333336,85.57142857142857,84.7,6,16,8,3,-0.8660254037844385,-0.5000000000000004,95000.0,1.0
2026-08-17,Đắk Lắk,Cà phê,95000.0,VND/kg,Chợ Giá,https://chogia.vn/gia-ca-phe-dak-lak-hom-nay/,28.5,23.8,25.2,6.7,6.7,10.0,86,0.451,0.451,17.97,94700.0,94700.0,98800.0,98800.0,96500.0,97700.0,97628.57142857143,2000.5951495444897,97850.0,97273.33333333333,1398.2583583789124,13.328571428571431,9.593333333333334,25.485714285714288,25.36,84.42857142857143,84.56666666666666,0,17,8,3,-0.8660254037844385,-0.5000000000000004,96800.0,1.0
2026-08-18,Đắk Lắk,Cà phê,96800.0,VND/kg,Chợ Giá,https://chogia.vn/gia-ca-phe-dak-lak-hom-nay/,29.4,22.8,25.1,13.1,13.1,12.0,86,0.491,0.467,18.46,95000.0,94700.0,94700.0,98800.0,96500.0,97700.0,97085.71428571429,2140.4271936761943,97742.85714285714,97183.33333333333,1455.5679856723896,10.528571428571427,9.746666666666666,25.585714285714285,25.353333333333335,84.14285714285714,84.66666666666667,1,18,8,3,-0.8660254037844385,-0.5000000000000004,98300.0,1.0
2026-08-19,Đắk Lắk,Cà phê,98300.0,VND/kg,Chợ Giá,https://chogia.vn/gia-ca-phe-dak-lak-hom-nay/,28.2,22.3,24.3,20.0,20.0,18.0,89,0.509,0.507,15.2,96800.0,95000.0,94700.0,98800.0,98300.0,98000.0,96800.0,2002.4984394500711,97764.28571428571,97153.33333333333,1453.8257101169734,10.028571428571428,10.18,25.628571428571426,25.32,84.0,84.96666666666667,2,19,8,3,-0.8660254037844385,-0.5000000000000004,97700.0,1.0
2026-08-20,Đắk Lắk,Cà phê,97700.0,VND/kg,Chợ Giá,https://chogia.vn/gia-ca-phe-dak-lak-hom-nay/,28.8,21.8,24.8,5.4,5.4,13.0,84,0.498,0.496,19.84,98300.0,96800.0,95000.0,98800.0,98800.0,98500.0,96728.57142857143,1926.7539937368545,97764.28571428571,97163.33333333333,1460.864961855283,12.428571428571429,10.833333333333334,25.428571428571427,25.25,84.71428571428571,85.43333333333334,3,20,8,3,-0.8660254037844385,-0.5000000000000004,97900.0,1.0
2026-08-21,Đắk Lắk,Cà phê,97900.0,VND/kg,Chợ Giá,https://chogia.vn/gia-ca-phe-dak-lak-hom-nay/,29.8,23.1,26.0,1.4,1.4,11.0,76,0.467,0.481,24.88,97700.0,98300.0,96800.0,98800.0,98800.0,96600.0,96571.42857142857,1767.9689719319877,97685.71428571429,97136.66666666667,1442.8141403774,12.685714285714287,10.983333333333333,25.242857142857144,25.2,85.14285714285714,85.73333333333333,4,21,8,3,-0.8660254037844385,-0.5000000000000004,96200.0,1.0
2026-08-22,Đắk Lắk,Cà phê,96200.0,VND/kg,Chợ Giá,https://chogia.vn/gia-ca-phe-dak-lak-hom-nay/,30.0,23.4,26.4,0.7,0.7,6.0,74,0.432,0.465,23.39,97900.0,97700.0,98300.0,94700.0,98800.0,96400.0,96442.85714285714,1604.0128250288722,97621.42857142857,97180.0,1445.6593770586471,11.37142857142857,10.836666666666666,25.25714285714286,25.21,84.14285714285714,85.6,5,22,8,3,-0.8660254037844385,-0.5000000000000004,96200.0,1.0
2026-08-23,Đắk Lắk,Cà phê,96200.0,VND/kg,Chợ Giá,https://chogia.vn/gia-ca-phe-dak-lak-hom-nay/,29.7,23.1,26.3,2.0,2.0,11.0,76,0.424,0.45,23.31,96200.0,97900.0,97700.0,94700.0,98800.0,94600.0,96657.14285714286,1422.2718245318304,97435.71428571429,97173.33333333333,1449.8355039453893,7.014285714285714,10.503333333333334,25.41428571428571,25.26,82.28571428571429,85.13333333333334,6,23,8,3,-0.8660254037844385,-0.5000000000000004,96500.0,1.0
2026-08-24,Đắk Lắk,Cà phê,96500.0,VND/kg,Chợ Giá,https://chogia.vn/gia-ca-phe-dak-lak-hom-nay/,30.2,23.1,26.3,4.3,4.3,14.0,78,0.419,0.444,23.13,96200.0,96200.0,97900.0,95000.0,98800.0,95800.0,96871.42857142857,1168.6377906409834,97250.0,97226.66666666667,1379.638466717073,7.042857142857144,10.526666666666667,25.442857142857143,25.29,81.57142857142857,84.93333333333334,0,24,8,3,-0.8660254037844385,-0.5000000000000004,97500.0,1.0
2026-08-25,Đắk Lắk,Cà phê,97500.0,VND/kg,Chợ Giá,https://chogia.vn/gia-ca-phe-dak-lak-hom-nay/,30.1,23.5,26.5,1.7,1.7,7.0,74,0.395,0.434,23.84,96500.0,96200.0,96200.0,96800.0,98800.0,95800.0,97085.71428571429,866.8497975015741,97085.71428571429,97250.0,1360.4639168167566,6.7,10.533333333333333,25.6,25.326666666666668,80.42857142857143,84.76666666666667,1,25,8,3,-0.8660254037844385,-0.5000000000000004,97000.0,1.0
2026-08-26,Đắk Lắk,Cà phê,97000.0,VND/kg,Chợ Giá,https://chogia.vn/gia-ca-phe-dak-lak-hom-nay/,30.5,23.5,26.4,9.2,9.2,15.0,77,0.395,0.425,23.75,97500.0,96500.0,96200.0,98300.0,98800.0,96000.0,97185.71428571429,868.770340632006,96992.85714285714,97306.66666666667,1333.11492463844,5.071428571428571,9.879999999999999,25.800000000000004,25.380000000000003,78.71428571428571,84.36666666666666,2,26,8,3,-0.8660254037844385,-0.5000000000000004,96200.0,1.0
2026-08-27,Đắk Lắk,Cà phê,96200.0,VND/kg,Chợ Giá,https://chogia.vn/gia-ca-phe-dak-lak-hom-nay/,30.6,23.0,25.9,9.0,9.0,17.0,84,0.461,0.426,24.33,97000.0,97500.0,96500.0,97700.0,98800.0,96500.0,97000.0,716.4728420067862,96864.28571428571,97340.0,1311.6454525131282,3.5285714285714285,9.726666666666667,26.099999999999998,25.443333333333335,77.0,83.96666666666667,3,27,8,3,-0.8660254037844385,-0.5000000000000004,95200.0,1.0
2026-08-28,Đắk Lắk,Cà phê,95200.0,VND/kg,Chợ Giá,https://chogia.vn/gia-ca-phe-dak-lak-hom-nay/,30.1,23.1,25.8,10.0,10.0,17.0,81,0.441,0.422,21.26,96200.0,97000.0,97500.0,97900.0,98800.0,98300.0,96785.71428571429,696.2484504556189,96678.57142857143,97330.0,1319.3911866626938,4.042857142857143,8.940000000000001,26.257142857142856,25.493333333333336,77.0,83.8,4,28,8,3,-0.8660254037844385,-0.5000000000000004,95100.0,1.0
2026-08-29,Đắk Lắk,Cà phê,95100.0,VND/kg,Chợ Giá,https://chogia.vn/gia-ca-phe-dak-lak-hom-nay/,28.9,22.6,24.7,19.9,19.9,18.0,88,0.469,0.421,17.71,95200.0,96200.0,97000.0,96200.0,94700.0,96500.0,96400.0,723.4178138069782,96421.42857142857,97226.66666666667,1361.5238251428589,5.271428571428571,8.653333333333334,26.228571428571428,25.536666666666665,77.71428571428571,83.5,5,29,8,3,-0.8660254037844385,-0.5000000000000004,95100.0,1.0
2026-08-30,Đắk Lắk,Cà phê,95100.0,VND/kg,Chợ Giá,https://chogia.vn/gia-ca-phe-dak-lak-hom-nay/,29.5,22.2,24.9,9.9,9.9,19.0,86,0.482,0.435,22.35,95100.0,95200.0,96200.0,96200.0,94700.0,96500.0,96242.85714285714,877.2250620700133,96450.0,97180.0,1410.4046863596207,8.014285714285714,8.883333333333333,25.985714285714284,25.523333333333333,79.71428571428571,83.46666666666667,6,30,8,3,-0.8660254037844385,-0.5000000000000004,95500.0,1.0
2026-08-31,Đắk Lắk,Cà phê,95500.0,VND/kg,Chợ Giá,https://chogia.vn/gia-ca-phe-dak-lak-hom-nay/,28.3,22.6,24.4,24.6,24.6,16.0,89,0.485,0.446,17.19,95100.0,95100.0,95200.0,96500.0,95000.0,96700.0,96085.71428571429,978.8233947424648,96478.57142857143,97133.33333333333,1456.1009185672126,9.142857142857142,9.073333333333332,25.785714285714285,25.516666666666666,81.14285714285714,83.36666666666666,0,31,8,3,-0.8660254037844385,-0.5000000000000004,95500.0,1.0
2026-09-01,Đắk Lắk,Cà phê,95500.0,VND/kg,Chợ Giá,https://chogia.vn/gia-ca-phe-dak-lak-hom-nay/,27.7,21.6,24.1,14.5,14.5,14.0,87,0.493,0.47,16.02,95500.0,95100.0,95100.0,97500.0,96800.0,96700.0,95942.85714285714,981.2528434899257,96514.28571428571,97093.33333333333,1484.6184540203506,12.042857142857143,9.57,25.514285714285712,25.493333333333332,82.71428571428571,83.36666666666666,1,1,9,3,-1.0,-1.8369701987210297e-16,94800.0,1.0
2026-09-02,Đắk Lắk,Cà phê,94800.0,VND/kg,Chợ Giá,https://chogia.vn/gia-ca-phe-dak-lak-hom-nay/,27.7,21.9,24.2,18.6,18.6,19.0,91,0.502,0.484,17.15,95500.0,95500.0,95100.0,97000.0,98300.0,96500.0,95657.14285714286,704.4078904941284,96421.42857142857,97053.33333333333,1511.5037803974176,13.87142857142857,9.833333333333334,25.17142857142857,25.436666666666667,84.57142857142857,83.43333333333334,2,2,9,3,-1.0,-1.8369701987210297e-16,94200.0,1.0
2026-09-03,Đắk Lắk,Cà phê,94200.0,VND/kg,Chợ Giá,https://chogia.vn/gia-ca-phe-dak-lak-hom-nay/,28.8,22.0,24.5,10.5,10.5,19.0,89,0.498,0.493,18.92,94800.0,95500.0,95500.0,96200.0,97700.0,96500.0,95342.85714285714,450.3966505837303,96171.42857142857,96996.66666666667,1563.9215372605422,15.214285714285714,10.356666666666667,24.857142857142858,25.363333333333333,86.57142857142857,83.76666666666667,3,3,9,3,-1.0,-1.8369701987210297e-16,93700.0,1.0
2026-09-04,Đắk Lắk,Cà phê,93700.0,VND/kg,Chợ Giá,https://chogia.vn/gia-ca-phe-dak-lak-hom-nay/,27.7,22.0,24.0,23.2,23.2,23.0,93,0.509,0.506,18.66,94200.0,94800.0,95500.0,95200.0,97900.0,98300.0,95057.14285714286,450.3966505837204,95921.42857142857,96920.0,1643.461443793578,15.428571428571429,10.3,24.657142857142855,25.333333333333332,87.28571428571429,83.86666666666666,4,4,9,3,-1.0,-1.8369701987210297e-16,94700.0,1.0
2026-09-05,Đắk Lắk,Cà phê,94700.0,VND/kg,Chợ Giá,https://chogia.vn/gia-ca-phe-dak-lak-hom-nay/,28.5,22.7,24.7,17.4,17.4,15.0,89,0.504,0.504,19.9,93700.0,94200.0,94800.0,95100.0,96200.0,98800.0,94842.85714285714,672.946612189278,95621.42857142857,96766.66666666667,1722.9352126882322,17.314285714285713,10.856666666666666,24.4,25.310000000000002,89.0,84.0,5,5,9,3,-1.0,-1.8369701987210297e-16,94700.0,1.0
2026-09-06,Đắk Lắk,Cà phê,94700.0,VND/kg,Chợ Giá,https://chogia.vn/gia-ca-phe-dak-lak-hom-nay/,29.8,22.3,25.2,8.8,8.8,17.0,86,0.495,0.498,20.34,94700.0,93700.0,94200.0,95100.0,96200.0,98800.0,94785.71428571429,664.400911670396,95514.28571428571,96630.0,1718.6903594652144,16.95714285714286,10.976666666666665,24.400000000000002,25.29,89.14285714285714,84.03333333333333,6,6,9,3,-1.0,-1.8369701987210297e-16,94700.0,1.0
2026-09-07,Đắk Lắk,Cà phê,94700.0,VND/kg,Chợ Giá,https://chogia.vn/gia-ca-phe-dak-lak-hom-nay/,29.3,22.8,24.9,6.7,6.7,16.0,89,0.495,0.487,18.83,94700.0,94700.0,93700.0,95500.0,96500.0,98800.0,94728.57142857143,649.9084184566565,95407.14285714286,96493.33333333333,1703.1276165206677,16.8,11.243333333333334,24.442857142857143,25.276666666666664,89.14285714285714,84.16666666666667,0,7,9,3,-1.0,-1.8369701987210297e-16,94200.0,1.0
2026-09-08,Đắk Lắk,Cà phê,94200.0,VND/kg,Chợ Giá,https://chogia.vn/gia-ca-phe-dak-lak-hom-nay/,29.7,23.0,25.7,9.4,9.4,12.0,84,0.483,0.484,21.01,94700.0,94700.0,94700.0,95500.0,97500.0,98800.0,94614.28571428571,555.0632739563227,95278.57142857143,96356.66666666667,1675.9317189047865,14.242857142857144,11.37,24.514285714285712,25.25,89.14285714285714,84.4,1,8,9,3,-1.0,-1.8369701987210297e-16,95500.0,1.0
2026-09-09,Đắk Lắk,Cà phê,95500.0,VND/kg,Chợ Giá,https://chogia.vn/gia-ca-phe-dak-lak-hom-nay/,25.8,22.1,23.2,41.9,41.9,24.0,95,0.51,0.512,9.7,94200.0,94700.0,94700.0,94800.0,97000.0,98800.0,94428.57142857143,407.08019567912004,95042.85714285714,96203.33333333333,1654.9785566534654,13.514285714285714,11.343333333333334,24.74285714285714,25.290000000000003,88.71428571428571,84.23333333333333,2,9,9,3,-1.0,-1.8369701987210297e-16,95500.0,1.0
2026-09-10,Đắk Lắk,Cà phê,95500.0,VND/kg,Chợ Giá,https://chogia.vn/gia-ca-phe-dak-lak-hom-nay/,26.9,22.2,24.0,42.6,42.6,24.0,92,0.507,0.511,15.38,95500.0,94200.0,94700.0,94200.0,96200.0,98800.0,94528.57142857143,567.7860093211372,94935.71428571429,96093.33333333333,1584.6098907116993,16.842857142857145,11.863333333333333,24.6,25.246666666666666,89.28571428571429,84.46666666666667,3,10,9,3,-1.0,-1.8369701987210297e-16,95700.0,1.0
2026-09-11,Đắk Lắk,Cà phê,95700.0,VND/kg,Chợ Giá,https://chogia.vn/gia-ca-phe-dak-lak-hom-nay/,29.6,22.1,24.5,11.8,11.8,23.0,88,0.504,0.505,20.1,95500.0,95500.0,94200.0,93700.0,95200.0,98800.0,94714.28571428571,649.1753010000067,94885.71428571429,95983.33333333333,1502.6604758698088,21.428571428571427,12.73,24.528571428571432,25.219999999999995,89.71428571428571,84.63333333333334,4,11,9,3,-1.0,-1.8369701987210297e-16,95200.0,1.0
2026-09-12,Đắk Lắk,Cà phê,95200.0,VND/kg,Chợ Giá,https://chogia.vn/gia-ca-phe-dak-lak-hom-nay/,26.5,22.3,23.7,20.0,20.0,19.0,92,0.506,0.505,12.21,95700.0,95500.0,95500.0,94700.0,95100.0,98800.0,95000.0,562.7314338710393,94921.42857142857,95880.0,1405.7517316470132,19.8,13.016666666666667,24.6,25.18,89.0,84.76666666666667,5,12,9,3,-1.0,-1.8369701987210297e-16,95200.0,1.0
